problem,solver_config,result,cpu_time_sec,wall_time_sec,user_time_sec,system_time_sec,cpu_usage_percent,max_rss_kib,max_vm_kib,max_mm_kib,exit_status,container_exit_code,timeout,memout,node_count,basin_size,bdd_iterations,bdd_basin_nodes,bdd_peak_nodes,bdd_gc_runs,active_rules,skipped_rules,retained_variables,pruned_variables,sink_scc_variables_before,sink_scc_variables_after,ternary_recursive_calls,ternary_cache_hits,ternary_cache_misses,variable_order,algorithm,experiment,source_revision,execution_uuid,import_sha256,benchmark_sha256,build_fingerprint,observed_at,scheduler_job_id,cluster,partition,allocation,cpu_limit_sec,wall_limit_sec,memory_limit_mb
BBM/model_001.bnet,cyber/full,completed,53.5078,53.7879,,,,31728,,,,,false,false,321,334118112166981013730526289588500815252232757219228406105152998809035072874894017664385024,228,136,63424,,45,276,45,276,302,45,,,,dependency,cyber-full,final-comparison-and-ablation,0f8d662,d2445532-9f87-471f-90a2-8fd5507132d8,f17ce4d8669280a7d5e535ef8777072cb75d85ea54f84a5e1ac35a687afd80ca,915bedc898c4a63fff6d74c9da29c14f21d1a6b0a7877cba4f915509a86b273c,28e3f0e88742b79f23e207717e804594dc9075191db40cb3df24f97fe388f7bf,2026-09-20T11:55:57+00:00,24473809_146,laurel,"gr10497b,gr10609b,gr10672b",p=1:t=14:c=14:m=64000M,1800.0,1800.0,64000
BBM/model_002.bnet,cyber/full,completed,306.862,307.965,,,,177852,,,,,false,false,139,26173795134370480128,75,193,66607,,123,16,123,16,130,123,,,,dependency,cyber-full,final-comparison-and-ablation,0f8d662,d2445532-9f87-471f-90a2-8fd5507132d8,f17ce4d8669280a7d5e535ef8777072cb75d85ea54f84a5e1ac35a687afd80ca,915bedc898c4a63fff6d74c9da29c14f21d1a6b0a7877cba4f915509a86b273c,28e3f0e88742b79f23e207717e804594dc9075191db40cb3df24f97fe388f7bf,2026-09-20T11:55:57+00:00,24473809_155,laurel,"gr10497b,gr10609b,gr10672b",p=1:t=14:c=14:m=64000M,1800.0,1800.0,64000
BBM/model_003.bnet,cyber/full,completed,0.058897,0.404631,,,,12596,,,,,false,false,20,337920,18,26,143,,10,10,10,10,19,10,,,,dependency,cyber-full,final-comparison-and-ablation,0f8d662,d2445532-9f87-471f-90a2-8fd5507132d8,f17ce4d8669280a7d5e535ef8777072cb75d85ea54f84a5e1ac35a687afd80ca,915bedc898c4a63fff6d74c9da29c14f21d1a6b0a7877cba4f915509a86b273c,28e3f0e88742b79f23e207717e804594dc9075191db40cb3df24f97fe388f7bf,2026-09-20T11:55:57+00:00,24473809_193,laurel,"gr10497b,gr10609b,gr10672b",p=1:t=14:c=14:m=64000M,1800.0,1800.0,64000
BBM/model_004.bnet,cyber/full,timeout,1794.23,1800.01,,,,9169020,,,,,true,false,247,,,,,,,,,,,,,,,,,final-comparison-and-ablation,0f8d662,d2445532-9f87-471f-90a2-8fd5507132d8,f17ce4d8669280a7d5e535ef8777072cb75d85ea54f84a5e1ac35a687afd80ca,915bedc898c4a63fff6d74c9da29c14f21d1a6b0a7877cba4f915509a86b273c,28e3f0e88742b79f23e207717e804594dc9075191db40cb3df24f97fe388f7bf,2026-09-20T11:55:57+00:00,24473809_207,laurel,"gr10497b,gr10609b,gr10672b",p=1:t=14:c=14:m=64000M,1800.0,1800.0,64000
BBM/model_006.bnet,cyber/full,completed,585.869,588.063,,,,51524,,,,,false,false,68,2306035137059487744,1060,87,103645,,37,31,37,31,62,37,,,,dependency,cyber-full,final-comparison-and-ablation,0f8d662,d2445532-9f87-471f-90a2-8fd5507132d8,f17ce4d8669280a7d5e535ef8777072cb75d85ea54f84a5e1ac35a687afd80ca,915bedc898c4a63fff6d74c9da29c14f21d1a6b0a7877cba4f915509a86b273c,28e3f0e88742b79f23e207717e804594dc9075191db40cb3df24f97fe388f7bf,2026-09-20T11:55:57+00:00,24473809_62,laurel,"gr10497b,gr10609b,gr10672b",p=1:t=14:c=14:m=64000M,1800.0,1800.0,64000
BBM/model_007.bnet,cyber/full,completed,0.111931,0.242518,,,,12596,,,,,false,false,5,16,9,3,27,,5,0,5,0,5,5,,,,dependency,cyber-full,final-comparison-and-ablation,0f8d662,d2445532-9f87-471f-90a2-8fd5507132d8,f17ce4d8669280a7d5e535ef8777072cb75d85ea54f84a5e1ac35a687afd80ca,915bedc898c4a63fff6d74c9da29c14f21d1a6b0a7877cba4f915509a86b273c,28e3f0e88742b79f23e207717e804594dc9075191db40cb3df24f97fe388f7bf,2026-09-20T11:55:57+00:00,24473809_84,laurel,"gr10497b,gr10609b,gr10672b",p=1:t=14:c=14:m=64000M,1800.0,1800.0,64000
BBM/model_008.bnet,cyber/full,completed,0.994711,1.14925,,,,12608,,,,,false,false,28,41824,35,27,340,,22,6,22,6,25,22,,,,dependency,cyber-full,final-comparison-and-ablation,0f8d662,d2445532-9f87-471f-90a2-8fd5507132d8,f17ce4d8669280a7d5e535ef8777072cb75d85ea54f84a5e1ac35a687afd80ca,915bedc898c4a63fff6d74c9da29c14f21d1a6b0a7877cba4f915509a86b273c,28e3f0e88742b79f23e207717e804594dc9075191db40cb3df24f97fe388f7bf,2026-09-20T11:55:57+00:00,24473809_188,laurel,"gr10497b,gr10609b,gr10672b",p=1:t=14:c=14:m=64000M,1800.0,1800.0,64000
BBM/model_009.bnet,cyber/full,completed,0.060043,0.209933,,,,12540,,,,,false,false,73,1152921504606846976,0,1,1,,0,73,0,73,60,0,,,,dependency,cyber-full,final-comparison-and-ablation,0f8d662,d2445532-9f87-471f-90a2-8fd5507132d8,f17ce4d8669280a7d5e535ef8777072cb75d85ea54f84a5e1ac35a687afd80ca,915bedc898c4a63fff6d74c9da29c14f21d1a6b0a7877cba4f915509a86b273c,28e3f0e88742b79f23e207717e804594dc9075191db40cb3df24f97fe388f7bf,2026-09-20T11:55:57+00:00,24473809_205,laurel,"gr10497b,gr10609b,gr10672b",p=1:t=14:c=14:m=64000M,1800.0,1800.0,64000
BBM/model_010.bnet,cyber/full,completed,0.18181,0.37297,,,,12604,,,,,false,false,15,368,17,14,170,,13,2,13,2,13,13,,,,dependency,cyber-full,final-comparison-and-ablation,0f8d662,d2445532-9f87-471f-90a2-8fd5507132d8,f17ce4d8669280a7d5e535ef8777072cb75d85ea54f84a5e1ac35a687afd80ca,915bedc898c4a63fff6d74c9da29c14f21d1a6b0a7877cba4f915509a86b273c,28e3f0e88742b79f23e207717e804594dc9075191db40cb3df24f97fe388f7bf,2026-09-20T11:55:57+00:00,24473809_86,laurel,"gr10497b,gr10609b,gr10672b",p=1:t=14:c=14:m=64000M,1800.0,1800.0,64000
BBM/model_011.bnet,cyber/full,completed,0.324684,0.546076,,,,12604,,,,,false,false,44,72482816,34,49,1346,,33,11,33,11,40,33,,,,dependency,cyber-full,final-comparison-and-ablation,0f8d662,d2445532-9f87-471f-90a2-8fd5507132d8,f17ce4d8669280a7d5e535ef8777072cb75d85ea54f84a5e1ac35a687afd80ca,915bedc898c4a63fff6d74c9da29c14f21d1a6b0a7877cba4f915509a86b273c,28e3f0e88742b79f23e207717e804594dc9075191db40cb3df24f97fe388f7bf,2026-09-20T11:55:57+00:00,24473809_183,laurel,"gr10497b,gr10609b,gr10672b",p=1:t=14:c=14:m=64000M,1800.0,1800.0,64000
BBM/model_012.bnet,cyber/full,completed,0.081658,0.35375,,,,12632,,,,,false,false,101,11992544130577121413085265920,30,18,253,,11,90,11,90,94,11,,,,dependency,cyber-full,final-comparison-and-ablation,0f8d662,d2445532-9f87-471f-90a2-8fd5507132d8,f17ce4d8669280a7d5e535ef8777072cb75d85ea54f84a5e1ac35a687afd80ca,915bedc898c4a63fff6d74c9da29c14f21d1a6b0a7877cba4f915509a86b273c,28e3f0e88742b79f23e207717e804594dc9075191db40cb3df24f97fe388f7bf,2026-09-20T11:55:57+00:00,24473809_6,laurel,"gr10497b,gr10609b,gr10672b",p=1:t=14:c=14:m=64000M,1800.0,1800.0,64000
BBM/model_013.bnet,cyber/full,completed,0.298749,0.42455,,,,12588,,,,,false,false,34,524288,100,15,1499,,29,5,29,5,32,29,,,,dependency,cyber-full,final-comparison-and-ablation,0f8d662,d2445532-9f87-471f-90a2-8fd5507132d8,f17ce4d8669280a7d5e535ef8777072cb75d85ea54f84a5e1ac35a687afd80ca,915bedc898c4a63fff6d74c9da29c14f21d1a6b0a7877cba4f915509a86b273c,28e3f0e88742b79f23e207717e804594dc9075191db40cb3df24f97fe388f7bf,2026-09-20T11:55:57+00:00,24473809_181,laurel,"gr10497b,gr10609b,gr10672b",p=1:t=14:c=14:m=64000M,1800.0,1800.0,64000
BBM/model_014.bnet,cyber/full,completed,0.776423,1.10414,,,,12604,,,,,false,false,61,98205696,27,250,7914,,50,11,50,11,54,50,,,,dependency,cyber-full,final-comparison-and-ablation,0f8d662,d2445532-9f87-471f-90a2-8fd5507132d8,f17ce4d8669280a7d5e535ef8777072cb75d85ea54f84a5e1ac35a687afd80ca,915bedc898c4a63fff6d74c9da29c14f21d1a6b0a7877cba4f915509a86b273c,28e3f0e88742b79f23e207717e804594dc9075191db40cb3df24f97fe388f7bf,2026-09-20T11:55:57+00:00,24473809_88,laurel,"gr10497b,gr10609b,gr10672b",p=1:t=14:c=14:m=64000M,1800.0,1800.0,64000
BBM/model_015.bnet,cyber/full,completed,0.055638,0.251653,,,,12548,,,,,false,false,16,16384,0,1,1,,0,16,0,16,14,0,,,,dependency,cyber-full,final-comparison-and-ablation,0f8d662,d2445532-9f87-471f-90a2-8fd5507132d8,f17ce4d8669280a7d5e535ef8777072cb75d85ea54f84a5e1ac35a687afd80ca,915bedc898c4a63fff6d74c9da29c14f21d1a6b0a7877cba4f915509a86b273c,28e3f0e88742b79f23e207717e804594dc9075191db40cb3df24f97fe388f7bf,2026-09-20T11:55:57+00:00,24473809_53,laurel,"gr10497b,gr10609b,gr10672b",p=1:t=14:c=14:m=64000M,1800.0,1800.0,64000
BBM/model_016.bnet,cyber/full,completed,110.62,111.39,,,,59728,,,,,false,false,118,10456665428930022996967424,122,385,148712,,63,55,63,55,104,63,,,,dependency,cyber-full,final-comparison-and-ablation,0f8d662,d2445532-9f87-471f-90a2-8fd5507132d8,f17ce4d8669280a7d5e535ef8777072cb75d85ea54f84a5e1ac35a687afd80ca,915bedc898c4a63fff6d74c9da29c14f21d1a6b0a7877cba4f915509a86b273c,28e3f0e88742b79f23e207717e804594dc9075191db40cb3df24f97fe388f7bf,2026-09-20T11:55:57+00:00,24473809_35,laurel,"gr10497b,gr10609b,gr10672b",p=1:t=14:c=14:m=64000M,1800.0,1800.0,64000
BBM/model_017.bnet,cyber/full,completed,0.083917,0.396038,,,,12636,,,,,false,false,50,4096,18,31,249,,37,13,37,13,41,37,,,,dependency,cyber-full,final-comparison-and-ablation,0f8d662,d2445532-9f87-471f-90a2-8fd5507132d8,f17ce4d8669280a7d5e535ef8777072cb75d85ea54f84a5e1ac35a687afd80ca,915bedc898c4a63fff6d74c9da29c14f21d1a6b0a7877cba4f915509a86b273c,28e3f0e88742b79f23e207717e804594dc9075191db40cb3df24f97fe388f7bf,2026-09-20T11:55:57+00:00,24473809_60,laurel,"gr10497b,gr10609b,gr10672b",p=1:t=14:c=14:m=64000M,1800.0,1800.0,64000
BBM/model_018.bnet,cyber/full,completed,5.96177,6.14091,,,,12664,,,,,false,false,104,52097640489421897728,120,47,12012,,41,63,41,63,76,41,,,,dependency,cyber-full,final-comparison-and-ablation,0f8d662,d2445532-9f87-471f-90a2-8fd5507132d8,f17ce4d8669280a7d5e535ef8777072cb75d85ea54f84a5e1ac35a687afd80ca,915bedc898c4a63fff6d74c9da29c14f21d1a6b0a7877cba4f915509a86b273c,28e3f0e88742b79f23e207717e804594dc9075191db40cb3df24f97fe388f7bf,2026-09-20T11:55:57+00:00,24473809_39,laurel,"gr10497b,gr10609b,gr10672b",p=1:t=14:c=14:m=64000M,1800.0,1800.0,64000
BBM/model_019.bnet,cyber/full,completed,10.9167,11.2375,,,,12632,,,,,false,false,86,167509206708976091136,140,162,28903,,28,58,28,58,71,28,,,,dependency,cyber-full,final-comparison-and-ablation,0f8d662,d2445532-9f87-471f-90a2-8fd5507132d8,f17ce4d8669280a7d5e535ef8777072cb75d85ea54f84a5e1ac35a687afd80ca,915bedc898c4a63fff6d74c9da29c14f21d1a6b0a7877cba4f915509a86b273c,28e3f0e88742b79f23e207717e804594dc9075191db40cb3df24f97fe388f7bf,2026-09-20T11:55:57+00:00,24473809_140,laurel,"gr10497b,gr10609b,gr10672b",p=1:t=14:c=14:m=64000M,1800.0,1800.0,64000
BBM/model_021.bnet,cyber/full,completed,0.05525,0.217945,,,,12596,,,,,false,false,17,16384,0,1,1,,0,17,0,17,14,0,,,,dependency,cyber-full,final-comparison-and-ablation,0f8d662,d2445532-9f87-471f-90a2-8fd5507132d8,f17ce4d8669280a7d5e535ef8777072cb75d85ea54f84a5e1ac35a687afd80ca,915bedc898c4a63fff6d74c9da29c14f21d1a6b0a7877cba4f915509a86b273c,28e3f0e88742b79f23e207717e804594dc9075191db40cb3df24f97fe388f7bf,2026-09-20T11:55:57+00:00,24473809_152,laurel,"gr10497b,gr10609b,gr10672b",p=1:t=14:c=14:m=64000M,1800.0,1800.0,64000
BBM/model_022.bnet,cyber/full,completed,0.057712,0.468064,,,,12560,,,,,false,false,22,131072,0,1,1,,0,22,0,22,17,0,,,,dependency,cyber-full,final-comparison-and-ablation,0f8d662,d2445532-9f87-471f-90a2-8fd5507132d8,f17ce4d8669280a7d5e535ef8777072cb75d85ea54f84a5e1ac35a687afd80ca,915bedc898c4a63fff6d74c9da29c14f21d1a6b0a7877cba4f915509a86b273c,28e3f0e88742b79f23e207717e804594dc9075191db40cb3df24f97fe388f7bf,2026-09-20T11:55:57+00:00,24473809_161,laurel,"gr10497b,gr10609b,gr10672b",p=1:t=14:c=14:m=64000M,1800.0,1800.0,64000
BBM/model_023.bnet,cyber/full,completed,0.05668,0.190095,,,,12628,,,,,false,false,10,32,5,12,53,,9,1,9,1,9,9,,,,dependency,cyber-full,final-comparison-and-ablation,0f8d662,d2445532-9f87-471f-90a2-8fd5507132d8,f17ce4d8669280a7d5e535ef8777072cb75d85ea54f84a5e1ac35a687afd80ca,915bedc898c4a63fff6d74c9da29c14f21d1a6b0a7877cba4f915509a86b273c,28e3f0e88742b79f23e207717e804594dc9075191db40cb3df24f97fe388f7bf,2026-09-20T11:55:57+00:00,24473809_209,laurel,"gr10497b,gr10609b,gr10672b",p=1:t=14:c=14:m=64000M,1800.0,1800.0,64000
BBM/model_024.bnet,cyber/full,completed,0.098129,0.228615,,,,12556,,,,,false,false,20,5056,36,27,663,,16,4,16,4,16,16,,,,dependency,cyber-full,final-comparison-and-ablation,0f8d662,d2445532-9f87-471f-90a2-8fd5507132d8,f17ce4d8669280a7d5e535ef8777072cb75d85ea54f84a5e1ac35a687afd80ca,915bedc898c4a63fff6d74c9da29c14f21d1a6b0a7877cba4f915509a86b273c,28e3f0e88742b79f23e207717e804594dc9075191db40cb3df24f97fe388f7bf,2026-09-20T11:55:57+00:00,24473809_81,laurel,"gr10497b,gr10609b,gr10672b",p=1:t=14:c=14:m=64000M,1800.0,1800.0,64000
BBM/model_025.bnet,cyber/full,completed,1.15424,1.32317,,,,12488,,,,,false,false,60,90243072,27,234,6225,,50,10,50,10,54,50,,,,dependency,cyber-full,final-comparison-and-ablation,0f8d662,d2445532-9f87-471f-90a2-8fd5507132d8,f17ce4d8669280a7d5e535ef8777072cb75d85ea54f84a5e1ac35a687afd80ca,915bedc898c4a63fff6d74c9da29c14f21d1a6b0a7877cba4f915509a86b273c,28e3f0e88742b79f23e207717e804594dc9075191db40cb3df24f97fe388f7bf,2026-09-20T11:55:57+00:00,24473809_104,laurel,"gr10497b,gr10609b,gr10672b",p=1:t=14:c=14:m=64000M,1800.0,1800.0,64000
BBM/model_027.bnet,cyber/full,completed,0.05634,0.185822,,,,12632,,,,,false,false,26,2048,4,3,14,,3,23,3,23,12,3,,,,dependency,cyber-full,final-comparison-and-ablation,0f8d662,d2445532-9f87-471f-90a2-8fd5507132d8,f17ce4d8669280a7d5e535ef8777072cb75d85ea54f84a5e1ac35a687afd80ca,915bedc898c4a63fff6d74c9da29c14f21d1a6b0a7877cba4f915509a86b273c,28e3f0e88742b79f23e207717e804594dc9075191db40cb3df24f97fe388f7bf,2026-09-20T11:55:57+00:00,24473809_163,laurel,"gr10497b,gr10609b,gr10672b",p=1:t=14:c=14:m=64000M,1800.0,1800.0,64000
BBM/model_028.bnet,cyber/full,completed,0.055815,0.308928,,,,12604,,,,,false,false,18,1024,0,1,1,,0,18,0,18,10,0,,,,dependency,cyber-full,final-comparison-and-ablation,0f8d662,d2445532-9f87-471f-90a2-8fd5507132d8,f17ce4d8669280a7d5e535ef8777072cb75d85ea54f84a5e1ac35a687afd80ca,915bedc898c4a63fff6d74c9da29c14f21d1a6b0a7877cba4f915509a86b273c,28e3f0e88742b79f23e207717e804594dc9075191db40cb3df24f97fe388f7bf,2026-09-20T11:55:57+00:00,24473809_197,laurel,"gr10497b,gr10609b,gr10672b",p=1:t=14:c=14:m=64000M,1800.0,1800.0,64000
BBM/model_029.bnet,cyber/full,completed,0.062397,0.245828,,,,12632,,,,,false,false,11,512,0,1,1,,0,11,0,11,9,0,,,,dependency,cyber-full,final-comparison-and-ablation,0f8d662,d2445532-9f87-471f-90a2-8fd5507132d8,f17ce4d8669280a7d5e535ef8777072cb75d85ea54f84a5e1ac35a687afd80ca,915bedc898c4a63fff6d74c9da29c14f21d1a6b0a7877cba4f915509a86b273c,28e3f0e88742b79f23e207717e804594dc9075191db40cb3df24f97fe388f7bf,2026-09-20T11:55:57+00:00,24473809_71,laurel,"gr10497b,gr10609b,gr10672b",p=1:t=14:c=14:m=64000M,1800.0,1800.0,64000
BBM/model_030.bnet,cyber/full,completed,0.05753,0.427145,,,,12548,,,,,false,false,24,262144,0,1,1,,0,24,0,24,18,0,,,,dependency,cyber-full,final-comparison-and-ablation,0f8d662,d2445532-9f87-471f-90a2-8fd5507132d8,f17ce4d8669280a7d5e535ef8777072cb75d85ea54f84a5e1ac35a687afd80ca,915bedc898c4a63fff6d74c9da29c14f21d1a6b0a7877cba4f915509a86b273c,28e3f0e88742b79f23e207717e804594dc9075191db40cb3df24f97fe388f7bf,2026-09-20T11:55:57+00:00,24473809_85,laurel,"gr10497b,gr10609b,gr10672b",p=1:t=14:c=14:m=64000M,1800.0,1800.0,64000
BBM/model_031.bnet,cyber/full,completed,0.144484,0.290534,,,,12596,,,,,false,false,9,60,7,13,58,,9,0,9,0,9,9,,,,dependency,cyber-full,final-comparison-and-ablation,0f8d662,d2445532-9f87-471f-90a2-8fd5507132d8,f17ce4d8669280a7d5e535ef8777072cb75d85ea54f84a5e1ac35a687afd80ca,915bedc898c4a63fff6d74c9da29c14f21d1a6b0a7877cba4f915509a86b273c,28e3f0e88742b79f23e207717e804594dc9075191db40cb3df24f97fe388f7bf,2026-09-20T11:55:57+00:00,24473809_95,laurel,"gr10497b,gr10609b,gr10672b",p=1:t=14:c=14:m=64000M,1800.0,1800.0,64000
BBM/model_032.bnet,cyber/full,completed,0.057504,0.29129,,,,12528,,,,,false,false,40,85899345920,7,5,35,,5,35,5,35,37,5,,,,dependency,cyber-full,final-comparison-and-ablation,0f8d662,d2445532-9f87-471f-90a2-8fd5507132d8,f17ce4d8669280a7d5e535ef8777072cb75d85ea54f84a5e1ac35a687afd80ca,915bedc898c4a63fff6d74c9da29c14f21d1a6b0a7877cba4f915509a86b273c,28e3f0e88742b79f23e207717e804594dc9075191db40cb3df24f97fe388f7bf,2026-09-20T11:55:57+00:00,24473809_158,laurel,"gr10497b,gr10609b,gr10672b",p=1:t=14:c=14:m=64000M,1800.0,1800.0,64000
BBM/model_033.bnet,cyber/full,completed,0.056515,0.192961,,,,12596,,,,,false,false,24,1,1,19,87,,17,7,17,7,17,17,,,,dependency,cyber-full,final-comparison-and-ablation,0f8d662,d2445532-9f87-471f-90a2-8fd5507132d8,f17ce4d8669280a7d5e535ef8777072cb75d85ea54f84a5e1ac35a687afd80ca,915bedc898c4a63fff6d74c9da29c14f21d1a6b0a7877cba4f915509a86b273c,28e3f0e88742b79f23e207717e804594dc9075191db40cb3df24f97fe388f7bf,2026-09-20T11:55:57+00:00,24473809_216,laurel,"gr10497b,gr10609b,gr10672b",p=1:t=14:c=14:m=64000M,1800.0,1800.0,64000
BBM/model_034.bnet,cyber/full,completed,0.056065,0.239363,,,,12592,,,,,false,false,23,1,1,20,104,,18,5,18,5,18,18,,,,dependency,cyber-full,final-comparison-and-ablation,0f8d662,d2445532-9f87-471f-90a2-8fd5507132d8,f17ce4d8669280a7d5e535ef8777072cb75d85ea54f84a5e1ac35a687afd80ca,915bedc898c4a63fff6d74c9da29c14f21d1a6b0a7877cba4f915509a86b273c,28e3f0e88742b79f23e207717e804594dc9075191db40cb3df24f97fe388f7bf,2026-09-20T11:55:57+00:00,24473809_27,laurel,"gr10497b,gr10609b,gr10672b",p=1:t=14:c=14:m=64000M,1800.0,1800.0,64000
BBM/model_035.bnet,cyber/full,completed,0.056202,0.290021,,,,12604,,,,,false,false,16,1,1,11,47,,9,7,9,7,9,9,,,,dependency,cyber-full,final-comparison-and-ablation,0f8d662,d2445532-9f87-471f-90a2-8fd5507132d8,f17ce4d8669280a7d5e535ef8777072cb75d85ea54f84a5e1ac35a687afd80ca,915bedc898c4a63fff6d74c9da29c14f21d1a6b0a7877cba4f915509a86b273c,28e3f0e88742b79f23e207717e804594dc9075191db40cb3df24f97fe388f7bf,2026-09-20T11:55:57+00:00,24473809_171,laurel,"gr10497b,gr10609b,gr10672b",p=1:t=14:c=14:m=64000M,1800.0,1800.0,64000
BBM/model_036.bnet,cyber/full,completed,0.085869,0.241305,,,,12604,,,,,false,false,16,1,1,13,51,,11,5,11,5,11,11,,,,dependency,cyber-full,final-comparison-and-ablation,0f8d662,d2445532-9f87-471f-90a2-8fd5507132d8,f17ce4d8669280a7d5e535ef8777072cb75d85ea54f84a5e1ac35a687afd80ca,915bedc898c4a63fff6d74c9da29c14f21d1a6b0a7877cba4f915509a86b273c,28e3f0e88742b79f23e207717e804594dc9075191db40cb3df24f97fe388f7bf,2026-09-20T11:55:57+00:00,24473809_94,laurel,"gr10497b,gr10609b,gr10672b",p=1:t=14:c=14:m=64000M,1800.0,1800.0,64000
BBM/model_037.bnet,cyber/full,completed,0.055512,0.292125,,,,12548,,,,,false,false,16,1024,0,1,1,,0,16,0,16,10,0,,,,dependency,cyber-full,final-comparison-and-ablation,0f8d662,d2445532-9f87-471f-90a2-8fd5507132d8,f17ce4d8669280a7d5e535ef8777072cb75d85ea54f84a5e1ac35a687afd80ca,915bedc898c4a63fff6d74c9da29c14f21d1a6b0a7877cba4f915509a86b273c,28e3f0e88742b79f23e207717e804594dc9075191db40cb3df24f97fe388f7bf,2026-09-20T11:55:57+00:00,24473809_119,laurel,"gr10497b,gr10609b,gr10672b",p=1:t=14:c=14:m=64000M,1800.0,1800.0,64000
BBM/model_038.bnet,cyber/full,completed,0.329303,0.46995,,,,12628,,,,,false,false,25,1,1,20,122,,18,7,18,7,18,18,,,,dependency,cyber-full,final-comparison-and-ablation,0f8d662,d2445532-9f87-471f-90a2-8fd5507132d8,f17ce4d8669280a7d5e535ef8777072cb75d85ea54f84a5e1ac35a687afd80ca,915bedc898c4a63fff6d74c9da29c14f21d1a6b0a7877cba4f915509a86b273c,28e3f0e88742b79f23e207717e804594dc9075191db40cb3df24f97fe388f7bf,2026-09-20T11:55:57+00:00,24473809_106,laurel,"gr10497b,gr10609b,gr10672b",p=1:t=14:c=14:m=64000M,1800.0,1800.0,64000
BBM/model_039.bnet,cyber/full,timeout,1791.93,1800.01,,,,3508672,,,,,true,false,136,,,,,,,,,,,,,,,,,final-comparison-and-ablation,0f8d662,d2445532-9f87-471f-90a2-8fd5507132d8,f17ce4d8669280a7d5e535ef8777072cb75d85ea54f84a5e1ac35a687afd80ca,915bedc898c4a63fff6d74c9da29c14f21d1a6b0a7877cba4f915509a86b273c,28e3f0e88742b79f23e207717e804594dc9075191db40cb3df24f97fe388f7bf,2026-09-20T11:55:57+00:00,24473809_19,laurel,"gr10497b,gr10609b,gr10672b",p=1:t=14:c=14:m=64000M,1800.0,1800.0,64000
BBM/model_040.bnet,cyber/full,completed,0.382204,0.530794,,,,12612,,,,,false,false,23,67584,67,12,2172,,19,4,19,4,19,19,,,,dependency,cyber-full,final-comparison-and-ablation,0f8d662,d2445532-9f87-471f-90a2-8fd5507132d8,f17ce4d8669280a7d5e535ef8777072cb75d85ea54f84a5e1ac35a687afd80ca,915bedc898c4a63fff6d74c9da29c14f21d1a6b0a7877cba4f915509a86b273c,28e3f0e88742b79f23e207717e804594dc9075191db40cb3df24f97fe388f7bf,2026-09-20T11:55:57+00:00,24473809_172,laurel,"gr10497b,gr10609b,gr10672b",p=1:t=14:c=14:m=64000M,1800.0,1800.0,64000
BBM/model_041.bnet,cyber/full,timeout,1793.33,1800.01,,,,2358664,,,,,true,false,131,,,,,,,,,,,,,,,,,final-comparison-and-ablation,0f8d662,d2445532-9f87-471f-90a2-8fd5507132d8,f17ce4d8669280a7d5e535ef8777072cb75d85ea54f84a5e1ac35a687afd80ca,915bedc898c4a63fff6d74c9da29c14f21d1a6b0a7877cba4f915509a86b273c,28e3f0e88742b79f23e207717e804594dc9075191db40cb3df24f97fe388f7bf,2026-09-20T11:55:57+00:00,24473809_162,laurel,"gr10497b,gr10609b,gr10672b",p=1:t=14:c=14:m=64000M,1800.0,1800.0,64000
BBM/model_042.bnet,cyber/full,completed,0.055995,0.19219,,,,12596,,,,,false,false,24,16384,0,1,1,,0,24,0,24,14,0,,,,dependency,cyber-full,final-comparison-and-ablation,0f8d662,d2445532-9f87-471f-90a2-8fd5507132d8,f17ce4d8669280a7d5e535ef8777072cb75d85ea54f84a5e1ac35a687afd80ca,915bedc898c4a63fff6d74c9da29c14f21d1a6b0a7877cba4f915509a86b273c,28e3f0e88742b79f23e207717e804594dc9075191db40cb3df24f97fe388f7bf,2026-09-20T11:55:57+00:00,24473809_42,laurel,"gr10497b,gr10609b,gr10672b",p=1:t=14:c=14:m=64000M,1800.0,1800.0,64000
BBM/model_043.bnet,cyber/full,completed,1.39848,1.5404,,,,12616,,,,,false,false,33,40341504,55,154,11112,,30,3,30,3,33,30,,,,dependency,cyber-full,final-comparison-and-ablation,0f8d662,d2445532-9f87-471f-90a2-8fd5507132d8,f17ce4d8669280a7d5e535ef8777072cb75d85ea54f84a5e1ac35a687afd80ca,915bedc898c4a63fff6d74c9da29c14f21d1a6b0a7877cba4f915509a86b273c,28e3f0e88742b79f23e207717e804594dc9075191db40cb3df24f97fe388f7bf,2026-09-20T11:55:57+00:00,24473809_16,laurel,"gr10497b,gr10609b,gr10672b",p=1:t=14:c=14:m=64000M,1800.0,1800.0,64000
BBM/model_044.bnet,cyber/full,completed,3.6356,3.80108,,,,12528,,,,,false,false,26,20480,23,16,274,,23,3,23,3,25,23,,,,dependency,cyber-full,final-comparison-and-ablation,0f8d662,d2445532-9f87-471f-90a2-8fd5507132d8,f17ce4d8669280a7d5e535ef8777072cb75d85ea54f84a5e1ac35a687afd80ca,915bedc898c4a63fff6d74c9da29c14f21d1a6b0a7877cba4f915509a86b273c,28e3f0e88742b79f23e207717e804594dc9075191db40cb3df24f97fe388f7bf,2026-09-20T11:55:57+00:00,24473809_177,laurel,"gr10497b,gr10609b,gr10672b",p=1:t=14:c=14:m=64000M,1800.0,1800.0,64000
BBM/model_045.bnet,cyber/full,completed,0.067405,0.413166,,,,12628,,,,,false,false,24,2048,0,1,1,,0,24,0,24,11,0,,,,dependency,cyber-full,final-comparison-and-ablation,0f8d662,d2445532-9f87-471f-90a2-8fd5507132d8,f17ce4d8669280a7d5e535ef8777072cb75d85ea54f84a5e1ac35a687afd80ca,915bedc898c4a63fff6d74c9da29c14f21d1a6b0a7877cba4f915509a86b273c,28e3f0e88742b79f23e207717e804594dc9075191db40cb3df24f97fe388f7bf,2026-09-20T11:55:57+00:00,24473809_21,laurel,"gr10497b,gr10609b,gr10672b",p=1:t=14:c=14:m=64000M,1800.0,1800.0,64000
BBM/model_046.bnet,cyber/full,completed,42.0267,42.3685,,,,34336,,,,,false,false,53,21743271936,101,44,90792,,47,6,47,6,52,47,,,,dependency,cyber-full,final-comparison-and-ablation,0f8d662,d2445532-9f87-471f-90a2-8fd5507132d8,f17ce4d8669280a7d5e535ef8777072cb75d85ea54f84a5e1ac35a687afd80ca,915bedc898c4a63fff6d74c9da29c14f21d1a6b0a7877cba4f915509a86b273c,28e3f0e88742b79f23e207717e804594dc9075191db40cb3df24f97fe388f7bf,2026-09-20T11:55:57+00:00,24473809_44,laurel,"gr10497b,gr10609b,gr10672b",p=1:t=14:c=14:m=64000M,1800.0,1800.0,64000
BBM/model_047.bnet,cyber/full,completed,0.054976,0.198056,,,,12644,,,,,false,false,23,16384,0,1,1,,0,23,0,23,14,0,,,,dependency,cyber-full,final-comparison-and-ablation,0f8d662,d2445532-9f87-471f-90a2-8fd5507132d8,f17ce4d8669280a7d5e535ef8777072cb75d85ea54f84a5e1ac35a687afd80ca,915bedc898c4a63fff6d74c9da29c14f21d1a6b0a7877cba4f915509a86b273c,28e3f0e88742b79f23e207717e804594dc9075191db40cb3df24f97fe388f7bf,2026-09-20T11:55:57+00:00,24473809_154,laurel,"gr10497b,gr10609b,gr10672b",p=1:t=14:c=14:m=64000M,1800.0,1800.0,64000
BBM/model_048.bnet,cyber/full,completed,0.060761,0.18325,,,,12632,,,,,false,false,73,677299162710016,14,31,103,,12,61,12,61,55,12,,,,dependency,cyber-full,final-comparison-and-ablation,0f8d662,d2445532-9f87-471f-90a2-8fd5507132d8,f17ce4d8669280a7d5e535ef8777072cb75d85ea54f84a5e1ac35a687afd80ca,915bedc898c4a63fff6d74c9da29c14f21d1a6b0a7877cba4f915509a86b273c,28e3f0e88742b79f23e207717e804594dc9075191db40cb3df24f97fe388f7bf,2026-09-20T11:55:57+00:00,24473809_38,laurel,"gr10497b,gr10609b,gr10672b",p=1:t=14:c=14:m=64000M,1800.0,1800.0,64000
BBM/model_049.bnet,cyber/full,completed,0.071615,0.560643,,,,12604,,,,,false,false,19,70720,33,25,344,,13,6,13,6,18,13,,,,dependency,cyber-full,final-comparison-and-ablation,0f8d662,d2445532-9f87-471f-90a2-8fd5507132d8,f17ce4d8669280a7d5e535ef8777072cb75d85ea54f84a5e1ac35a687afd80ca,915bedc898c4a63fff6d74c9da29c14f21d1a6b0a7877cba4f915509a86b273c,28e3f0e88742b79f23e207717e804594dc9075191db40cb3df24f97fe388f7bf,2026-09-20T11:55:57+00:00,24473809_191,laurel,"gr10497b,gr10609b,gr10672b",p=1:t=14:c=14:m=64000M,1800.0,1800.0,64000
BBM/model_050.bnet,cyber/full,timeout,1792.47,1800.01,,,,1373720,,,,,true,false,188,,,,,,,,,,,,,,,,,final-comparison-and-ablation,0f8d662,d2445532-9f87-471f-90a2-8fd5507132d8,f17ce4d8669280a7d5e535ef8777072cb75d85ea54f84a5e1ac35a687afd80ca,915bedc898c4a63fff6d74c9da29c14f21d1a6b0a7877cba4f915509a86b273c,28e3f0e88742b79f23e207717e804594dc9075191db40cb3df24f97fe388f7bf,2026-09-20T11:55:57+00:00,24473809_51,laurel,"gr10497b,gr10609b,gr10672b",p=1:t=14:c=14:m=64000M,1800.0,1800.0,64000
BBM/model_051.bnet,cyber/full,completed,33.6915,33.9296,,,,19912,,,,,false,false,70,3320053760,119,120,37972,,65,5,65,5,69,65,,,,dependency,cyber-full,final-comparison-and-ablation,0f8d662,d2445532-9f87-471f-90a2-8fd5507132d8,f17ce4d8669280a7d5e535ef8777072cb75d85ea54f84a5e1ac35a687afd80ca,915bedc898c4a63fff6d74c9da29c14f21d1a6b0a7877cba4f915509a86b273c,28e3f0e88742b79f23e207717e804594dc9075191db40cb3df24f97fe388f7bf,2026-09-20T11:55:57+00:00,24473809_164,laurel,"gr10497b,gr10609b,gr10672b",p=1:t=14:c=14:m=64000M,1800.0,1800.0,64000
BBM/model_052.bnet,cyber/full,completed,0.064942,0.22715,,,,12568,,,,,false,false,31,8192,17,12,209,,19,12,19,12,23,19,,,,dependency,cyber-full,final-comparison-and-ablation,0f8d662,d2445532-9f87-471f-90a2-8fd5507132d8,f17ce4d8669280a7d5e535ef8777072cb75d85ea54f84a5e1ac35a687afd80ca,915bedc898c4a63fff6d74c9da29c14f21d1a6b0a7877cba4f915509a86b273c,28e3f0e88742b79f23e207717e804594dc9075191db40cb3df24f97fe388f7bf,2026-09-20T11:55:57+00:00,24473809_173,laurel,"gr10497b,gr10609b,gr10672b",p=1:t=14:c=14:m=64000M,1800.0,1800.0,64000
BBM/model_053.bnet,cyber/full,completed,0.065224,0.301954,,,,12488,,,,,false,false,15,368,17,14,170,,13,2,13,2,13,13,,,,dependency,cyber-full,final-comparison-and-ablation,0f8d662,d2445532-9f87-471f-90a2-8fd5507132d8,f17ce4d8669280a7d5e535ef8777072cb75d85ea54f84a5e1ac35a687afd80ca,915bedc898c4a63fff6d74c9da29c14f21d1a6b0a7877cba4f915509a86b273c,28e3f0e88742b79f23e207717e804594dc9075191db40cb3df24f97fe388f7bf,2026-09-20T11:55:57+00:00,24473809_10,laurel,"gr10497b,gr10609b,gr10672b",p=1:t=14:c=14:m=64000M,1800.0,1800.0,64000
BBM/model_054.bnet,cyber/full,completed,358.364,360.335,,,,56996,,,,,false,false,62,1154578245308383232,573,114,116535,,37,25,37,25,61,37,,,,dependency,cyber-full,final-comparison-and-ablation,0f8d662,d2445532-9f87-471f-90a2-8fd5507132d8,f17ce4d8669280a7d5e535ef8777072cb75d85ea54f84a5e1ac35a687afd80ca,915bedc898c4a63fff6d74c9da29c14f21d1a6b0a7877cba4f915509a86b273c,28e3f0e88742b79f23e207717e804594dc9075191db40cb3df24f97fe388f7bf,2026-09-20T11:55:57+00:00,24473809_107,laurel,"gr10497b,gr10609b,gr10672b",p=1:t=14:c=14:m=64000M,1800.0,1800.0,64000
BBM/model_055.bnet,cyber/full,completed,0.800718,0.938818,,,,12608,,,,,false,false,19,118032,51,70,1265,,18,1,18,1,19,18,,,,dependency,cyber-full,final-comparison-and-ablation,0f8d662,d2445532-9f87-471f-90a2-8fd5507132d8,f17ce4d8669280a7d5e535ef8777072cb75d85ea54f84a5e1ac35a687afd80ca,915bedc898c4a63fff6d74c9da29c14f21d1a6b0a7877cba4f915509a86b273c,28e3f0e88742b79f23e207717e804594dc9075191db40cb3df24f97fe388f7bf,2026-09-20T11:55:57+00:00,24473809_46,laurel,"gr10497b,gr10609b,gr10672b",p=1:t=14:c=14:m=64000M,1800.0,1800.0,64000
BBM/model_056.bnet,cyber/full,completed,0.063483,0.316871,,,,12600,,,,,false,false,91,36893488147419103232,4,3,14,,3,88,3,88,66,3,,,,dependency,cyber-full,final-comparison-and-ablation,0f8d662,d2445532-9f87-471f-90a2-8fd5507132d8,f17ce4d8669280a7d5e535ef8777072cb75d85ea54f84a5e1ac35a687afd80ca,915bedc898c4a63fff6d74c9da29c14f21d1a6b0a7877cba4f915509a86b273c,28e3f0e88742b79f23e207717e804594dc9075191db40cb3df24f97fe388f7bf,2026-09-20T11:55:57+00:00,24473809_7,laurel,"gr10497b,gr10609b,gr10672b",p=1:t=14:c=14:m=64000M,1800.0,1800.0,64000
BBM/model_059.bnet,cyber/full,completed,0.189551,0.379662,,,,12536,,,,,false,false,67,115964116992,24,34,800,,43,24,43,24,62,43,,,,dependency,cyber-full,final-comparison-and-ablation,0f8d662,d2445532-9f87-471f-90a2-8fd5507132d8,f17ce4d8669280a7d5e535ef8777072cb75d85ea54f84a5e1ac35a687afd80ca,915bedc898c4a63fff6d74c9da29c14f21d1a6b0a7877cba4f915509a86b273c,28e3f0e88742b79f23e207717e804594dc9075191db40cb3df24f97fe388f7bf,2026-09-20T11:55:57+00:00,24473809_101,laurel,"gr10497b,gr10609b,gr10672b",p=1:t=14:c=14:m=64000M,1800.0,1800.0,64000
BBM/model_060.bnet,cyber/full,completed,1.73566,1.87782,,,,12608,,,,,false,false,49,34359738368,70,11,8356,,36,13,36,13,44,36,,,,dependency,cyber-full,final-comparison-and-ablation,0f8d662,d2445532-9f87-471f-90a2-8fd5507132d8,f17ce4d8669280a7d5e535ef8777072cb75d85ea54f84a5e1ac35a687afd80ca,915bedc898c4a63fff6d74c9da29c14f21d1a6b0a7877cba4f915509a86b273c,28e3f0e88742b79f23e207717e804594dc9075191db40cb3df24f97fe388f7bf,2026-09-20T11:55:57+00:00,24473809_89,laurel,"gr10497b,gr10609b,gr10672b",p=1:t=14:c=14:m=64000M,1800.0,1800.0,64000
BBM/model_061.bnet,cyber/full,completed,1.06173,1.27401,,,,12660,,,,,false,false,26,16384,78,12,1248,,24,2,24,2,24,24,,,,dependency,cyber-full,final-comparison-and-ablation,0f8d662,d2445532-9f87-471f-90a2-8fd5507132d8,f17ce4d8669280a7d5e535ef8777072cb75d85ea54f84a5e1ac35a687afd80ca,915bedc898c4a63fff6d74c9da29c14f21d1a6b0a7877cba4f915509a86b273c,28e3f0e88742b79f23e207717e804594dc9075191db40cb3df24f97fe388f7bf,2026-09-20T11:55:57+00:00,24473809_201,laurel,"gr10497b,gr10609b,gr10672b",p=1:t=14:c=14:m=64000M,1800.0,1800.0,64000
BBM/model_062.bnet,cyber/full,completed,0.064406,0.18691,,,,12620,,,,,false,false,18,8,4,11,71,,12,6,12,6,12,12,,,,dependency,cyber-full,final-comparison-and-ablation,0f8d662,d2445532-9f87-471f-90a2-8fd5507132d8,f17ce4d8669280a7d5e535ef8777072cb75d85ea54f84a5e1ac35a687afd80ca,915bedc898c4a63fff6d74c9da29c14f21d1a6b0a7877cba4f915509a86b273c,28e3f0e88742b79f23e207717e804594dc9075191db40cb3df24f97fe388f7bf,2026-09-20T11:55:57+00:00,24473809_58,laurel,"gr10497b,gr10609b,gr10672b",p=1:t=14:c=14:m=64000M,1800.0,1800.0,64000
BBM/model_063.bnet,cyber/full,completed,0.060259,0.355409,,,,12560,,,,,false,false,13,304,25,28,129,,10,3,10,3,10,10,,,,dependency,cyber-full,final-comparison-and-ablation,0f8d662,d2445532-9f87-471f-90a2-8fd5507132d8,f17ce4d8669280a7d5e535ef8777072cb75d85ea54f84a5e1ac35a687afd80ca,915bedc898c4a63fff6d74c9da29c14f21d1a6b0a7877cba4f915509a86b273c,28e3f0e88742b79f23e207717e804594dc9075191db40cb3df24f97fe388f7bf,2026-09-20T11:55:57+00:00,24473809_111,laurel,"gr10497b,gr10609b,gr10672b",p=1:t=14:c=14:m=64000M,1800.0,1800.0,64000
BBM/model_064.bnet,cyber/full,completed,0.057287,0.90325,,,,12604,,,,,false,false,12,224,3,5,17,,3,9,3,9,8,3,,,,dependency,cyber-full,final-comparison-and-ablation,0f8d662,d2445532-9f87-471f-90a2-8fd5507132d8,f17ce4d8669280a7d5e535ef8777072cb75d85ea54f84a5e1ac35a687afd80ca,915bedc898c4a63fff6d74c9da29c14f21d1a6b0a7877cba4f915509a86b273c,28e3f0e88742b79f23e207717e804594dc9075191db40cb3df24f97fe388f7bf,2026-09-20T11:55:57+00:00,24473809_73,laurel,"gr10497b,gr10609b,gr10672b",p=1:t=14:c=14:m=64000M,1800.0,1800.0,64000
BBM/model_065.bnet,cyber/full,completed,0.37833,0.660533,,,,12640,,,,,false,false,32,2097152,20,11,256,,20,12,20,12,30,20,,,,dependency,cyber-full,final-comparison-and-ablation,0f8d662,d2445532-9f87-471f-90a2-8fd5507132d8,f17ce4d8669280a7d5e535ef8777072cb75d85ea54f84a5e1ac35a687afd80ca,915bedc898c4a63fff6d74c9da29c14f21d1a6b0a7877cba4f915509a86b273c,28e3f0e88742b79f23e207717e804594dc9075191db40cb3df24f97fe388f7bf,2026-09-20T11:55:57+00:00,24473809_87,laurel,"gr10497b,gr10609b,gr10672b",p=1:t=14:c=14:m=64000M,1800.0,1800.0,64000
BBM/model_066.bnet,cyber/full,completed,0.838363,0.978748,,,,12496,,,,,false,false,38,262224,65,68,8034,,27,11,27,11,29,27,,,,dependency,cyber-full,final-comparison-and-ablation,0f8d662,d2445532-9f87-471f-90a2-8fd5507132d8,f17ce4d8669280a7d5e535ef8777072cb75d85ea54f84a5e1ac35a687afd80ca,915bedc898c4a63fff6d74c9da29c14f21d1a6b0a7877cba4f915509a86b273c,28e3f0e88742b79f23e207717e804594dc9075191db40cb3df24f97fe388f7bf,2026-09-20T11:55:57+00:00,24473809_13,laurel,"gr10497b,gr10609b,gr10672b",p=1:t=14:c=14:m=64000M,1800.0,1800.0,64000
BBM/model_067.bnet,cyber/full,completed,0.056569,0.443974,,,,12544,,,,,false,false,13,280,12,11,45,,6,7,6,7,9,6,,,,dependency,cyber-full,final-comparison-and-ablation,0f8d662,d2445532-9f87-471f-90a2-8fd5507132d8,f17ce4d8669280a7d5e535ef8777072cb75d85ea54f84a5e1ac35a687afd80ca,915bedc898c4a63fff6d74c9da29c14f21d1a6b0a7877cba4f915509a86b273c,28e3f0e88742b79f23e207717e804594dc9075191db40cb3df24f97fe388f7bf,2026-09-20T11:55:57+00:00,24473809_31,laurel,"gr10497b,gr10609b,gr10672b",p=1:t=14:c=14:m=64000M,1800.0,1800.0,64000
BBM/model_068.bnet,cyber/full,completed,0.115579,0.283124,,,,12592,,,,,false,false,23,4112,30,22,117,,15,8,15,8,19,15,,,,dependency,cyber-full,final-comparison-and-ablation,0f8d662,d2445532-9f87-471f-90a2-8fd5507132d8,f17ce4d8669280a7d5e535ef8777072cb75d85ea54f84a5e1ac35a687afd80ca,915bedc898c4a63fff6d74c9da29c14f21d1a6b0a7877cba4f915509a86b273c,28e3f0e88742b79f23e207717e804594dc9075191db40cb3df24f97fe388f7bf,2026-09-20T11:55:57+00:00,24473809_29,laurel,"gr10497b,gr10609b,gr10672b",p=1:t=14:c=14:m=64000M,1800.0,1800.0,64000
BBM/model_070.bnet,cyber/full,completed,0.354657,0.513385,,,,12572,,,,,false,false,53,33554432,44,26,1467,,42,11,42,11,49,42,,,,dependency,cyber-full,final-comparison-and-ablation,0f8d662,d2445532-9f87-471f-90a2-8fd5507132d8,f17ce4d8669280a7d5e535ef8777072cb75d85ea54f84a5e1ac35a687afd80ca,915bedc898c4a63fff6d74c9da29c14f21d1a6b0a7877cba4f915509a86b273c,28e3f0e88742b79f23e207717e804594dc9075191db40cb3df24f97fe388f7bf,2026-09-20T11:55:57+00:00,24473809_126,laurel,"gr10497b,gr10609b,gr10672b",p=1:t=14:c=14:m=64000M,1800.0,1800.0,64000
BBM/model_071.bnet,cyber/full,completed,0.056596,0.184439,,,,12544,,,,,false,false,42,268435456,0,1,1,,0,42,0,42,28,0,,,,dependency,cyber-full,final-comparison-and-ablation,0f8d662,d2445532-9f87-471f-90a2-8fd5507132d8,f17ce4d8669280a7d5e535ef8777072cb75d85ea54f84a5e1ac35a687afd80ca,915bedc898c4a63fff6d74c9da29c14f21d1a6b0a7877cba4f915509a86b273c,28e3f0e88742b79f23e207717e804594dc9075191db40cb3df24f97fe388f7bf,2026-09-20T11:55:57+00:00,24473809_30,laurel,"gr10497b,gr10609b,gr10672b",p=1:t=14:c=14:m=64000M,1800.0,1800.0,64000
BBM/model_072.bnet,cyber/full,timeout,1793.46,1800.01,,,,1162288,,,,,true,false,81,,,,,,,,,,,,,,,,cyber-full,final-comparison-and-ablation,0f8d662,d2445532-9f87-471f-90a2-8fd5507132d8,f17ce4d8669280a7d5e535ef8777072cb75d85ea54f84a5e1ac35a687afd80ca,915bedc898c4a63fff6d74c9da29c14f21d1a6b0a7877cba4f915509a86b273c,28e3f0e88742b79f23e207717e804594dc9075191db40cb3df24f97fe388f7bf,2026-09-20T11:55:57+00:00,24473809_213,laurel,"gr10497b,gr10609b,gr10672b",p=1:t=14:c=14:m=64000M,1800.0,1800.0,64000
BBM/model_073.bnet,cyber/full,completed,0.090029,0.225023,,,,12636,,,,,false,false,33,87552,18,78,642,,25,8,25,8,31,25,,,,dependency,cyber-full,final-comparison-and-ablation,0f8d662,d2445532-9f87-471f-90a2-8fd5507132d8,f17ce4d8669280a7d5e535ef8777072cb75d85ea54f84a5e1ac35a687afd80ca,915bedc898c4a63fff6d74c9da29c14f21d1a6b0a7877cba4f915509a86b273c,28e3f0e88742b79f23e207717e804594dc9075191db40cb3df24f97fe388f7bf,2026-09-20T11:55:57+00:00,24473809_144,laurel,"gr10497b,gr10609b,gr10672b",p=1:t=14:c=14:m=64000M,1800.0,1800.0,64000
BBM/model_074.bnet,cyber/full,completed,0.058092,0.221819,,,,12560,,,,,false,false,18,131072,13,3,109,,13,5,13,5,18,13,,,,dependency,cyber-full,final-comparison-and-ablation,0f8d662,d2445532-9f87-471f-90a2-8fd5507132d8,f17ce4d8669280a7d5e535ef8777072cb75d85ea54f84a5e1ac35a687afd80ca,915bedc898c4a63fff6d74c9da29c14f21d1a6b0a7877cba4f915509a86b273c,28e3f0e88742b79f23e207717e804594dc9075191db40cb3df24f97fe388f7bf,2026-09-20T11:55:57+00:00,24473809_80,laurel,"gr10497b,gr10609b,gr10672b",p=1:t=14:c=14:m=64000M,1800.0,1800.0,64000
BBM/model_076.bnet,cyber/full,completed,47.2236,47.6886,,,,26076,,,,,false,false,51,1056561954816,150,29,41172,,47,4,47,4,49,47,,,,dependency,cyber-full,final-comparison-and-ablation,0f8d662,d2445532-9f87-471f-90a2-8fd5507132d8,f17ce4d8669280a7d5e535ef8777072cb75d85ea54f84a5e1ac35a687afd80ca,915bedc898c4a63fff6d74c9da29c14f21d1a6b0a7877cba4f915509a86b273c,28e3f0e88742b79f23e207717e804594dc9075191db40cb3df24f97fe388f7bf,2026-09-20T11:55:57+00:00,24473809_200,laurel,"gr10497b,gr10609b,gr10672b",p=1:t=14:c=14:m=64000M,1800.0,1800.0,64000
BBM/model_077.bnet,cyber/full,completed,0.287914,0.512658,,,,12644,,,,,false,false,66,70368744177664,63,9,1716,,27,39,27,39,53,27,,,,dependency,cyber-full,final-comparison-and-ablation,0f8d662,d2445532-9f87-471f-90a2-8fd5507132d8,f17ce4d8669280a7d5e535ef8777072cb75d85ea54f84a5e1ac35a687afd80ca,915bedc898c4a63fff6d74c9da29c14f21d1a6b0a7877cba4f915509a86b273c,28e3f0e88742b79f23e207717e804594dc9075191db40cb3df24f97fe388f7bf,2026-09-20T11:55:57+00:00,24473809_210,laurel,"gr10497b,gr10609b,gr10672b",p=1:t=14:c=14:m=64000M,1800.0,1800.0,64000
BBM/model_078.bnet,cyber/full,timeout,1793.99,1800.01,,,,2593264,,,,,true,false,164,,,,,,,,,,,,,,,,,final-comparison-and-ablation,0f8d662,d2445532-9f87-471f-90a2-8fd5507132d8,f17ce4d8669280a7d5e535ef8777072cb75d85ea54f84a5e1ac35a687afd80ca,915bedc898c4a63fff6d74c9da29c14f21d1a6b0a7877cba4f915509a86b273c,28e3f0e88742b79f23e207717e804594dc9075191db40cb3df24f97fe388f7bf,2026-09-20T11:55:57+00:00,24473809_212,laurel,"gr10497b,gr10609b,gr10672b",p=1:t=14:c=14:m=64000M,1800.0,1800.0,64000
BBM/model_079.bnet,cyber/full,timeout,1794.04,1800.01,,,,1386768,,,,,true,false,197,,,,,,,,,,,,,,,,cyber-full,final-comparison-and-ablation,0f8d662,d2445532-9f87-471f-90a2-8fd5507132d8,f17ce4d8669280a7d5e535ef8777072cb75d85ea54f84a5e1ac35a687afd80ca,915bedc898c4a63fff6d74c9da29c14f21d1a6b0a7877cba4f915509a86b273c,28e3f0e88742b79f23e207717e804594dc9075191db40cb3df24f97fe388f7bf,2026-09-20T11:55:57+00:00,24473809_96,laurel,"gr10497b,gr10609b,gr10672b",p=1:t=14:c=14:m=64000M,1800.0,1800.0,64000
BBM/model_080.bnet,cyber/full,completed,275.798,276.956,,,,122716,,,,,false,false,110,302065434206993907712,102,182,430252,,66,44,66,44,95,66,,,,dependency,cyber-full,final-comparison-and-ablation,0f8d662,d2445532-9f87-471f-90a2-8fd5507132d8,f17ce4d8669280a7d5e535ef8777072cb75d85ea54f84a5e1ac35a687afd80ca,915bedc898c4a63fff6d74c9da29c14f21d1a6b0a7877cba4f915509a86b273c,28e3f0e88742b79f23e207717e804594dc9075191db40cb3df24f97fe388f7bf,2026-09-20T11:55:57+00:00,24473809_76,laurel,"gr10497b,gr10609b,gr10672b",p=1:t=14:c=14:m=64000M,1800.0,1800.0,64000
BBM/model_081.bnet,cyber/full,completed,0.527006,0.697274,,,,12624,,,,,false,false,42,2952790016,80,35,3069,,27,15,27,15,40,27,,,,dependency,cyber-full,final-comparison-and-ablation,0f8d662,d2445532-9f87-471f-90a2-8fd5507132d8,f17ce4d8669280a7d5e535ef8777072cb75d85ea54f84a5e1ac35a687afd80ca,915bedc898c4a63fff6d74c9da29c14f21d1a6b0a7877cba4f915509a86b273c,28e3f0e88742b79f23e207717e804594dc9075191db40cb3df24f97fe388f7bf,2026-09-20T11:55:57+00:00,24473809_64,laurel,"gr10497b,gr10609b,gr10672b",p=1:t=14:c=14:m=64000M,1800.0,1800.0,64000
BBM/model_082.bnet,cyber/full,timeout,1794.6,1800.01,,,,1446336,,,,,true,false,128,,,,,,,,,,,,,,,,,final-comparison-and-ablation,0f8d662,d2445532-9f87-471f-90a2-8fd5507132d8,f17ce4d8669280a7d5e535ef8777072cb75d85ea54f84a5e1ac35a687afd80ca,915bedc898c4a63fff6d74c9da29c14f21d1a6b0a7877cba4f915509a86b273c,28e3f0e88742b79f23e207717e804594dc9075191db40cb3df24f97fe388f7bf,2026-09-20T11:55:57+00:00,24473809_127,laurel,"gr10497b,gr10609b,gr10672b",p=1:t=14:c=14:m=64000M,1800.0,1800.0,64000
BBM/model_083.bnet,cyber/full,timeout,1792.2,1800.01,,,,2484408,,,,,true,false,133,,,,,,,,,,,,,,,,,final-comparison-and-ablation,0f8d662,d2445532-9f87-471f-90a2-8fd5507132d8,f17ce4d8669280a7d5e535ef8777072cb75d85ea54f84a5e1ac35a687afd80ca,915bedc898c4a63fff6d74c9da29c14f21d1a6b0a7877cba4f915509a86b273c,28e3f0e88742b79f23e207717e804594dc9075191db40cb3df24f97fe388f7bf,2026-09-20T11:55:57+00:00,24473809_49,laurel,"gr10497b,gr10609b,gr10672b",p=1:t=14:c=14:m=64000M,1800.0,1800.0,64000
BBM/model_084.bnet,cyber/full,completed,1.20388,1.33335,,,,12604,,,,,false,false,81,1649267441664,53,22,7275,,40,41,40,41,58,40,,,,dependency,cyber-full,final-comparison-and-ablation,0f8d662,d2445532-9f87-471f-90a2-8fd5507132d8,f17ce4d8669280a7d5e535ef8777072cb75d85ea54f84a5e1ac35a687afd80ca,915bedc898c4a63fff6d74c9da29c14f21d1a6b0a7877cba4f915509a86b273c,28e3f0e88742b79f23e207717e804594dc9075191db40cb3df24f97fe388f7bf,2026-09-20T11:55:57+00:00,24473809_196,laurel,"gr10497b,gr10609b,gr10672b",p=1:t=14:c=14:m=64000M,1800.0,1800.0,64000
BBM/model_085.bnet,cyber/full,completed,0.064692,0.291098,,,,12488,,,,,false,false,27,98304,21,12,227,,15,12,15,12,23,15,,,,dependency,cyber-full,final-comparison-and-ablation,0f8d662,d2445532-9f87-471f-90a2-8fd5507132d8,f17ce4d8669280a7d5e535ef8777072cb75d85ea54f84a5e1ac35a687afd80ca,915bedc898c4a63fff6d74c9da29c14f21d1a6b0a7877cba4f915509a86b273c,28e3f0e88742b79f23e207717e804594dc9075191db40cb3df24f97fe388f7bf,2026-09-20T11:55:57+00:00,24473809_47,laurel,"gr10497b,gr10609b,gr10672b",p=1:t=14:c=14:m=64000M,1800.0,1800.0,64000
BBM/model_086.bnet,cyber/full,completed,0.06159,0.22288,,,,12632,,,,,false,false,20,11264,10,12,89,,11,9,11,9,18,11,,,,dependency,cyber-full,final-comparison-and-ablation,0f8d662,d2445532-9f87-471f-90a2-8fd5507132d8,f17ce4d8669280a7d5e535ef8777072cb75d85ea54f84a5e1ac35a687afd80ca,915bedc898c4a63fff6d74c9da29c14f21d1a6b0a7877cba4f915509a86b273c,28e3f0e88742b79f23e207717e804594dc9075191db40cb3df24f97fe388f7bf,2026-09-20T11:55:57+00:00,24473809_170,laurel,"gr10497b,gr10609b,gr10672b",p=1:t=14:c=14:m=64000M,1800.0,1800.0,64000
BBM/model_087.bnet,cyber/full,completed,2.02956,2.24087,,,,12668,,,,,false,false,133,5183873914507529901140082688,109,16,5469,,33,100,33,100,99,33,,,,dependency,cyber-full,final-comparison-and-ablation,0f8d662,d2445532-9f87-471f-90a2-8fd5507132d8,f17ce4d8669280a7d5e535ef8777072cb75d85ea54f84a5e1ac35a687afd80ca,915bedc898c4a63fff6d74c9da29c14f21d1a6b0a7877cba4f915509a86b273c,28e3f0e88742b79f23e207717e804594dc9075191db40cb3df24f97fe388f7bf,2026-09-20T11:55:57+00:00,24473809_41,laurel,"gr10497b,gr10609b,gr10672b",p=1:t=14:c=14:m=64000M,1800.0,1800.0,64000
BBM/model_088.bnet,cyber/full,completed,0.056097,0.429891,,,,12552,,,,,false,false,6,1,1,8,32,,6,0,6,0,6,6,,,,dependency,cyber-full,final-comparison-and-ablation,0f8d662,d2445532-9f87-471f-90a2-8fd5507132d8,f17ce4d8669280a7d5e535ef8777072cb75d85ea54f84a5e1ac35a687afd80ca,915bedc898c4a63fff6d74c9da29c14f21d1a6b0a7877cba4f915509a86b273c,28e3f0e88742b79f23e207717e804594dc9075191db40cb3df24f97fe388f7bf,2026-09-20T11:55:57+00:00,24473809_138,laurel,"gr10497b,gr10609b,gr10672b",p=1:t=14:c=14:m=64000M,1800.0,1800.0,64000
BBM/model_089.bnet,cyber/full,completed,0.060496,0.209631,,,,12628,,,,,false,false,17,128,6,8,69,,10,7,10,7,13,10,,,,dependency,cyber-full,final-comparison-and-ablation,0f8d662,d2445532-9f87-471f-90a2-8fd5507132d8,f17ce4d8669280a7d5e535ef8777072cb75d85ea54f84a5e1ac35a687afd80ca,915bedc898c4a63fff6d74c9da29c14f21d1a6b0a7877cba4f915509a86b273c,28e3f0e88742b79f23e207717e804594dc9075191db40cb3df24f97fe388f7bf,2026-09-20T11:55:57+00:00,24473809_131,laurel,"gr10497b,gr10609b,gr10672b",p=1:t=14:c=14:m=64000M,1800.0,1800.0,64000
BBM/model_090.bnet,cyber/full,completed,0.057348,0.221107,,,,12588,,,,,false,false,18,32,2,11,36,,10,8,10,8,14,10,,,,dependency,cyber-full,final-comparison-and-ablation,0f8d662,d2445532-9f87-471f-90a2-8fd5507132d8,f17ce4d8669280a7d5e535ef8777072cb75d85ea54f84a5e1ac35a687afd80ca,915bedc898c4a63fff6d74c9da29c14f21d1a6b0a7877cba4f915509a86b273c,28e3f0e88742b79f23e207717e804594dc9075191db40cb3df24f97fe388f7bf,2026-09-20T11:55:57+00:00,24473809_2,laurel,"gr10497b,gr10609b,gr10672b",p=1:t=14:c=14:m=64000M,1800.0,1800.0,64000
BBM/model_091.bnet,cyber/full,completed,0.058216,0.213387,,,,12556,,,,,false,false,16,32,3,9,35,,9,7,9,7,12,9,,,,dependency,cyber-full,final-comparison-and-ablation,0f8d662,d2445532-9f87-471f-90a2-8fd5507132d8,f17ce4d8669280a7d5e535ef8777072cb75d85ea54f84a5e1ac35a687afd80ca,915bedc898c4a63fff6d74c9da29c14f21d1a6b0a7877cba4f915509a86b273c,28e3f0e88742b79f23e207717e804594dc9075191db40cb3df24f97fe388f7bf,2026-09-20T11:55:57+00:00,24473809_142,laurel,"gr10497b,gr10609b,gr10672b",p=1:t=14:c=14:m=64000M,1800.0,1800.0,64000
BBM/model_092.bnet,cyber/full,completed,1670.92,1677.43,,,,435180,,,,,false,false,69,20148207854026752,242,1077,1348900,,50,19,50,19,61,50,,,,dependency,cyber-full,final-comparison-and-ablation,0f8d662,d2445532-9f87-471f-90a2-8fd5507132d8,f17ce4d8669280a7d5e535ef8777072cb75d85ea54f84a5e1ac35a687afd80ca,915bedc898c4a63fff6d74c9da29c14f21d1a6b0a7877cba4f915509a86b273c,28e3f0e88742b79f23e207717e804594dc9075191db40cb3df24f97fe388f7bf,2026-09-20T11:55:57+00:00,24473809_175,laurel,"gr10497b,gr10609b,gr10672b",p=1:t=14:c=14:m=64000M,1800.0,1800.0,64000
BBM/model_093.bnet,cyber/full,completed,29.6995,29.9758,,,,29508,,,,,false,false,66,22717222912,94,668,92221,,47,19,47,19,51,47,,,,dependency,cyber-full,final-comparison-and-ablation,0f8d662,d2445532-9f87-471f-90a2-8fd5507132d8,f17ce4d8669280a7d5e535ef8777072cb75d85ea54f84a5e1ac35a687afd80ca,915bedc898c4a63fff6d74c9da29c14f21d1a6b0a7877cba4f915509a86b273c,28e3f0e88742b79f23e207717e804594dc9075191db40cb3df24f97fe388f7bf,2026-09-20T11:55:57+00:00,24473809_43,laurel,"gr10497b,gr10609b,gr10672b",p=1:t=14:c=14:m=64000M,1800.0,1800.0,64000
BBM/model_094.bnet,cyber/full,completed,0.382949,0.528124,,,,12560,,,,,false,false,30,1024,2,15,63,,14,16,14,16,23,14,,,,dependency,cyber-full,final-comparison-and-ablation,0f8d662,d2445532-9f87-471f-90a2-8fd5507132d8,f17ce4d8669280a7d5e535ef8777072cb75d85ea54f84a5e1ac35a687afd80ca,915bedc898c4a63fff6d74c9da29c14f21d1a6b0a7877cba4f915509a86b273c,28e3f0e88742b79f23e207717e804594dc9075191db40cb3df24f97fe388f7bf,2026-09-20T11:55:57+00:00,24473809_0,laurel,"gr10497b,gr10609b,gr10672b",p=1:t=14:c=14:m=64000M,1800.0,1800.0,64000
BBM/model_095.bnet,cyber/full,completed,0.056869,0.377636,,,,12544,,,,,false,false,10,1,1,11,35,,9,1,9,1,9,9,,,,dependency,cyber-full,final-comparison-and-ablation,0f8d662,d2445532-9f87-471f-90a2-8fd5507132d8,f17ce4d8669280a7d5e535ef8777072cb75d85ea54f84a5e1ac35a687afd80ca,915bedc898c4a63fff6d74c9da29c14f21d1a6b0a7877cba4f915509a86b273c,28e3f0e88742b79f23e207717e804594dc9075191db40cb3df24f97fe388f7bf,2026-09-20T11:55:57+00:00,24473809_108,laurel,"gr10497b,gr10609b,gr10672b",p=1:t=14:c=14:m=64000M,1800.0,1800.0,64000
BBM/model_096.bnet,cyber/full,completed,0.059474,0.18342,,,,12560,,,,,false,false,20,337920,18,26,143,,10,10,10,10,19,10,,,,dependency,cyber-full,final-comparison-and-ablation,0f8d662,d2445532-9f87-471f-90a2-8fd5507132d8,f17ce4d8669280a7d5e535ef8777072cb75d85ea54f84a5e1ac35a687afd80ca,915bedc898c4a63fff6d74c9da29c14f21d1a6b0a7877cba4f915509a86b273c,28e3f0e88742b79f23e207717e804594dc9075191db40cb3df24f97fe388f7bf,2026-09-20T11:55:57+00:00,24473809_160,laurel,"gr10497b,gr10609b,gr10672b",p=1:t=14:c=14:m=64000M,1800.0,1800.0,64000
BBM/model_097.bnet,cyber/full,completed,0.054647,0.217126,,,,12588,,,,,false,false,10,256,0,1,1,,0,10,0,10,8,0,,,,dependency,cyber-full,final-comparison-and-ablation,0f8d662,d2445532-9f87-471f-90a2-8fd5507132d8,f17ce4d8669280a7d5e535ef8777072cb75d85ea54f84a5e1ac35a687afd80ca,915bedc898c4a63fff6d74c9da29c14f21d1a6b0a7877cba4f915509a86b273c,28e3f0e88742b79f23e207717e804594dc9075191db40cb3df24f97fe388f7bf,2026-09-20T11:55:57+00:00,24473809_180,laurel,"gr10497b,gr10609b,gr10672b",p=1:t=14:c=14:m=64000M,1800.0,1800.0,64000
BBM/model_098.bnet,cyber/full,completed,0.072569,0.234745,,,,12600,,,,,false,false,42,1280,13,40,311,,26,16,26,16,30,26,,,,dependency,cyber-full,final-comparison-and-ablation,0f8d662,d2445532-9f87-471f-90a2-8fd5507132d8,f17ce4d8669280a7d5e535ef8777072cb75d85ea54f84a5e1ac35a687afd80ca,915bedc898c4a63fff6d74c9da29c14f21d1a6b0a7877cba4f915509a86b273c,28e3f0e88742b79f23e207717e804594dc9075191db40cb3df24f97fe388f7bf,2026-09-20T11:55:57+00:00,24473809_26,laurel,"gr10497b,gr10609b,gr10672b",p=1:t=14:c=14:m=64000M,1800.0,1800.0,64000
BBM/model_099.bnet,cyber/full,completed,0.063449,0.259382,,,,12552,,,,,false,false,19,2048,17,7,238,,14,5,14,5,16,14,,,,dependency,cyber-full,final-comparison-and-ablation,0f8d662,d2445532-9f87-471f-90a2-8fd5507132d8,f17ce4d8669280a7d5e535ef8777072cb75d85ea54f84a5e1ac35a687afd80ca,915bedc898c4a63fff6d74c9da29c14f21d1a6b0a7877cba4f915509a86b273c,28e3f0e88742b79f23e207717e804594dc9075191db40cb3df24f97fe388f7bf,2026-09-20T11:55:57+00:00,24473809_195,laurel,"gr10497b,gr10609b,gr10672b",p=1:t=14:c=14:m=64000M,1800.0,1800.0,64000
BBM/model_100.bnet,cyber/full,completed,0.056624,0.397242,,,,12604,,,,,false,false,21,262144,0,1,1,,0,21,0,21,18,0,,,,dependency,cyber-full,final-comparison-and-ablation,0f8d662,d2445532-9f87-471f-90a2-8fd5507132d8,f17ce4d8669280a7d5e535ef8777072cb75d85ea54f84a5e1ac35a687afd80ca,915bedc898c4a63fff6d74c9da29c14f21d1a6b0a7877cba4f915509a86b273c,28e3f0e88742b79f23e207717e804594dc9075191db40cb3df24f97fe388f7bf,2026-09-20T11:55:57+00:00,24473809_168,laurel,"gr10497b,gr10609b,gr10672b",p=1:t=14:c=14:m=64000M,1800.0,1800.0,64000
BBM/model_101.bnet,cyber/full,completed,2.58417,2.71739,,,,12576,,,,,false,false,85,3710851743744,54,34,24028,,43,42,43,42,61,43,,,,dependency,cyber-full,final-comparison-and-ablation,0f8d662,d2445532-9f87-471f-90a2-8fd5507132d8,f17ce4d8669280a7d5e535ef8777072cb75d85ea54f84a5e1ac35a687afd80ca,915bedc898c4a63fff6d74c9da29c14f21d1a6b0a7877cba4f915509a86b273c,28e3f0e88742b79f23e207717e804594dc9075191db40cb3df24f97fe388f7bf,2026-09-20T11:55:57+00:00,24473809_135,laurel,"gr10497b,gr10609b,gr10672b",p=1:t=14:c=14:m=64000M,1800.0,1800.0,64000
BBM/model_102.bnet,cyber/full,completed,0.056212,0.19088,,,,12588,,,,,false,false,22,1024,4,9,37,,10,12,10,12,17,10,,,,dependency,cyber-full,final-comparison-and-ablation,0f8d662,d2445532-9f87-471f-90a2-8fd5507132d8,f17ce4d8669280a7d5e535ef8777072cb75d85ea54f84a5e1ac35a687afd80ca,915bedc898c4a63fff6d74c9da29c14f21d1a6b0a7877cba4f915509a86b273c,28e3f0e88742b79f23e207717e804594dc9075191db40cb3df24f97fe388f7bf,2026-09-20T11:55:57+00:00,24473809_117,laurel,"gr10497b,gr10609b,gr10672b",p=1:t=14:c=14:m=64000M,1800.0,1800.0,64000
BBM/model_103.bnet,cyber/full,completed,9.15015,9.58071,,,,12512,,,,,false,false,69,447971590144,93,389,37229,,51,18,51,18,65,51,,,,dependency,cyber-full,final-comparison-and-ablation,0f8d662,d2445532-9f87-471f-90a2-8fd5507132d8,f17ce4d8669280a7d5e535ef8777072cb75d85ea54f84a5e1ac35a687afd80ca,915bedc898c4a63fff6d74c9da29c14f21d1a6b0a7877cba4f915509a86b273c,28e3f0e88742b79f23e207717e804594dc9075191db40cb3df24f97fe388f7bf,2026-09-20T11:55:57+00:00,24473809_74,laurel,"gr10497b,gr10609b,gr10672b",p=1:t=14:c=14:m=64000M,1800.0,1800.0,64000
BBM/model_104.bnet,cyber/full,completed,0.058475,0.170892,,,,12624,,,,,false,false,14,128,9,9,66,,11,3,11,3,11,11,,,,dependency,cyber-full,final-comparison-and-ablation,0f8d662,d2445532-9f87-471f-90a2-8fd5507132d8,f17ce4d8669280a7d5e535ef8777072cb75d85ea54f84a5e1ac35a687afd80ca,915bedc898c4a63fff6d74c9da29c14f21d1a6b0a7877cba4f915509a86b273c,28e3f0e88742b79f23e207717e804594dc9075191db40cb3df24f97fe388f7bf,2026-09-20T11:55:57+00:00,24473809_185,laurel,"gr10497b,gr10609b,gr10672b",p=1:t=14:c=14:m=64000M,1800.0,1800.0,64000
BBM/model_105.bnet,cyber/full,completed,2.14343,2.34133,,,,12604,,,,,false,false,49,140443648,53,48,14651,,42,7,42,7,46,42,,,,dependency,cyber-full,final-comparison-and-ablation,0f8d662,d2445532-9f87-471f-90a2-8fd5507132d8,f17ce4d8669280a7d5e535ef8777072cb75d85ea54f84a5e1ac35a687afd80ca,915bedc898c4a63fff6d74c9da29c14f21d1a6b0a7877cba4f915509a86b273c,28e3f0e88742b79f23e207717e804594dc9075191db40cb3df24f97fe388f7bf,2026-09-20T11:55:57+00:00,24473809_116,laurel,"gr10497b,gr10609b,gr10672b",p=1:t=14:c=14:m=64000M,1800.0,1800.0,64000
BBM/model_106.bnet,cyber/full,completed,1.21641,1.37633,,,,12604,,,,,false,false,80,1649267441664,53,22,7275,,40,40,40,40,58,40,,,,dependency,cyber-full,final-comparison-and-ablation,0f8d662,d2445532-9f87-471f-90a2-8fd5507132d8,f17ce4d8669280a7d5e535ef8777072cb75d85ea54f84a5e1ac35a687afd80ca,915bedc898c4a63fff6d74c9da29c14f21d1a6b0a7877cba4f915509a86b273c,28e3f0e88742b79f23e207717e804594dc9075191db40cb3df24f97fe388f7bf,2026-09-20T11:55:57+00:00,24473809_198,laurel,"gr10497b,gr10609b,gr10672b",p=1:t=14:c=14:m=64000M,1800.0,1800.0,64000
BBM/model_107.bnet,cyber/full,completed,0.565334,0.800809,,,,12628,,,,,false,false,33,2785280,34,60,5500,,28,5,28,5,32,28,,,,dependency,cyber-full,final-comparison-and-ablation,0f8d662,d2445532-9f87-471f-90a2-8fd5507132d8,f17ce4d8669280a7d5e535ef8777072cb75d85ea54f84a5e1ac35a687afd80ca,915bedc898c4a63fff6d74c9da29c14f21d1a6b0a7877cba4f915509a86b273c,28e3f0e88742b79f23e207717e804594dc9075191db40cb3df24f97fe388f7bf,2026-09-20T11:55:57+00:00,24473809_98,laurel,"gr10497b,gr10609b,gr10672b",p=1:t=14:c=14:m=64000M,1800.0,1800.0,64000
BBM/model_108.bnet,cyber/full,completed,0.25617,0.435498,,,,12632,,,,,false,false,25,17472,39,40,711,,21,4,21,4,23,21,,,,dependency,cyber-full,final-comparison-and-ablation,0f8d662,d2445532-9f87-471f-90a2-8fd5507132d8,f17ce4d8669280a7d5e535ef8777072cb75d85ea54f84a5e1ac35a687afd80ca,915bedc898c4a63fff6d74c9da29c14f21d1a6b0a7877cba4f915509a86b273c,28e3f0e88742b79f23e207717e804594dc9075191db40cb3df24f97fe388f7bf,2026-09-20T11:55:57+00:00,24473809_206,laurel,"gr10497b,gr10609b,gr10672b",p=1:t=14:c=14:m=64000M,1800.0,1800.0,64000
BBM/model_109.bnet,cyber/full,completed,0.056613,0.376054,,,,12524,,,,,false,false,5,5,3,7,21,,5,0,5,0,5,5,,,,dependency,cyber-full,final-comparison-and-ablation,0f8d662,d2445532-9f87-471f-90a2-8fd5507132d8,f17ce4d8669280a7d5e535ef8777072cb75d85ea54f84a5e1ac35a687afd80ca,915bedc898c4a63fff6d74c9da29c14f21d1a6b0a7877cba4f915509a86b273c,28e3f0e88742b79f23e207717e804594dc9075191db40cb3df24f97fe388f7bf,2026-09-20T11:55:57+00:00,24473809_17,laurel,"gr10497b,gr10609b,gr10672b",p=1:t=14:c=14:m=64000M,1800.0,1800.0,64000
BBM/model_110.bnet,cyber/full,completed,0.056732,0.20606,,,,12628,,,,,false,false,9,192,2,6,18,,3,6,3,6,9,3,,,,dependency,cyber-full,final-comparison-and-ablation,0f8d662,d2445532-9f87-471f-90a2-8fd5507132d8,f17ce4d8669280a7d5e535ef8777072cb75d85ea54f84a5e1ac35a687afd80ca,915bedc898c4a63fff6d74c9da29c14f21d1a6b0a7877cba4f915509a86b273c,28e3f0e88742b79f23e207717e804594dc9075191db40cb3df24f97fe388f7bf,2026-09-20T11:55:57+00:00,24473809_77,laurel,"gr10497b,gr10609b,gr10672b",p=1:t=14:c=14:m=64000M,1800.0,1800.0,64000
BBM/model_111.bnet,cyber/full,completed,0.056355,0.210484,,,,12592,,,,,false,false,33,262144,0,1,1,,0,33,0,33,18,0,,,,dependency,cyber-full,final-comparison-and-ablation,0f8d662,d2445532-9f87-471f-90a2-8fd5507132d8,f17ce4d8669280a7d5e535ef8777072cb75d85ea54f84a5e1ac35a687afd80ca,915bedc898c4a63fff6d74c9da29c14f21d1a6b0a7877cba4f915509a86b273c,28e3f0e88742b79f23e207717e804594dc9075191db40cb3df24f97fe388f7bf,2026-09-20T11:55:57+00:00,24473809_136,laurel,"gr10497b,gr10609b,gr10672b",p=1:t=14:c=14:m=64000M,1800.0,1800.0,64000
BBM/model_112.bnet,cyber/full,completed,0.070785,0.280236,,,,12644,,,,,false,false,112,22251790867281768246935552,23,28,174,,10,102,10,102,85,10,,,,dependency,cyber-full,final-comparison-and-ablation,0f8d662,d2445532-9f87-471f-90a2-8fd5507132d8,f17ce4d8669280a7d5e535ef8777072cb75d85ea54f84a5e1ac35a687afd80ca,915bedc898c4a63fff6d74c9da29c14f21d1a6b0a7877cba4f915509a86b273c,28e3f0e88742b79f23e207717e804594dc9075191db40cb3df24f97fe388f7bf,2026-09-20T11:55:57+00:00,24473809_59,laurel,"gr10497b,gr10609b,gr10672b",p=1:t=14:c=14:m=64000M,1800.0,1800.0,64000
BBM/model_113.bnet,cyber/full,completed,0.795433,1.05534,,,,12608,,,,,false,false,182,29710560942849126597578981376,5,16,71,,16,166,16,166,107,16,,,,dependency,cyber-full,final-comparison-and-ablation,0f8d662,d2445532-9f87-471f-90a2-8fd5507132d8,f17ce4d8669280a7d5e535ef8777072cb75d85ea54f84a5e1ac35a687afd80ca,915bedc898c4a63fff6d74c9da29c14f21d1a6b0a7877cba4f915509a86b273c,28e3f0e88742b79f23e207717e804594dc9075191db40cb3df24f97fe388f7bf,2026-09-20T11:55:57+00:00,24473809_189,laurel,"gr10497b,gr10609b,gr10672b",p=1:t=14:c=14:m=64000M,1800.0,1800.0,64000
BBM/model_114.bnet,cyber/full,completed,0.078896,0.200599,,,,12608,,,,,false,false,84,34359738368,23,12,376,,22,62,22,62,45,22,,,,dependency,cyber-full,final-comparison-and-ablation,0f8d662,d2445532-9f87-471f-90a2-8fd5507132d8,f17ce4d8669280a7d5e535ef8777072cb75d85ea54f84a5e1ac35a687afd80ca,915bedc898c4a63fff6d74c9da29c14f21d1a6b0a7877cba4f915509a86b273c,28e3f0e88742b79f23e207717e804594dc9075191db40cb3df24f97fe388f7bf,2026-09-20T11:55:57+00:00,24473809_99,laurel,"gr10497b,gr10609b,gr10672b",p=1:t=14:c=14:m=64000M,1800.0,1800.0,64000
BBM/model_115.bnet,cyber/full,completed,0.055972,0.276777,,,,12548,,,,,false,false,35,16384,0,1,1,,0,35,0,35,14,0,,,,dependency,cyber-full,final-comparison-and-ablation,0f8d662,d2445532-9f87-471f-90a2-8fd5507132d8,f17ce4d8669280a7d5e535ef8777072cb75d85ea54f84a5e1ac35a687afd80ca,915bedc898c4a63fff6d74c9da29c14f21d1a6b0a7877cba4f915509a86b273c,28e3f0e88742b79f23e207717e804594dc9075191db40cb3df24f97fe388f7bf,2026-09-20T11:55:57+00:00,24473809_151,laurel,"gr10497b,gr10609b,gr10672b",p=1:t=14:c=14:m=64000M,1800.0,1800.0,64000
BBM/model_116.bnet,cyber/full,completed,0.08018,0.487458,,,,12620,,,,,false,false,144,3626777458843887524118528,2,14,43,,8,136,8,136,88,8,,,,dependency,cyber-full,final-comparison-and-ablation,0f8d662,d2445532-9f87-471f-90a2-8fd5507132d8,f17ce4d8669280a7d5e535ef8777072cb75d85ea54f84a5e1ac35a687afd80ca,915bedc898c4a63fff6d74c9da29c14f21d1a6b0a7877cba4f915509a86b273c,28e3f0e88742b79f23e207717e804594dc9075191db40cb3df24f97fe388f7bf,2026-09-20T11:55:57+00:00,24473809_20,laurel,"gr10497b,gr10609b,gr10672b",p=1:t=14:c=14:m=64000M,1800.0,1800.0,64000
BBM/model_117.bnet,cyber/full,completed,0.070139,0.293058,,,,12612,,,,,false,false,47,33554432,39,5,204,,13,34,13,34,28,13,,,,dependency,cyber-full,final-comparison-and-ablation,0f8d662,d2445532-9f87-471f-90a2-8fd5507132d8,f17ce4d8669280a7d5e535ef8777072cb75d85ea54f84a5e1ac35a687afd80ca,915bedc898c4a63fff6d74c9da29c14f21d1a6b0a7877cba4f915509a86b273c,28e3f0e88742b79f23e207717e804594dc9075191db40cb3df24f97fe388f7bf,2026-09-20T11:55:57+00:00,24473809_203,laurel,"gr10497b,gr10609b,gr10672b",p=1:t=14:c=14:m=64000M,1800.0,1800.0,64000
BBM/model_118.bnet,cyber/full,completed,0.066806,0.224082,,,,12544,,,,,false,false,121,73786976294838206464,0,1,1,,0,121,0,121,66,0,,,,dependency,cyber-full,final-comparison-and-ablation,0f8d662,d2445532-9f87-471f-90a2-8fd5507132d8,f17ce4d8669280a7d5e535ef8777072cb75d85ea54f84a5e1ac35a687afd80ca,915bedc898c4a63fff6d74c9da29c14f21d1a6b0a7877cba4f915509a86b273c,28e3f0e88742b79f23e207717e804594dc9075191db40cb3df24f97fe388f7bf,2026-09-20T11:55:57+00:00,24473809_97,laurel,"gr10497b,gr10609b,gr10672b",p=1:t=14:c=14:m=64000M,1800.0,1800.0,64000
BBM/model_119.bnet,cyber/full,completed,0.057147,0.193902,,,,12608,,,,,false,false,19,8192,0,1,1,,0,19,0,19,13,0,,,,dependency,cyber-full,final-comparison-and-ablation,0f8d662,d2445532-9f87-471f-90a2-8fd5507132d8,f17ce4d8669280a7d5e535ef8777072cb75d85ea54f84a5e1ac35a687afd80ca,915bedc898c4a63fff6d74c9da29c14f21d1a6b0a7877cba4f915509a86b273c,28e3f0e88742b79f23e207717e804594dc9075191db40cb3df24f97fe388f7bf,2026-09-20T11:55:57+00:00,24473809_199,laurel,"gr10497b,gr10609b,gr10672b",p=1:t=14:c=14:m=64000M,1800.0,1800.0,64000
BBM/model_120.bnet,cyber/full,completed,0.065837,0.190202,,,,12556,,,,,false,false,150,302231454903657293676544,0,1,1,,0,150,0,150,78,0,,,,dependency,cyber-full,final-comparison-and-ablation,0f8d662,d2445532-9f87-471f-90a2-8fd5507132d8,f17ce4d8669280a7d5e535ef8777072cb75d85ea54f84a5e1ac35a687afd80ca,915bedc898c4a63fff6d74c9da29c14f21d1a6b0a7877cba4f915509a86b273c,28e3f0e88742b79f23e207717e804594dc9075191db40cb3df24f97fe388f7bf,2026-09-20T11:55:57+00:00,24473809_153,laurel,"gr10497b,gr10609b,gr10672b",p=1:t=14:c=14:m=64000M,1800.0,1800.0,64000
BBM/model_121.bnet,cyber/full,completed,0.058715,0.223443,,,,12536,,,,,false,false,57,446676598784,8,9,31,,5,52,5,52,39,5,,,,dependency,cyber-full,final-comparison-and-ablation,0f8d662,d2445532-9f87-471f-90a2-8fd5507132d8,f17ce4d8669280a7d5e535ef8777072cb75d85ea54f84a5e1ac35a687afd80ca,915bedc898c4a63fff6d74c9da29c14f21d1a6b0a7877cba4f915509a86b273c,28e3f0e88742b79f23e207717e804594dc9075191db40cb3df24f97fe388f7bf,2026-09-20T11:55:57+00:00,24473809_114,laurel,"gr10497b,gr10609b,gr10672b",p=1:t=14:c=14:m=64000M,1800.0,1800.0,64000
BBM/model_122.bnet,cyber/full,completed,92.805,93.4756,,,,38132,,,,,false,false,168,175142108787973816320,148,238,218940,,41,127,41,127,74,41,,,,dependency,cyber-full,final-comparison-and-ablation,0f8d662,d2445532-9f87-471f-90a2-8fd5507132d8,f17ce4d8669280a7d5e535ef8777072cb75d85ea54f84a5e1ac35a687afd80ca,915bedc898c4a63fff6d74c9da29c14f21d1a6b0a7877cba4f915509a86b273c,28e3f0e88742b79f23e207717e804594dc9075191db40cb3df24f97fe388f7bf,2026-09-20T11:55:57+00:00,24473809_48,laurel,"gr10497b,gr10609b,gr10672b",p=1:t=14:c=14:m=64000M,1800.0,1800.0,64000
BBM/model_123.bnet,cyber/full,completed,0.056901,0.204896,,,,12604,,,,,false,false,60,137438953472,1,8,27,,6,54,6,54,43,6,,,,dependency,cyber-full,final-comparison-and-ablation,0f8d662,d2445532-9f87-471f-90a2-8fd5507132d8,f17ce4d8669280a7d5e535ef8777072cb75d85ea54f84a5e1ac35a687afd80ca,915bedc898c4a63fff6d74c9da29c14f21d1a6b0a7877cba4f915509a86b273c,28e3f0e88742b79f23e207717e804594dc9075191db40cb3df24f97fe388f7bf,2026-09-20T11:55:57+00:00,24473809_113,laurel,"gr10497b,gr10609b,gr10672b",p=1:t=14:c=14:m=64000M,1800.0,1800.0,64000
BBM/model_124.bnet,cyber/full,completed,0.088451,0.210187,,,,12548,,,,,false,false,252,332306998946228968225951765070086144,0,1,1,,0,252,0,252,118,0,,,,dependency,cyber-full,final-comparison-and-ablation,0f8d662,d2445532-9f87-471f-90a2-8fd5507132d8,f17ce4d8669280a7d5e535ef8777072cb75d85ea54f84a5e1ac35a687afd80ca,915bedc898c4a63fff6d74c9da29c14f21d1a6b0a7877cba4f915509a86b273c,28e3f0e88742b79f23e207717e804594dc9075191db40cb3df24f97fe388f7bf,2026-09-20T11:55:57+00:00,24473809_93,laurel,"gr10497b,gr10609b,gr10672b",p=1:t=14:c=14:m=64000M,1800.0,1800.0,64000
BBM/model_125.bnet,cyber/full,completed,11.9522,12.1222,,,,20496,,,,,false,false,51,2147483648,73,5,105880,,30,21,30,21,34,30,,,,dependency,cyber-full,final-comparison-and-ablation,0f8d662,d2445532-9f87-471f-90a2-8fd5507132d8,f17ce4d8669280a7d5e535ef8777072cb75d85ea54f84a5e1ac35a687afd80ca,915bedc898c4a63fff6d74c9da29c14f21d1a6b0a7877cba4f915509a86b273c,28e3f0e88742b79f23e207717e804594dc9075191db40cb3df24f97fe388f7bf,2026-09-20T11:55:57+00:00,24473809_91,laurel,"gr10497b,gr10609b,gr10672b",p=1:t=14:c=14:m=64000M,1800.0,1800.0,64000
BBM/model_126.bnet,cyber/full,completed,0.059906,0.467922,,,,12488,,,,,false,false,42,512,1,13,36,,11,31,11,31,20,11,,,,dependency,cyber-full,final-comparison-and-ablation,0f8d662,d2445532-9f87-471f-90a2-8fd5507132d8,f17ce4d8669280a7d5e535ef8777072cb75d85ea54f84a5e1ac35a687afd80ca,915bedc898c4a63fff6d74c9da29c14f21d1a6b0a7877cba4f915509a86b273c,28e3f0e88742b79f23e207717e804594dc9075191db40cb3df24f97fe388f7bf,2026-09-20T11:55:57+00:00,24473809_215,laurel,"gr10497b,gr10609b,gr10672b",p=1:t=14:c=14:m=64000M,1800.0,1800.0,64000
BBM/model_127.bnet,cyber/full,completed,0.062386,0.475182,,,,12628,,,,,false,false,79,17592186044416,0,1,1,,0,79,0,79,44,0,,,,dependency,cyber-full,final-comparison-and-ablation,0f8d662,d2445532-9f87-471f-90a2-8fd5507132d8,f17ce4d8669280a7d5e535ef8777072cb75d85ea54f84a5e1ac35a687afd80ca,915bedc898c4a63fff6d74c9da29c14f21d1a6b0a7877cba4f915509a86b273c,28e3f0e88742b79f23e207717e804594dc9075191db40cb3df24f97fe388f7bf,2026-09-20T11:55:57+00:00,24473809_69,laurel,"gr10497b,gr10609b,gr10672b",p=1:t=14:c=14:m=64000M,1800.0,1800.0,64000
BBM/model_128.bnet,cyber/full,completed,0.064749,0.358439,,,,12628,,,,,false,false,90,9007199254740992,1,5,17,,3,87,3,87,56,3,,,,dependency,cyber-full,final-comparison-and-ablation,0f8d662,d2445532-9f87-471f-90a2-8fd5507132d8,f17ce4d8669280a7d5e535ef8777072cb75d85ea54f84a5e1ac35a687afd80ca,915bedc898c4a63fff6d74c9da29c14f21d1a6b0a7877cba4f915509a86b273c,28e3f0e88742b79f23e207717e804594dc9075191db40cb3df24f97fe388f7bf,2026-09-20T11:55:57+00:00,24473809_36,laurel,"gr10497b,gr10609b,gr10672b",p=1:t=14:c=14:m=64000M,1800.0,1800.0,64000
BBM/model_129.bnet,cyber/full,completed,0.057498,0.659989,,,,12464,,,,,false,false,34,8589934592,0,1,1,,0,34,0,34,33,0,,,,dependency,cyber-full,final-comparison-and-ablation,0f8d662,d2445532-9f87-471f-90a2-8fd5507132d8,f17ce4d8669280a7d5e535ef8777072cb75d85ea54f84a5e1ac35a687afd80ca,915bedc898c4a63fff6d74c9da29c14f21d1a6b0a7877cba4f915509a86b273c,28e3f0e88742b79f23e207717e804594dc9075191db40cb3df24f97fe388f7bf,2026-09-20T11:55:57+00:00,24473809_190,laurel,"gr10497b,gr10609b,gr10672b",p=1:t=14:c=14:m=64000M,1800.0,1800.0,64000
BBM/model_130.bnet,cyber/full,completed,0.062007,0.400513,,,,12564,,,,,false,false,77,8796093022208,0,1,1,,0,77,0,77,43,0,,,,dependency,cyber-full,final-comparison-and-ablation,0f8d662,d2445532-9f87-471f-90a2-8fd5507132d8,f17ce4d8669280a7d5e535ef8777072cb75d85ea54f84a5e1ac35a687afd80ca,915bedc898c4a63fff6d74c9da29c14f21d1a6b0a7877cba4f915509a86b273c,28e3f0e88742b79f23e207717e804594dc9075191db40cb3df24f97fe388f7bf,2026-09-20T11:55:57+00:00,24473809_166,laurel,"gr10497b,gr10609b,gr10672b",p=1:t=14:c=14:m=64000M,1800.0,1800.0,64000
BBM/model_131.bnet,cyber/full,completed,0.055499,0.383669,,,,12528,,,,,false,false,21,128,0,1,1,,0,21,0,21,7,0,,,,dependency,cyber-full,final-comparison-and-ablation,0f8d662,d2445532-9f87-471f-90a2-8fd5507132d8,f17ce4d8669280a7d5e535ef8777072cb75d85ea54f84a5e1ac35a687afd80ca,915bedc898c4a63fff6d74c9da29c14f21d1a6b0a7877cba4f915509a86b273c,28e3f0e88742b79f23e207717e804594dc9075191db40cb3df24f97fe388f7bf,2026-09-20T11:55:57+00:00,24473809_133,laurel,"gr10497b,gr10609b,gr10672b",p=1:t=14:c=14:m=64000M,1800.0,1800.0,64000
BBM/model_132.bnet,cyber/full,completed,171.818,172.49,,,,30660,,,,,false,false,148,10716931377314777245585593125019058176,268,61,98820,,56,92,56,92,129,56,,,,dependency,cyber-full,final-comparison-and-ablation,0f8d662,d2445532-9f87-471f-90a2-8fd5507132d8,f17ce4d8669280a7d5e535ef8777072cb75d85ea54f84a5e1ac35a687afd80ca,915bedc898c4a63fff6d74c9da29c14f21d1a6b0a7877cba4f915509a86b273c,28e3f0e88742b79f23e207717e804594dc9075191db40cb3df24f97fe388f7bf,2026-09-20T11:55:57+00:00,24473809_145,laurel,"gr10497b,gr10609b,gr10672b",p=1:t=14:c=14:m=64000M,1800.0,1800.0,64000
BBM/model_133.bnet,cyber/full,completed,0.056651,0.207174,,,,12548,,,,,false,false,10,64,0,1,1,,0,10,0,10,6,0,,,,dependency,cyber-full,final-comparison-and-ablation,0f8d662,d2445532-9f87-471f-90a2-8fd5507132d8,f17ce4d8669280a7d5e535ef8777072cb75d85ea54f84a5e1ac35a687afd80ca,915bedc898c4a63fff6d74c9da29c14f21d1a6b0a7877cba4f915509a86b273c,28e3f0e88742b79f23e207717e804594dc9075191db40cb3df24f97fe388f7bf,2026-09-20T11:55:57+00:00,24473809_75,laurel,"gr10497b,gr10609b,gr10672b",p=1:t=14:c=14:m=64000M,1800.0,1800.0,64000
BBM/model_134.bnet,cyber/full,completed,100.545,101.221,,,,32100,,,,,false,false,38,25769803776,358,4,95038,,31,7,31,7,35,31,,,,dependency,cyber-full,final-comparison-and-ablation,0f8d662,d2445532-9f87-471f-90a2-8fd5507132d8,f17ce4d8669280a7d5e535ef8777072cb75d85ea54f84a5e1ac35a687afd80ca,915bedc898c4a63fff6d74c9da29c14f21d1a6b0a7877cba4f915509a86b273c,28e3f0e88742b79f23e207717e804594dc9075191db40cb3df24f97fe388f7bf,2026-09-20T11:55:57+00:00,24473809_132,laurel,"gr10497b,gr10609b,gr10672b",p=1:t=14:c=14:m=64000M,1800.0,1800.0,64000
BBM/model_135.bnet,cyber/full,completed,0.065198,0.200494,,,,12552,,,,,false,false,30,4194304,28,8,218,,15,15,15,15,28,15,,,,dependency,cyber-full,final-comparison-and-ablation,0f8d662,d2445532-9f87-471f-90a2-8fd5507132d8,f17ce4d8669280a7d5e535ef8777072cb75d85ea54f84a5e1ac35a687afd80ca,915bedc898c4a63fff6d74c9da29c14f21d1a6b0a7877cba4f915509a86b273c,28e3f0e88742b79f23e207717e804594dc9075191db40cb3df24f97fe388f7bf,2026-09-20T11:55:57+00:00,24473809_211,laurel,"gr10497b,gr10609b,gr10672b",p=1:t=14:c=14:m=64000M,1800.0,1800.0,64000
BBM/model_136.bnet,cyber/full,completed,0.056922,0.200225,,,,12556,,,,,false,false,28,16384,7,14,63,,15,13,15,13,26,15,,,,dependency,cyber-full,final-comparison-and-ablation,0f8d662,d2445532-9f87-471f-90a2-8fd5507132d8,f17ce4d8669280a7d5e535ef8777072cb75d85ea54f84a5e1ac35a687afd80ca,915bedc898c4a63fff6d74c9da29c14f21d1a6b0a7877cba4f915509a86b273c,28e3f0e88742b79f23e207717e804594dc9075191db40cb3df24f97fe388f7bf,2026-09-20T11:55:57+00:00,24473809_150,laurel,"gr10497b,gr10609b,gr10672b",p=1:t=14:c=14:m=64000M,1800.0,1800.0,64000
BBM/model_137.bnet,cyber/full,completed,5.38326,5.5467,,,,12584,,,,,false,false,82,1449654676855034216448,138,24,35637,,23,59,23,59,71,23,,,,dependency,cyber-full,final-comparison-and-ablation,0f8d662,d2445532-9f87-471f-90a2-8fd5507132d8,f17ce4d8669280a7d5e535ef8777072cb75d85ea54f84a5e1ac35a687afd80ca,915bedc898c4a63fff6d74c9da29c14f21d1a6b0a7877cba4f915509a86b273c,28e3f0e88742b79f23e207717e804594dc9075191db40cb3df24f97fe388f7bf,2026-09-20T11:55:57+00:00,24473809_92,laurel,"gr10497b,gr10609b,gr10672b",p=1:t=14:c=14:m=64000M,1800.0,1800.0,64000
BBM/model_138.bnet,cyber/full,completed,0.055813,0.268,,,,12632,,,,,false,false,31,131072,0,1,1,,0,31,0,31,17,0,,,,dependency,cyber-full,final-comparison-and-ablation,0f8d662,d2445532-9f87-471f-90a2-8fd5507132d8,f17ce4d8669280a7d5e535ef8777072cb75d85ea54f84a5e1ac35a687afd80ca,915bedc898c4a63fff6d74c9da29c14f21d1a6b0a7877cba4f915509a86b273c,28e3f0e88742b79f23e207717e804594dc9075191db40cb3df24f97fe388f7bf,2026-09-20T11:55:57+00:00,24473809_109,laurel,"gr10497b,gr10609b,gr10672b",p=1:t=14:c=14:m=64000M,1800.0,1800.0,64000
BBM/model_139.bnet,cyber/full,completed,0.057311,0.184796,,,,12628,,,,,false,false,19,24,7,9,60,,10,9,10,9,10,10,,,,dependency,cyber-full,final-comparison-and-ablation,0f8d662,d2445532-9f87-471f-90a2-8fd5507132d8,f17ce4d8669280a7d5e535ef8777072cb75d85ea54f84a5e1ac35a687afd80ca,915bedc898c4a63fff6d74c9da29c14f21d1a6b0a7877cba4f915509a86b273c,28e3f0e88742b79f23e207717e804594dc9075191db40cb3df24f97fe388f7bf,2026-09-20T11:55:57+00:00,24473809_78,laurel,"gr10497b,gr10609b,gr10672b",p=1:t=14:c=14:m=64000M,1800.0,1800.0,64000
BBM/model_140.bnet,cyber/full,completed,3.4883,3.67778,,,,12612,,,,,false,false,80,1099511627776,81,24,7360,,51,29,51,29,62,51,,,,dependency,cyber-full,final-comparison-and-ablation,0f8d662,d2445532-9f87-471f-90a2-8fd5507132d8,f17ce4d8669280a7d5e535ef8777072cb75d85ea54f84a5e1ac35a687afd80ca,915bedc898c4a63fff6d74c9da29c14f21d1a6b0a7877cba4f915509a86b273c,28e3f0e88742b79f23e207717e804594dc9075191db40cb3df24f97fe388f7bf,2026-09-20T11:55:57+00:00,24473809_56,laurel,"gr10497b,gr10609b,gr10672b",p=1:t=14:c=14:m=64000M,1800.0,1800.0,64000
BBM/model_141.bnet,cyber/full,completed,0.123762,0.294287,,,,12640,,,,,false,false,45,59659780096,32,21,917,,28,17,28,17,43,28,,,,dependency,cyber-full,final-comparison-and-ablation,0f8d662,d2445532-9f87-471f-90a2-8fd5507132d8,f17ce4d8669280a7d5e535ef8777072cb75d85ea54f84a5e1ac35a687afd80ca,915bedc898c4a63fff6d74c9da29c14f21d1a6b0a7877cba4f915509a86b273c,28e3f0e88742b79f23e207717e804594dc9075191db40cb3df24f97fe388f7bf,2026-09-20T11:55:57+00:00,24473809_115,laurel,"gr10497b,gr10609b,gr10672b",p=1:t=14:c=14:m=64000M,1800.0,1800.0,64000
BBM/model_142.bnet,cyber/full,completed,0.259011,0.402215,,,,12636,,,,,false,false,29,2097152,46,8,2737,,26,3,26,3,27,26,,,,dependency,cyber-full,final-comparison-and-ablation,0f8d662,d2445532-9f87-471f-90a2-8fd5507132d8,f17ce4d8669280a7d5e535ef8777072cb75d85ea54f84a5e1ac35a687afd80ca,915bedc898c4a63fff6d74c9da29c14f21d1a6b0a7877cba4f915509a86b273c,28e3f0e88742b79f23e207717e804594dc9075191db40cb3df24f97fe388f7bf,2026-09-20T11:55:57+00:00,24473809_57,laurel,"gr10497b,gr10609b,gr10672b",p=1:t=14:c=14:m=64000M,1800.0,1800.0,64000
BBM/model_143.bnet,cyber/full,completed,161.228,161.829,,,,61520,,,,,false,false,97,288230376151711744,200,14,234767,,47,50,47,50,70,47,,,,dependency,cyber-full,final-comparison-and-ablation,0f8d662,d2445532-9f87-471f-90a2-8fd5507132d8,f17ce4d8669280a7d5e535ef8777072cb75d85ea54f84a5e1ac35a687afd80ca,915bedc898c4a63fff6d74c9da29c14f21d1a6b0a7877cba4f915509a86b273c,28e3f0e88742b79f23e207717e804594dc9075191db40cb3df24f97fe388f7bf,2026-09-20T11:55:57+00:00,24473809_28,laurel,"gr10497b,gr10609b,gr10672b",p=1:t=14:c=14:m=64000M,1800.0,1800.0,64000
BBM/model_144.bnet,cyber/full,completed,0.091799,0.220517,,,,12624,,,,,false,false,202,147573952589676412928,8,81,598,,86,116,86,116,146,86,,,,dependency,cyber-full,final-comparison-and-ablation,0f8d662,d2445532-9f87-471f-90a2-8fd5507132d8,f17ce4d8669280a7d5e535ef8777072cb75d85ea54f84a5e1ac35a687afd80ca,915bedc898c4a63fff6d74c9da29c14f21d1a6b0a7877cba4f915509a86b273c,28e3f0e88742b79f23e207717e804594dc9075191db40cb3df24f97fe388f7bf,2026-09-20T11:55:57+00:00,24473809_194,laurel,"gr10497b,gr10609b,gr10672b",p=1:t=14:c=14:m=64000M,1800.0,1800.0,64000
BBM/model_145.bnet,cyber/full,completed,46.5944,46.8694,,,,12896,,,,,false,false,62,412316860416,346,27,34948,,51,11,51,11,61,51,,,,dependency,cyber-full,final-comparison-and-ablation,0f8d662,d2445532-9f87-471f-90a2-8fd5507132d8,f17ce4d8669280a7d5e535ef8777072cb75d85ea54f84a5e1ac35a687afd80ca,915bedc898c4a63fff6d74c9da29c14f21d1a6b0a7877cba4f915509a86b273c,28e3f0e88742b79f23e207717e804594dc9075191db40cb3df24f97fe388f7bf,2026-09-20T11:55:57+00:00,24473809_156,laurel,"gr10497b,gr10609b,gr10672b",p=1:t=14:c=14:m=64000M,1800.0,1800.0,64000
BBM/model_146.bnet,cyber/full,completed,39.0974,39.452,,,,38104,,,,,false,false,50,103275520,111,839,105072,,40,10,40,10,40,40,,,,dependency,cyber-full,final-comparison-and-ablation,0f8d662,d2445532-9f87-471f-90a2-8fd5507132d8,f17ce4d8669280a7d5e535ef8777072cb75d85ea54f84a5e1ac35a687afd80ca,915bedc898c4a63fff6d74c9da29c14f21d1a6b0a7877cba4f915509a86b273c,28e3f0e88742b79f23e207717e804594dc9075191db40cb3df24f97fe388f7bf,2026-09-20T11:55:57+00:00,24473809_54,laurel,"gr10497b,gr10609b,gr10672b",p=1:t=14:c=14:m=64000M,1800.0,1800.0,64000
BBM/model_147.bnet,cyber/full,completed,0.064209,0.278654,,,,12588,,,,,false,false,16,128,14,6,79,,11,5,11,5,11,11,,,,dependency,cyber-full,final-comparison-and-ablation,0f8d662,d2445532-9f87-471f-90a2-8fd5507132d8,f17ce4d8669280a7d5e535ef8777072cb75d85ea54f84a5e1ac35a687afd80ca,915bedc898c4a63fff6d74c9da29c14f21d1a6b0a7877cba4f915509a86b273c,28e3f0e88742b79f23e207717e804594dc9075191db40cb3df24f97fe388f7bf,2026-09-20T11:55:57+00:00,24473809_67,laurel,"gr10497b,gr10609b,gr10672b",p=1:t=14:c=14:m=64000M,1800.0,1800.0,64000
BBM/model_148.bnet,cyber/full,timeout,1792.95,1800.01,,,,1338820,,,,,true,false,83,,,,,,,,,,,,,,,,cyber-full,final-comparison-and-ablation,0f8d662,d2445532-9f87-471f-90a2-8fd5507132d8,f17ce4d8669280a7d5e535ef8777072cb75d85ea54f84a5e1ac35a687afd80ca,915bedc898c4a63fff6d74c9da29c14f21d1a6b0a7877cba4f915509a86b273c,28e3f0e88742b79f23e207717e804594dc9075191db40cb3df24f97fe388f7bf,2026-09-20T11:55:57+00:00,24473809_12,laurel,"gr10497b,gr10609b,gr10672b",p=1:t=14:c=14:m=64000M,1800.0,1800.0,64000
BBM/model_149.bnet,cyber/full,completed,0.057065,0.247987,,,,12604,,,,,false,false,14,896,9,8,34,,6,8,6,8,12,6,,,,dependency,cyber-full,final-comparison-and-ablation,0f8d662,d2445532-9f87-471f-90a2-8fd5507132d8,f17ce4d8669280a7d5e535ef8777072cb75d85ea54f84a5e1ac35a687afd80ca,915bedc898c4a63fff6d74c9da29c14f21d1a6b0a7877cba4f915509a86b273c,28e3f0e88742b79f23e207717e804594dc9075191db40cb3df24f97fe388f7bf,2026-09-20T11:55:57+00:00,24473809_159,laurel,"gr10497b,gr10609b,gr10672b",p=1:t=14:c=14:m=64000M,1800.0,1800.0,64000
BBM/model_150.bnet,cyber/full,completed,0.239352,0.510688,,,,12556,,,,,false,false,33,1331456,54,51,1528,,26,7,26,7,31,26,,,,dependency,cyber-full,final-comparison-and-ablation,0f8d662,d2445532-9f87-471f-90a2-8fd5507132d8,f17ce4d8669280a7d5e535ef8777072cb75d85ea54f84a5e1ac35a687afd80ca,915bedc898c4a63fff6d74c9da29c14f21d1a6b0a7877cba4f915509a86b273c,28e3f0e88742b79f23e207717e804594dc9075191db40cb3df24f97fe388f7bf,2026-09-20T11:55:57+00:00,24473809_72,laurel,"gr10497b,gr10609b,gr10672b",p=1:t=14:c=14:m=64000M,1800.0,1800.0,64000
BBM/model_151.bnet,cyber/full,timeout,1792.65,1800.01,,,,2385668,,,,,true,false,133,,,,,,,,,,,,,,,,cyber-full,final-comparison-and-ablation,0f8d662,d2445532-9f87-471f-90a2-8fd5507132d8,f17ce4d8669280a7d5e535ef8777072cb75d85ea54f84a5e1ac35a687afd80ca,915bedc898c4a63fff6d74c9da29c14f21d1a6b0a7877cba4f915509a86b273c,28e3f0e88742b79f23e207717e804594dc9075191db40cb3df24f97fe388f7bf,2026-09-20T11:55:57+00:00,24473809_25,laurel,"gr10497b,gr10609b,gr10672b",p=1:t=14:c=14:m=64000M,1800.0,1800.0,64000
BBM/model_152.bnet,cyber/full,completed,87.8075,88.2257,,,,70652,,,,,false,false,53,11800422645760,137,172,273483,,38,15,38,15,50,38,,,,dependency,cyber-full,final-comparison-and-ablation,0f8d662,d2445532-9f87-471f-90a2-8fd5507132d8,f17ce4d8669280a7d5e535ef8777072cb75d85ea54f84a5e1ac35a687afd80ca,915bedc898c4a63fff6d74c9da29c14f21d1a6b0a7877cba4f915509a86b273c,28e3f0e88742b79f23e207717e804594dc9075191db40cb3df24f97fe388f7bf,2026-09-20T11:55:57+00:00,24473809_149,laurel,"gr10497b,gr10609b,gr10672b",p=1:t=14:c=14:m=64000M,1800.0,1800.0,64000
BBM/model_153.bnet,cyber/full,completed,0.061131,0.174397,,,,12484,,,,,false,false,18,640,3,13,42,,10,8,10,8,17,10,,,,dependency,cyber-full,final-comparison-and-ablation,0f8d662,d2445532-9f87-471f-90a2-8fd5507132d8,f17ce4d8669280a7d5e535ef8777072cb75d85ea54f84a5e1ac35a687afd80ca,915bedc898c4a63fff6d74c9da29c14f21d1a6b0a7877cba4f915509a86b273c,28e3f0e88742b79f23e207717e804594dc9075191db40cb3df24f97fe388f7bf,2026-09-20T11:55:57+00:00,24473809_11,laurel,"gr10497b,gr10609b,gr10672b",p=1:t=14:c=14:m=64000M,1800.0,1800.0,64000
BBM/model_154.bnet,cyber/full,completed,0.388681,0.524554,,,,12548,,,,,false,false,21,128,9,13,125,,18,3,18,3,18,18,,,,dependency,cyber-full,final-comparison-and-ablation,0f8d662,d2445532-9f87-471f-90a2-8fd5507132d8,f17ce4d8669280a7d5e535ef8777072cb75d85ea54f84a5e1ac35a687afd80ca,915bedc898c4a63fff6d74c9da29c14f21d1a6b0a7877cba4f915509a86b273c,28e3f0e88742b79f23e207717e804594dc9075191db40cb3df24f97fe388f7bf,2026-09-20T11:55:57+00:00,24473809_214,laurel,"gr10497b,gr10609b,gr10672b",p=1:t=14:c=14:m=64000M,1800.0,1800.0,64000
BBM/model_155.bnet,cyber/full,completed,1.73243,1.97881,,,,12592,,,,,false,false,71,133143986176,45,38,2432,,34,37,34,37,45,34,,,,dependency,cyber-full,final-comparison-and-ablation,0f8d662,d2445532-9f87-471f-90a2-8fd5507132d8,f17ce4d8669280a7d5e535ef8777072cb75d85ea54f84a5e1ac35a687afd80ca,915bedc898c4a63fff6d74c9da29c14f21d1a6b0a7877cba4f915509a86b273c,28e3f0e88742b79f23e207717e804594dc9075191db40cb3df24f97fe388f7bf,2026-09-20T11:55:57+00:00,24473809_157,laurel,"gr10497b,gr10609b,gr10672b",p=1:t=14:c=14:m=64000M,1800.0,1800.0,64000
BBM/model_156.bnet,cyber/full,completed,0.063477,0.242599,,,,12596,,,,,false,false,36,262144,5,7,47,,9,27,9,27,23,9,,,,dependency,cyber-full,final-comparison-and-ablation,0f8d662,d2445532-9f87-471f-90a2-8fd5507132d8,f17ce4d8669280a7d5e535ef8777072cb75d85ea54f84a5e1ac35a687afd80ca,915bedc898c4a63fff6d74c9da29c14f21d1a6b0a7877cba4f915509a86b273c,28e3f0e88742b79f23e207717e804594dc9075191db40cb3df24f97fe388f7bf,2026-09-20T11:55:57+00:00,24473809_33,laurel,"gr10497b,gr10609b,gr10672b",p=1:t=14:c=14:m=64000M,1800.0,1800.0,64000
BBM/model_157.bnet,cyber/full,completed,0.714133,0.842713,,,,12632,,,,,false,false,103,2181431069507584,45,34,4636,,34,69,34,69,62,34,,,,dependency,cyber-full,final-comparison-and-ablation,0f8d662,d2445532-9f87-471f-90a2-8fd5507132d8,f17ce4d8669280a7d5e535ef8777072cb75d85ea54f84a5e1ac35a687afd80ca,915bedc898c4a63fff6d74c9da29c14f21d1a6b0a7877cba4f915509a86b273c,28e3f0e88742b79f23e207717e804594dc9075191db40cb3df24f97fe388f7bf,2026-09-20T11:55:57+00:00,24473809_143,laurel,"gr10497b,gr10609b,gr10672b",p=1:t=14:c=14:m=64000M,1800.0,1800.0,64000
BBM/model_158.bnet,cyber/full,completed,0.05632,0.369166,,,,12592,,,,,false,false,7,16,5,5,37,,7,0,7,0,7,7,,,,dependency,cyber-full,final-comparison-and-ablation,0f8d662,d2445532-9f87-471f-90a2-8fd5507132d8,f17ce4d8669280a7d5e535ef8777072cb75d85ea54f84a5e1ac35a687afd80ca,915bedc898c4a63fff6d74c9da29c14f21d1a6b0a7877cba4f915509a86b273c,28e3f0e88742b79f23e207717e804594dc9075191db40cb3df24f97fe388f7bf,2026-09-20T11:55:57+00:00,24473809_139,laurel,"gr10497b,gr10609b,gr10672b",p=1:t=14:c=14:m=64000M,1800.0,1800.0,64000
BBM/model_159.bnet,cyber/full,completed,0.45363,0.60259,,,,12616,,,,,false,false,39,10673152,57,96,1060,,22,17,22,17,31,22,,,,dependency,cyber-full,final-comparison-and-ablation,0f8d662,d2445532-9f87-471f-90a2-8fd5507132d8,f17ce4d8669280a7d5e535ef8777072cb75d85ea54f84a5e1ac35a687afd80ca,915bedc898c4a63fff6d74c9da29c14f21d1a6b0a7877cba4f915509a86b273c,28e3f0e88742b79f23e207717e804594dc9075191db40cb3df24f97fe388f7bf,2026-09-20T11:55:57+00:00,24473809_70,laurel,"gr10497b,gr10609b,gr10672b",p=1:t=14:c=14:m=64000M,1800.0,1800.0,64000
BBM/model_160.bnet,cyber/full,timeout,1793.08,1800.01,,,,1349152,,,,,true,false,92,,,,,,,,,,,,,,,,,final-comparison-and-ablation,0f8d662,d2445532-9f87-471f-90a2-8fd5507132d8,f17ce4d8669280a7d5e535ef8777072cb75d85ea54f84a5e1ac35a687afd80ca,915bedc898c4a63fff6d74c9da29c14f21d1a6b0a7877cba4f915509a86b273c,28e3f0e88742b79f23e207717e804594dc9075191db40cb3df24f97fe388f7bf,2026-09-20T11:55:57+00:00,24473809_123,laurel,"gr10497b,gr10609b,gr10672b",p=1:t=14:c=14:m=64000M,1800.0,1800.0,64000
BBM/model_161.bnet,cyber/full,completed,2.95943,3.10848,,,,12680,,,,,false,false,96,19807040628566084398385987584,0,1,1,,0,96,0,96,94,0,,,,dependency,cyber-full,final-comparison-and-ablation,0f8d662,d2445532-9f87-471f-90a2-8fd5507132d8,f17ce4d8669280a7d5e535ef8777072cb75d85ea54f84a5e1ac35a687afd80ca,915bedc898c4a63fff6d74c9da29c14f21d1a6b0a7877cba4f915509a86b273c,28e3f0e88742b79f23e207717e804594dc9075191db40cb3df24f97fe388f7bf,2026-09-20T11:55:57+00:00,24473809_124,laurel,"gr10497b,gr10609b,gr10672b",p=1:t=14:c=14:m=64000M,1800.0,1800.0,64000
BBM/model_162.bnet,cyber/full,completed,0.057076,0.193445,,,,12548,,,,,false,false,18,768,13,4,79,,8,10,8,10,10,8,,,,dependency,cyber-full,final-comparison-and-ablation,0f8d662,d2445532-9f87-471f-90a2-8fd5507132d8,f17ce4d8669280a7d5e535ef8777072cb75d85ea54f84a5e1ac35a687afd80ca,915bedc898c4a63fff6d74c9da29c14f21d1a6b0a7877cba4f915509a86b273c,28e3f0e88742b79f23e207717e804594dc9075191db40cb3df24f97fe388f7bf,2026-09-20T11:55:57+00:00,24473809_130,laurel,"gr10497b,gr10609b,gr10672b",p=1:t=14:c=14:m=64000M,1800.0,1800.0,64000
BBM/model_163.bnet,cyber/full,completed,0.0568,0.368067,,,,12584,,,,,false,false,34,8388608,0,1,1,,0,34,0,34,23,0,,,,dependency,cyber-full,final-comparison-and-ablation,0f8d662,d2445532-9f87-471f-90a2-8fd5507132d8,f17ce4d8669280a7d5e535ef8777072cb75d85ea54f84a5e1ac35a687afd80ca,915bedc898c4a63fff6d74c9da29c14f21d1a6b0a7877cba4f915509a86b273c,28e3f0e88742b79f23e207717e804594dc9075191db40cb3df24f97fe388f7bf,2026-09-20T11:55:57+00:00,24473809_122,laurel,"gr10497b,gr10609b,gr10672b",p=1:t=14:c=14:m=64000M,1800.0,1800.0,64000
BBM/model_164.bnet,cyber/full,completed,0.056484,0.256683,,,,12592,,,,,false,false,24,4096,0,1,1,,0,24,0,24,12,0,,,,dependency,cyber-full,final-comparison-and-ablation,0f8d662,d2445532-9f87-471f-90a2-8fd5507132d8,f17ce4d8669280a7d5e535ef8777072cb75d85ea54f84a5e1ac35a687afd80ca,915bedc898c4a63fff6d74c9da29c14f21d1a6b0a7877cba4f915509a86b273c,28e3f0e88742b79f23e207717e804594dc9075191db40cb3df24f97fe388f7bf,2026-09-20T11:55:57+00:00,24473809_165,laurel,"gr10497b,gr10609b,gr10672b",p=1:t=14:c=14:m=64000M,1800.0,1800.0,64000
BBM/model_165.bnet,cyber/full,completed,0.061691,0.233443,,,,12624,,,,,false,false,8,8,0,1,1,,0,8,0,8,3,0,,,,dependency,cyber-full,final-comparison-and-ablation,0f8d662,d2445532-9f87-471f-90a2-8fd5507132d8,f17ce4d8669280a7d5e535ef8777072cb75d85ea54f84a5e1ac35a687afd80ca,915bedc898c4a63fff6d74c9da29c14f21d1a6b0a7877cba4f915509a86b273c,28e3f0e88742b79f23e207717e804594dc9075191db40cb3df24f97fe388f7bf,2026-09-20T11:55:57+00:00,24473809_34,laurel,"gr10497b,gr10609b,gr10672b",p=1:t=14:c=14:m=64000M,1800.0,1800.0,64000
BBM/model_166.bnet,cyber/full,completed,0.05536,0.212418,,,,12588,,,,,false,false,19,128,0,1,1,,0,19,0,19,7,0,,,,dependency,cyber-full,final-comparison-and-ablation,0f8d662,d2445532-9f87-471f-90a2-8fd5507132d8,f17ce4d8669280a7d5e535ef8777072cb75d85ea54f84a5e1ac35a687afd80ca,915bedc898c4a63fff6d74c9da29c14f21d1a6b0a7877cba4f915509a86b273c,28e3f0e88742b79f23e207717e804594dc9075191db40cb3df24f97fe388f7bf,2026-09-20T11:55:57+00:00,24473809_192,laurel,"gr10497b,gr10609b,gr10672b",p=1:t=14:c=14:m=64000M,1800.0,1800.0,64000
BBM/model_167.bnet,cyber/full,completed,0.342145,0.489583,,,,12612,,,,,false,false,57,150323855360,61,12,2540,,24,33,24,33,41,24,,,,dependency,cyber-full,final-comparison-and-ablation,0f8d662,d2445532-9f87-471f-90a2-8fd5507132d8,f17ce4d8669280a7d5e535ef8777072cb75d85ea54f84a5e1ac35a687afd80ca,915bedc898c4a63fff6d74c9da29c14f21d1a6b0a7877cba4f915509a86b273c,28e3f0e88742b79f23e207717e804594dc9075191db40cb3df24f97fe388f7bf,2026-09-20T11:55:57+00:00,24473809_169,laurel,"gr10497b,gr10609b,gr10672b",p=1:t=14:c=14:m=64000M,1800.0,1800.0,64000
BBM/model_168.bnet,cyber/full,completed,0.057559,0.24465,,,,12628,,,,,false,false,13,128,0,1,1,,0,13,0,13,7,0,,,,dependency,cyber-full,final-comparison-and-ablation,0f8d662,d2445532-9f87-471f-90a2-8fd5507132d8,f17ce4d8669280a7d5e535ef8777072cb75d85ea54f84a5e1ac35a687afd80ca,915bedc898c4a63fff6d74c9da29c14f21d1a6b0a7877cba4f915509a86b273c,28e3f0e88742b79f23e207717e804594dc9075191db40cb3df24f97fe388f7bf,2026-09-20T11:55:57+00:00,24473809_1,laurel,"gr10497b,gr10609b,gr10672b",p=1:t=14:c=14:m=64000M,1800.0,1800.0,64000
BBM/model_169.bnet,cyber/full,completed,0.054625,0.255143,,,,12580,,,,,false,false,7,32,0,1,1,,0,7,0,7,5,0,,,,dependency,cyber-full,final-comparison-and-ablation,0f8d662,d2445532-9f87-471f-90a2-8fd5507132d8,f17ce4d8669280a7d5e535ef8777072cb75d85ea54f84a5e1ac35a687afd80ca,915bedc898c4a63fff6d74c9da29c14f21d1a6b0a7877cba4f915509a86b273c,28e3f0e88742b79f23e207717e804594dc9075191db40cb3df24f97fe388f7bf,2026-09-20T11:55:57+00:00,24473809_179,laurel,"gr10497b,gr10609b,gr10672b",p=1:t=14:c=14:m=64000M,1800.0,1800.0,64000
BBM/model_170.bnet,cyber/full,completed,0.055254,0.592281,,,,12632,,,,,false,false,7,16,0,1,1,,0,7,0,7,4,0,,,,dependency,cyber-full,final-comparison-and-ablation,0f8d662,d2445532-9f87-471f-90a2-8fd5507132d8,f17ce4d8669280a7d5e535ef8777072cb75d85ea54f84a5e1ac35a687afd80ca,915bedc898c4a63fff6d74c9da29c14f21d1a6b0a7877cba4f915509a86b273c,28e3f0e88742b79f23e207717e804594dc9075191db40cb3df24f97fe388f7bf,2026-09-20T11:55:57+00:00,24473809_82,laurel,"gr10497b,gr10609b,gr10672b",p=1:t=14:c=14:m=64000M,1800.0,1800.0,64000
BBM/model_171.bnet,cyber/full,completed,0.056779,0.32484,,,,12624,,,,,false,false,7,16,0,1,1,,0,7,0,7,4,0,,,,dependency,cyber-full,final-comparison-and-ablation,0f8d662,d2445532-9f87-471f-90a2-8fd5507132d8,f17ce4d8669280a7d5e535ef8777072cb75d85ea54f84a5e1ac35a687afd80ca,915bedc898c4a63fff6d74c9da29c14f21d1a6b0a7877cba4f915509a86b273c,28e3f0e88742b79f23e207717e804594dc9075191db40cb3df24f97fe388f7bf,2026-09-20T11:55:57+00:00,24473809_65,laurel,"gr10497b,gr10609b,gr10672b",p=1:t=14:c=14:m=64000M,1800.0,1800.0,64000
BBM/model_172.bnet,cyber/full,completed,0.148228,0.335003,,,,12544,,,,,false,false,7,12,2,4,9,,2,5,2,5,4,2,,,,dependency,cyber-full,final-comparison-and-ablation,0f8d662,d2445532-9f87-471f-90a2-8fd5507132d8,f17ce4d8669280a7d5e535ef8777072cb75d85ea54f84a5e1ac35a687afd80ca,915bedc898c4a63fff6d74c9da29c14f21d1a6b0a7877cba4f915509a86b273c,28e3f0e88742b79f23e207717e804594dc9075191db40cb3df24f97fe388f7bf,2026-09-20T11:55:57+00:00,24473809_5,laurel,"gr10497b,gr10609b,gr10672b",p=1:t=14:c=14:m=64000M,1800.0,1800.0,64000
BBM/model_173.bnet,cyber/full,completed,0.25316,0.408786,,,,12620,,,,,false,false,76,617679244205490176,103,25,969,,20,56,20,56,62,20,,,,dependency,cyber-full,final-comparison-and-ablation,0f8d662,d2445532-9f87-471f-90a2-8fd5507132d8,f17ce4d8669280a7d5e535ef8777072cb75d85ea54f84a5e1ac35a687afd80ca,915bedc898c4a63fff6d74c9da29c14f21d1a6b0a7877cba4f915509a86b273c,28e3f0e88742b79f23e207717e804594dc9075191db40cb3df24f97fe388f7bf,2026-09-20T11:55:57+00:00,24473809_83,laurel,"gr10497b,gr10609b,gr10672b",p=1:t=14:c=14:m=64000M,1800.0,1800.0,64000
BBM/model_174.bnet,cyber/full,completed,1.45589,1.60326,,,,12620,,,,,false,false,19,335872,61,11,5644,,19,0,19,0,19,19,,,,dependency,cyber-full,final-comparison-and-ablation,0f8d662,d2445532-9f87-471f-90a2-8fd5507132d8,f17ce4d8669280a7d5e535ef8777072cb75d85ea54f84a5e1ac35a687afd80ca,915bedc898c4a63fff6d74c9da29c14f21d1a6b0a7877cba4f915509a86b273c,28e3f0e88742b79f23e207717e804594dc9075191db40cb3df24f97fe388f7bf,2026-09-20T11:55:57+00:00,24473809_186,laurel,"gr10497b,gr10609b,gr10672b",p=1:t=14:c=14:m=64000M,1800.0,1800.0,64000
BBM/model_175.bnet,cyber/full,completed,0.062308,0.35659,,,,12604,,,,,false,false,41,12582912,6,17,70,,9,32,9,32,28,9,,,,dependency,cyber-full,final-comparison-and-ablation,0f8d662,d2445532-9f87-471f-90a2-8fd5507132d8,f17ce4d8669280a7d5e535ef8777072cb75d85ea54f84a5e1ac35a687afd80ca,915bedc898c4a63fff6d74c9da29c14f21d1a6b0a7877cba4f915509a86b273c,28e3f0e88742b79f23e207717e804594dc9075191db40cb3df24f97fe388f7bf,2026-09-20T11:55:57+00:00,24473809_24,laurel,"gr10497b,gr10609b,gr10672b",p=1:t=14:c=14:m=64000M,1800.0,1800.0,64000
BBM/model_177.bnet,cyber/full,completed,0.074236,0.244702,,,,12548,,,,,false,false,34,5376,15,52,237,,26,8,26,8,31,26,,,,dependency,cyber-full,final-comparison-and-ablation,0f8d662,d2445532-9f87-471f-90a2-8fd5507132d8,f17ce4d8669280a7d5e535ef8777072cb75d85ea54f84a5e1ac35a687afd80ca,915bedc898c4a63fff6d74c9da29c14f21d1a6b0a7877cba4f915509a86b273c,28e3f0e88742b79f23e207717e804594dc9075191db40cb3df24f97fe388f7bf,2026-09-20T11:55:57+00:00,24473809_178,laurel,"gr10497b,gr10609b,gr10672b",p=1:t=14:c=14:m=64000M,1800.0,1800.0,64000
BBM/model_178.bnet,cyber/full,completed,4.13885,4.7358,,,,12632,,,,,false,false,48,588007866368,116,23,6829,,26,22,26,22,43,26,,,,dependency,cyber-full,final-comparison-and-ablation,0f8d662,d2445532-9f87-471f-90a2-8fd5507132d8,f17ce4d8669280a7d5e535ef8777072cb75d85ea54f84a5e1ac35a687afd80ca,915bedc898c4a63fff6d74c9da29c14f21d1a6b0a7877cba4f915509a86b273c,28e3f0e88742b79f23e207717e804594dc9075191db40cb3df24f97fe388f7bf,2026-09-20T11:55:57+00:00,24473809_18,laurel,"gr10497b,gr10609b,gr10672b",p=1:t=14:c=14:m=64000M,1800.0,1800.0,64000
BBM/model_179.bnet,cyber/full,completed,338.216,340.31,,,,68632,,,,,false,false,56,10761338880,397,320,331163,,39,17,39,17,46,39,,,,dependency,cyber-full,final-comparison-and-ablation,0f8d662,d2445532-9f87-471f-90a2-8fd5507132d8,f17ce4d8669280a7d5e535ef8777072cb75d85ea54f84a5e1ac35a687afd80ca,915bedc898c4a63fff6d74c9da29c14f21d1a6b0a7877cba4f915509a86b273c,28e3f0e88742b79f23e207717e804594dc9075191db40cb3df24f97fe388f7bf,2026-09-20T11:55:57+00:00,24473809_63,laurel,"gr10497b,gr10609b,gr10672b",p=1:t=14:c=14:m=64000M,1800.0,1800.0,64000
BBM/model_180.bnet,cyber/full,completed,0.056913,0.218415,,,,12640,,,,,false,false,12,1024,0,1,1,,0,12,0,12,10,0,,,,dependency,cyber-full,final-comparison-and-ablation,0f8d662,d2445532-9f87-471f-90a2-8fd5507132d8,f17ce4d8669280a7d5e535ef8777072cb75d85ea54f84a5e1ac35a687afd80ca,915bedc898c4a63fff6d74c9da29c14f21d1a6b0a7877cba4f915509a86b273c,28e3f0e88742b79f23e207717e804594dc9075191db40cb3df24f97fe388f7bf,2026-09-20T11:55:57+00:00,24473809_45,laurel,"gr10497b,gr10609b,gr10672b",p=1:t=14:c=14:m=64000M,1800.0,1800.0,64000
BBM/model_181.bnet,cyber/full,completed,0.080922,0.276224,,,,12592,,,,,false,false,13,180,11,51,212,,12,1,12,1,12,12,,,,dependency,cyber-full,final-comparison-and-ablation,0f8d662,d2445532-9f87-471f-90a2-8fd5507132d8,f17ce4d8669280a7d5e535ef8777072cb75d85ea54f84a5e1ac35a687afd80ca,915bedc898c4a63fff6d74c9da29c14f21d1a6b0a7877cba4f915509a86b273c,28e3f0e88742b79f23e207717e804594dc9075191db40cb3df24f97fe388f7bf,2026-09-20T11:55:57+00:00,24473809_61,laurel,"gr10497b,gr10609b,gr10672b",p=1:t=14:c=14:m=64000M,1800.0,1800.0,64000
BBM/model_182.bnet,cyber/full,completed,0.073996,0.229526,,,,12596,,,,,false,false,14,16,5,10,73,,12,2,12,2,12,12,,,,dependency,cyber-full,final-comparison-and-ablation,0f8d662,d2445532-9f87-471f-90a2-8fd5507132d8,f17ce4d8669280a7d5e535ef8777072cb75d85ea54f84a5e1ac35a687afd80ca,915bedc898c4a63fff6d74c9da29c14f21d1a6b0a7877cba4f915509a86b273c,28e3f0e88742b79f23e207717e804594dc9075191db40cb3df24f97fe388f7bf,2026-09-20T11:55:57+00:00,24473809_32,laurel,"gr10497b,gr10609b,gr10672b",p=1:t=14:c=14:m=64000M,1800.0,1800.0,64000
BBM/model_183.bnet,cyber/full,completed,16.9148,17.1081,,,,21980,,,,,false,false,35,48131776,135,187,15491,,27,8,27,8,31,27,,,,dependency,cyber-full,final-comparison-and-ablation,0f8d662,d2445532-9f87-471f-90a2-8fd5507132d8,f17ce4d8669280a7d5e535ef8777072cb75d85ea54f84a5e1ac35a687afd80ca,915bedc898c4a63fff6d74c9da29c14f21d1a6b0a7877cba4f915509a86b273c,28e3f0e88742b79f23e207717e804594dc9075191db40cb3df24f97fe388f7bf,2026-09-20T11:55:57+00:00,24473809_134,laurel,"gr10497b,gr10609b,gr10672b",p=1:t=14:c=14:m=64000M,1800.0,1800.0,64000
BBM/model_184.bnet,cyber/full,completed,0.054962,0.190975,,,,12484,,,,,false,false,6,4,3,5,21,,5,1,5,1,5,5,,,,dependency,cyber-full,final-comparison-and-ablation,0f8d662,d2445532-9f87-471f-90a2-8fd5507132d8,f17ce4d8669280a7d5e535ef8777072cb75d85ea54f84a5e1ac35a687afd80ca,915bedc898c4a63fff6d74c9da29c14f21d1a6b0a7877cba4f915509a86b273c,28e3f0e88742b79f23e207717e804594dc9075191db40cb3df24f97fe388f7bf,2026-09-20T11:55:57+00:00,24473809_174,laurel,"gr10497b,gr10609b,gr10672b",p=1:t=14:c=14:m=64000M,1800.0,1800.0,64000
BBM/model_185.bnet,cyber/full,completed,0.065551,0.190819,,,,12548,,,,,false,false,15,72,14,18,102,,12,3,12,3,12,12,,,,dependency,cyber-full,final-comparison-and-ablation,0f8d662,d2445532-9f87-471f-90a2-8fd5507132d8,f17ce4d8669280a7d5e535ef8777072cb75d85ea54f84a5e1ac35a687afd80ca,915bedc898c4a63fff6d74c9da29c14f21d1a6b0a7877cba4f915509a86b273c,28e3f0e88742b79f23e207717e804594dc9075191db40cb3df24f97fe388f7bf,2026-09-20T11:55:57+00:00,24473809_79,laurel,"gr10497b,gr10609b,gr10672b",p=1:t=14:c=14:m=64000M,1800.0,1800.0,64000
BBM/model_186.bnet,cyber/full,completed,0.055813,0.184361,,,,12552,,,,,false,false,10,3,3,9,35,,7,3,7,3,7,7,,,,dependency,cyber-full,final-comparison-and-ablation,0f8d662,d2445532-9f87-471f-90a2-8fd5507132d8,f17ce4d8669280a7d5e535ef8777072cb75d85ea54f84a5e1ac35a687afd80ca,915bedc898c4a63fff6d74c9da29c14f21d1a6b0a7877cba4f915509a86b273c,28e3f0e88742b79f23e207717e804594dc9075191db40cb3df24f97fe388f7bf,2026-09-20T11:55:57+00:00,24473809_110,laurel,"gr10497b,gr10609b,gr10672b",p=1:t=14:c=14:m=64000M,1800.0,1800.0,64000
BBM/model_187.bnet,cyber/full,completed,0.057366,0.192915,,,,12544,,,,,false,false,19,576,11,10,63,,10,9,10,9,13,10,,,,dependency,cyber-full,final-comparison-and-ablation,0f8d662,d2445532-9f87-471f-90a2-8fd5507132d8,f17ce4d8669280a7d5e535ef8777072cb75d85ea54f84a5e1ac35a687afd80ca,915bedc898c4a63fff6d74c9da29c14f21d1a6b0a7877cba4f915509a86b273c,28e3f0e88742b79f23e207717e804594dc9075191db40cb3df24f97fe388f7bf,2026-09-20T11:55:57+00:00,24473809_176,laurel,"gr10497b,gr10609b,gr10672b",p=1:t=14:c=14:m=64000M,1800.0,1800.0,64000
BBM/model_188.bnet,cyber/full,completed,0.078311,0.232327,,,,12636,,,,,false,false,37,5308416,21,18,320,,20,17,20,17,30,20,,,,dependency,cyber-full,final-comparison-and-ablation,0f8d662,d2445532-9f87-471f-90a2-8fd5507132d8,f17ce4d8669280a7d5e535ef8777072cb75d85ea54f84a5e1ac35a687afd80ca,915bedc898c4a63fff6d74c9da29c14f21d1a6b0a7877cba4f915509a86b273c,28e3f0e88742b79f23e207717e804594dc9075191db40cb3df24f97fe388f7bf,2026-09-20T11:55:57+00:00,24473809_9,laurel,"gr10497b,gr10609b,gr10672b",p=1:t=14:c=14:m=64000M,1800.0,1800.0,64000
BBM/model_189.bnet,cyber/full,completed,0.055374,0.538147,,,,12620,,,,,false,false,6,16,0,1,1,,0,6,0,6,4,0,,,,dependency,cyber-full,final-comparison-and-ablation,0f8d662,d2445532-9f87-471f-90a2-8fd5507132d8,f17ce4d8669280a7d5e535ef8777072cb75d85ea54f84a5e1ac35a687afd80ca,915bedc898c4a63fff6d74c9da29c14f21d1a6b0a7877cba4f915509a86b273c,28e3f0e88742b79f23e207717e804594dc9075191db40cb3df24f97fe388f7bf,2026-09-20T11:55:57+00:00,24473809_128,laurel,"gr10497b,gr10609b,gr10672b",p=1:t=14:c=14:m=64000M,1800.0,1800.0,64000
BBM/model_190.bnet,cyber/full,completed,0.349071,0.764088,,,,12568,,,,,false,false,37,33554432,96,9,1191,,22,15,22,15,32,22,,,,dependency,cyber-full,final-comparison-and-ablation,0f8d662,d2445532-9f87-471f-90a2-8fd5507132d8,f17ce4d8669280a7d5e535ef8777072cb75d85ea54f84a5e1ac35a687afd80ca,915bedc898c4a63fff6d74c9da29c14f21d1a6b0a7877cba4f915509a86b273c,28e3f0e88742b79f23e207717e804594dc9075191db40cb3df24f97fe388f7bf,2026-09-20T11:55:57+00:00,24473809_14,laurel,"gr10497b,gr10609b,gr10672b",p=1:t=14:c=14:m=64000M,1800.0,1800.0,64000
BBM/model_191.bnet,cyber/full,completed,0.110816,0.345661,,,,12604,,,,,false,false,19,8192,31,6,317,,15,4,15,4,17,15,,,,dependency,cyber-full,final-comparison-and-ablation,0f8d662,d2445532-9f87-471f-90a2-8fd5507132d8,f17ce4d8669280a7d5e535ef8777072cb75d85ea54f84a5e1ac35a687afd80ca,915bedc898c4a63fff6d74c9da29c14f21d1a6b0a7877cba4f915509a86b273c,28e3f0e88742b79f23e207717e804594dc9075191db40cb3df24f97fe388f7bf,2026-09-20T11:55:57+00:00,24473809_105,laurel,"gr10497b,gr10609b,gr10672b",p=1:t=14:c=14:m=64000M,1800.0,1800.0,64000
BBM/model_192.bnet,cyber/full,timeout,1792.23,1800.01,,,,1309928,,,,,true,false,102,,,,,,,,,,,,,,,,,final-comparison-and-ablation,0f8d662,d2445532-9f87-471f-90a2-8fd5507132d8,f17ce4d8669280a7d5e535ef8777072cb75d85ea54f84a5e1ac35a687afd80ca,915bedc898c4a63fff6d74c9da29c14f21d1a6b0a7877cba4f915509a86b273c,28e3f0e88742b79f23e207717e804594dc9075191db40cb3df24f97fe388f7bf,2026-09-20T11:55:57+00:00,24473809_23,laurel,"gr10497b,gr10609b,gr10672b",p=1:t=14:c=14:m=64000M,1800.0,1800.0,64000
BBM/model_193.bnet,cyber/full,completed,0.306167,0.504846,,,,12536,,,,,false,false,30,2686976,44,88,2841,,22,8,22,8,28,22,,,,dependency,cyber-full,final-comparison-and-ablation,0f8d662,d2445532-9f87-471f-90a2-8fd5507132d8,f17ce4d8669280a7d5e535ef8777072cb75d85ea54f84a5e1ac35a687afd80ca,915bedc898c4a63fff6d74c9da29c14f21d1a6b0a7877cba4f915509a86b273c,28e3f0e88742b79f23e207717e804594dc9075191db40cb3df24f97fe388f7bf,2026-09-20T11:55:57+00:00,24473809_208,laurel,"gr10497b,gr10609b,gr10672b",p=1:t=14:c=14:m=64000M,1800.0,1800.0,64000
BBM/model_194.bnet,cyber/full,timeout,1793.1,1800.01,,,,1351436,,,,,true,false,106,,,,,,,,,,,,,,,,cyber-full,final-comparison-and-ablation,0f8d662,d2445532-9f87-471f-90a2-8fd5507132d8,f17ce4d8669280a7d5e535ef8777072cb75d85ea54f84a5e1ac35a687afd80ca,915bedc898c4a63fff6d74c9da29c14f21d1a6b0a7877cba4f915509a86b273c,28e3f0e88742b79f23e207717e804594dc9075191db40cb3df24f97fe388f7bf,2026-09-20T11:55:57+00:00,24473809_112,laurel,"gr10497b,gr10609b,gr10672b",p=1:t=14:c=14:m=64000M,1800.0,1800.0,64000
BBM/model_195.bnet,cyber/full,timeout,1792.58,1800.01,,,,1422268,,,,,true,false,216,,,,,,,,,,,,,,,,,final-comparison-and-ablation,0f8d662,d2445532-9f87-471f-90a2-8fd5507132d8,f17ce4d8669280a7d5e535ef8777072cb75d85ea54f84a5e1ac35a687afd80ca,915bedc898c4a63fff6d74c9da29c14f21d1a6b0a7877cba4f915509a86b273c,28e3f0e88742b79f23e207717e804594dc9075191db40cb3df24f97fe388f7bf,2026-09-20T11:55:57+00:00,24473809_15,laurel,"gr10497b,gr10609b,gr10672b",p=1:t=14:c=14:m=64000M,1800.0,1800.0,64000
BBM/model_196.bnet,cyber/full,completed,9.723,10.5379,,,,18832,,,,,false,false,61,665559943348224,66,165,45614,,37,24,37,24,58,37,,,,dependency,cyber-full,final-comparison-and-ablation,0f8d662,d2445532-9f87-471f-90a2-8fd5507132d8,f17ce4d8669280a7d5e535ef8777072cb75d85ea54f84a5e1ac35a687afd80ca,915bedc898c4a63fff6d74c9da29c14f21d1a6b0a7877cba4f915509a86b273c,28e3f0e88742b79f23e207717e804594dc9075191db40cb3df24f97fe388f7bf,2026-09-20T11:55:57+00:00,24473809_37,laurel,"gr10497b,gr10609b,gr10672b",p=1:t=14:c=14:m=64000M,1800.0,1800.0,64000
BBM/model_197.bnet,cyber/full,completed,21.5723,21.9101,,,,28160,,,,,false,false,56,481036337152,68,46,68378,,39,17,39,17,48,39,,,,dependency,cyber-full,final-comparison-and-ablation,0f8d662,d2445532-9f87-471f-90a2-8fd5507132d8,f17ce4d8669280a7d5e535ef8777072cb75d85ea54f84a5e1ac35a687afd80ca,915bedc898c4a63fff6d74c9da29c14f21d1a6b0a7877cba4f915509a86b273c,28e3f0e88742b79f23e207717e804594dc9075191db40cb3df24f97fe388f7bf,2026-09-20T11:55:57+00:00,24473809_202,laurel,"gr10497b,gr10609b,gr10672b",p=1:t=14:c=14:m=64000M,1800.0,1800.0,64000
BBM/model_198.bnet,cyber/full,completed,0.062591,0.20106,,,,12628,,,,,false,false,11,32,7,8,78,,11,0,11,0,11,11,,,,dependency,cyber-full,final-comparison-and-ablation,0f8d662,d2445532-9f87-471f-90a2-8fd5507132d8,f17ce4d8669280a7d5e535ef8777072cb75d85ea54f84a5e1ac35a687afd80ca,915bedc898c4a63fff6d74c9da29c14f21d1a6b0a7877cba4f915509a86b273c,28e3f0e88742b79f23e207717e804594dc9075191db40cb3df24f97fe388f7bf,2026-09-20T11:55:57+00:00,24473809_102,laurel,"gr10497b,gr10609b,gr10672b",p=1:t=14:c=14:m=64000M,1800.0,1800.0,64000
BBM/model_199.bnet,cyber/full,completed,30.9561,31.3983,,,,14468,,,,,false,false,30,53796224,240,531,62194,,30,0,30,0,30,30,,,,dependency,cyber-full,final-comparison-and-ablation,0f8d662,d2445532-9f87-471f-90a2-8fd5507132d8,f17ce4d8669280a7d5e535ef8777072cb75d85ea54f84a5e1ac35a687afd80ca,915bedc898c4a63fff6d74c9da29c14f21d1a6b0a7877cba4f915509a86b273c,28e3f0e88742b79f23e207717e804594dc9075191db40cb3df24f97fe388f7bf,2026-09-20T11:55:57+00:00,24473809_4,laurel,"gr10497b,gr10609b,gr10672b",p=1:t=14:c=14:m=64000M,1800.0,1800.0,64000
BBM/model_200.bnet,cyber/full,completed,0.505931,0.792781,,,,12648,,,,,false,false,26,94208,32,75,1873,,22,4,22,4,25,22,,,,dependency,cyber-full,final-comparison-and-ablation,0f8d662,d2445532-9f87-471f-90a2-8fd5507132d8,f17ce4d8669280a7d5e535ef8777072cb75d85ea54f84a5e1ac35a687afd80ca,915bedc898c4a63fff6d74c9da29c14f21d1a6b0a7877cba4f915509a86b273c,28e3f0e88742b79f23e207717e804594dc9075191db40cb3df24f97fe388f7bf,2026-09-20T11:55:57+00:00,24473809_22,laurel,"gr10497b,gr10609b,gr10672b",p=1:t=14:c=14:m=64000M,1800.0,1800.0,64000
BBM/model_201.bnet,cyber/full,completed,0.549846,0.813001,,,,12640,,,,,false,false,33,6356992,53,58,4711,,27,6,27,6,31,27,,,,dependency,cyber-full,final-comparison-and-ablation,0f8d662,d2445532-9f87-471f-90a2-8fd5507132d8,f17ce4d8669280a7d5e535ef8777072cb75d85ea54f84a5e1ac35a687afd80ca,915bedc898c4a63fff6d74c9da29c14f21d1a6b0a7877cba4f915509a86b273c,28e3f0e88742b79f23e207717e804594dc9075191db40cb3df24f97fe388f7bf,2026-09-20T11:55:57+00:00,24473809_52,laurel,"gr10497b,gr10609b,gr10672b",p=1:t=14:c=14:m=64000M,1800.0,1800.0,64000
BBM/model_202.bnet,cyber/full,completed,0.407583,0.555497,,,,12576,,,,,false,false,31,249856,53,59,2980,,27,4,27,4,30,27,,,,dependency,cyber-full,final-comparison-and-ablation,0f8d662,d2445532-9f87-471f-90a2-8fd5507132d8,f17ce4d8669280a7d5e535ef8777072cb75d85ea54f84a5e1ac35a687afd80ca,915bedc898c4a63fff6d74c9da29c14f21d1a6b0a7877cba4f915509a86b273c,28e3f0e88742b79f23e207717e804594dc9075191db40cb3df24f97fe388f7bf,2026-09-20T11:55:57+00:00,24473809_217,laurel,"gr10497b,gr10609b,gr10672b",p=1:t=14:c=14:m=64000M,1800.0,1800.0,64000
BBM/model_203.bnet,cyber/full,completed,0.863254,1.12302,,,,12592,,,,,false,false,40,83361792,47,60,4728,,32,8,32,8,39,32,,,,dependency,cyber-full,final-comparison-and-ablation,0f8d662,d2445532-9f87-471f-90a2-8fd5507132d8,f17ce4d8669280a7d5e535ef8777072cb75d85ea54f84a5e1ac35a687afd80ca,915bedc898c4a63fff6d74c9da29c14f21d1a6b0a7877cba4f915509a86b273c,28e3f0e88742b79f23e207717e804594dc9075191db40cb3df24f97fe388f7bf,2026-09-20T11:55:57+00:00,24473809_68,laurel,"gr10497b,gr10609b,gr10672b",p=1:t=14:c=14:m=64000M,1800.0,1800.0,64000
BBM/model_205.bnet,cyber/full,completed,1.14991,1.34978,,,,12640,,,,,false,false,45,68115496960,52,22,6493,,40,5,40,5,41,40,,,,dependency,cyber-full,final-comparison-and-ablation,0f8d662,d2445532-9f87-471f-90a2-8fd5507132d8,f17ce4d8669280a7d5e535ef8777072cb75d85ea54f84a5e1ac35a687afd80ca,915bedc898c4a63fff6d74c9da29c14f21d1a6b0a7877cba4f915509a86b273c,28e3f0e88742b79f23e207717e804594dc9075191db40cb3df24f97fe388f7bf,2026-09-20T11:55:57+00:00,24473809_147,laurel,"gr10497b,gr10609b,gr10672b",p=1:t=14:c=14:m=64000M,1800.0,1800.0,64000
BBM/model_206.bnet,cyber/full,completed,0.207895,0.394805,,,,12636,,,,,false,false,41,75497472,36,19,1244,,35,6,35,6,36,35,,,,dependency,cyber-full,final-comparison-and-ablation,0f8d662,d2445532-9f87-471f-90a2-8fd5507132d8,f17ce4d8669280a7d5e535ef8777072cb75d85ea54f84a5e1ac35a687afd80ca,915bedc898c4a63fff6d74c9da29c14f21d1a6b0a7877cba4f915509a86b273c,28e3f0e88742b79f23e207717e804594dc9075191db40cb3df24f97fe388f7bf,2026-09-20T11:55:57+00:00,24473809_141,laurel,"gr10497b,gr10609b,gr10672b",p=1:t=14:c=14:m=64000M,1800.0,1800.0,64000
BBM/model_207.bnet,cyber/full,completed,0.472255,0.780617,,,,12624,,,,,false,false,103,2199023255552,19,46,578,,60,43,60,43,85,60,,,,dependency,cyber-full,final-comparison-and-ablation,0f8d662,d2445532-9f87-471f-90a2-8fd5507132d8,f17ce4d8669280a7d5e535ef8777072cb75d85ea54f84a5e1ac35a687afd80ca,915bedc898c4a63fff6d74c9da29c14f21d1a6b0a7877cba4f915509a86b273c,28e3f0e88742b79f23e207717e804594dc9075191db40cb3df24f97fe388f7bf,2026-09-20T11:55:57+00:00,24473809_55,laurel,"gr10497b,gr10609b,gr10672b",p=1:t=14:c=14:m=64000M,1800.0,1800.0,64000
BBM/model_208.bnet,cyber/full,completed,0.063407,0.225726,,,,12560,,,,,false,false,15,128,5,10,73,,12,3,12,3,15,12,,,,dependency,cyber-full,final-comparison-and-ablation,0f8d662,d2445532-9f87-471f-90a2-8fd5507132d8,f17ce4d8669280a7d5e535ef8777072cb75d85ea54f84a5e1ac35a687afd80ca,915bedc898c4a63fff6d74c9da29c14f21d1a6b0a7877cba4f915509a86b273c,28e3f0e88742b79f23e207717e804594dc9075191db40cb3df24f97fe388f7bf,2026-09-20T11:55:57+00:00,24473809_100,laurel,"gr10497b,gr10609b,gr10672b",p=1:t=14:c=14:m=64000M,1800.0,1800.0,64000
BBM/model_209.bnet,cyber/full,timeout,1792.83,1800.01,,,,5092244,,,,,true,false,87,,,,,,,,,,,,,,,,,final-comparison-and-ablation,0f8d662,d2445532-9f87-471f-90a2-8fd5507132d8,f17ce4d8669280a7d5e535ef8777072cb75d85ea54f84a5e1ac35a687afd80ca,915bedc898c4a63fff6d74c9da29c14f21d1a6b0a7877cba4f915509a86b273c,28e3f0e88742b79f23e207717e804594dc9075191db40cb3df24f97fe388f7bf,2026-09-20T11:55:57+00:00,24473809_204,laurel,"gr10497b,gr10609b,gr10672b",p=1:t=14:c=14:m=64000M,1800.0,1800.0,64000
BBM/model_212.bnet,cyber/full,completed,0.057801,0.246464,,,,12632,,,,,false,false,16,152,8,18,62,,10,6,10,6,13,10,,,,dependency,cyber-full,final-comparison-and-ablation,0f8d662,d2445532-9f87-471f-90a2-8fd5507132d8,f17ce4d8669280a7d5e535ef8777072cb75d85ea54f84a5e1ac35a687afd80ca,915bedc898c4a63fff6d74c9da29c14f21d1a6b0a7877cba4f915509a86b273c,28e3f0e88742b79f23e207717e804594dc9075191db40cb3df24f97fe388f7bf,2026-09-20T11:55:57+00:00,24473809_125,laurel,"gr10497b,gr10609b,gr10672b",p=1:t=14:c=14:m=64000M,1800.0,1800.0,64000
BBM/model_213.bnet,cyber/full,completed,0.056622,0.211404,,,,12592,,,,,false,false,65,18014398509481984,0,1,1,,0,65,0,65,54,0,,,,dependency,cyber-full,final-comparison-and-ablation,0f8d662,d2445532-9f87-471f-90a2-8fd5507132d8,f17ce4d8669280a7d5e535ef8777072cb75d85ea54f84a5e1ac35a687afd80ca,915bedc898c4a63fff6d74c9da29c14f21d1a6b0a7877cba4f915509a86b273c,28e3f0e88742b79f23e207717e804594dc9075191db40cb3df24f97fe388f7bf,2026-09-20T11:55:57+00:00,24473809_148,laurel,"gr10497b,gr10609b,gr10672b",p=1:t=14:c=14:m=64000M,1800.0,1800.0,64000
BBM/model_214.bnet,cyber/full,completed,0.062451,0.22492,,,,12592,,,,,false,false,70,1125899906842624,0,1,1,,0,70,0,70,50,0,,,,dependency,cyber-full,final-comparison-and-ablation,0f8d662,d2445532-9f87-471f-90a2-8fd5507132d8,f17ce4d8669280a7d5e535ef8777072cb75d85ea54f84a5e1ac35a687afd80ca,915bedc898c4a63fff6d74c9da29c14f21d1a6b0a7877cba4f915509a86b273c,28e3f0e88742b79f23e207717e804594dc9075191db40cb3df24f97fe388f7bf,2026-09-20T11:55:57+00:00,24473809_8,laurel,"gr10497b,gr10609b,gr10672b",p=1:t=14:c=14:m=64000M,1800.0,1800.0,64000
BBM/model_215.bnet,cyber/full,completed,0.059283,0.42432,,,,12548,,,,,false,false,67,17179869184,2,8,29,,7,60,7,60,40,7,,,,dependency,cyber-full,final-comparison-and-ablation,0f8d662,d2445532-9f87-471f-90a2-8fd5507132d8,f17ce4d8669280a7d5e535ef8777072cb75d85ea54f84a5e1ac35a687afd80ca,915bedc898c4a63fff6d74c9da29c14f21d1a6b0a7877cba4f915509a86b273c,28e3f0e88742b79f23e207717e804594dc9075191db40cb3df24f97fe388f7bf,2026-09-20T11:55:57+00:00,24473809_66,laurel,"gr10497b,gr10609b,gr10672b",p=1:t=14:c=14:m=64000M,1800.0,1800.0,64000
BBM/model_216.bnet,cyber/full,completed,0.05862,0.270752,,,,12540,,,,,false,false,69,562949953421312,1,5,16,,3,66,3,66,52,3,,,,dependency,cyber-full,final-comparison-and-ablation,0f8d662,d2445532-9f87-471f-90a2-8fd5507132d8,f17ce4d8669280a7d5e535ef8777072cb75d85ea54f84a5e1ac35a687afd80ca,915bedc898c4a63fff6d74c9da29c14f21d1a6b0a7877cba4f915509a86b273c,28e3f0e88742b79f23e207717e804594dc9075191db40cb3df24f97fe388f7bf,2026-09-20T11:55:57+00:00,24473809_184,laurel,"gr10497b,gr10609b,gr10672b",p=1:t=14:c=14:m=64000M,1800.0,1800.0,64000
BBM/model_217.bnet,cyber/full,completed,0.056966,0.197371,,,,12584,,,,,false,false,56,2097152,0,1,1,,0,56,0,56,21,0,,,,dependency,cyber-full,final-comparison-and-ablation,0f8d662,d2445532-9f87-471f-90a2-8fd5507132d8,f17ce4d8669280a7d5e535ef8777072cb75d85ea54f84a5e1ac35a687afd80ca,915bedc898c4a63fff6d74c9da29c14f21d1a6b0a7877cba4f915509a86b273c,28e3f0e88742b79f23e207717e804594dc9075191db40cb3df24f97fe388f7bf,2026-09-20T11:55:57+00:00,24473809_137,laurel,"gr10497b,gr10609b,gr10672b",p=1:t=14:c=14:m=64000M,1800.0,1800.0,64000
BBM/model_218.bnet,cyber/full,completed,0.072652,0.241713,,,,12596,,,,,false,false,68,65536,15,20,220,,26,42,26,42,34,26,,,,dependency,cyber-full,final-comparison-and-ablation,0f8d662,d2445532-9f87-471f-90a2-8fd5507132d8,f17ce4d8669280a7d5e535ef8777072cb75d85ea54f84a5e1ac35a687afd80ca,915bedc898c4a63fff6d74c9da29c14f21d1a6b0a7877cba4f915509a86b273c,28e3f0e88742b79f23e207717e804594dc9075191db40cb3df24f97fe388f7bf,2026-09-20T11:55:57+00:00,24473809_129,laurel,"gr10497b,gr10609b,gr10672b",p=1:t=14:c=14:m=64000M,1800.0,1800.0,64000
BBM/model_219.bnet,cyber/full,completed,0.060854,0.398162,,,,12600,,,,,false,false,84,377957122048,8,12,60,,11,73,11,73,45,11,,,,dependency,cyber-full,final-comparison-and-ablation,0f8d662,d2445532-9f87-471f-90a2-8fd5507132d8,f17ce4d8669280a7d5e535ef8777072cb75d85ea54f84a5e1ac35a687afd80ca,915bedc898c4a63fff6d74c9da29c14f21d1a6b0a7877cba4f915509a86b273c,28e3f0e88742b79f23e207717e804594dc9075191db40cb3df24f97fe388f7bf,2026-09-20T11:55:57+00:00,24473809_187,laurel,"gr10497b,gr10609b,gr10672b",p=1:t=14:c=14:m=64000M,1800.0,1800.0,64000
BBM/model_220.bnet,cyber/full,timeout,1794.53,1800.02,,,,2578900,,,,,true,false,342,,,,,,,,,,,,,,,,,final-comparison-and-ablation,0f8d662,d2445532-9f87-471f-90a2-8fd5507132d8,f17ce4d8669280a7d5e535ef8777072cb75d85ea54f84a5e1ac35a687afd80ca,915bedc898c4a63fff6d74c9da29c14f21d1a6b0a7877cba4f915509a86b273c,28e3f0e88742b79f23e207717e804594dc9075191db40cb3df24f97fe388f7bf,2026-09-20T11:55:57+00:00,24473809_90,laurel,"gr10497b,gr10609b,gr10672b",p=1:t=14:c=14:m=64000M,1800.0,1800.0,64000
BBM/model_221.bnet,cyber/full,completed,0.077741,0.332463,,,,12640,,,,,false,false,317,207499423913270622199039205135568730873059812520827890758707990542180328314765312,8,21,133,,18,299,18,299,280,18,,,,dependency,cyber-full,final-comparison-and-ablation,0f8d662,d2445532-9f87-471f-90a2-8fd5507132d8,f17ce4d8669280a7d5e535ef8777072cb75d85ea54f84a5e1ac35a687afd80ca,915bedc898c4a63fff6d74c9da29c14f21d1a6b0a7877cba4f915509a86b273c,28e3f0e88742b79f23e207717e804594dc9075191db40cb3df24f97fe388f7bf,2026-09-20T11:55:57+00:00,24473809_40,laurel,"gr10497b,gr10609b,gr10672b",p=1:t=14:c=14:m=64000M,1800.0,1800.0,64000
BBM/model_222.bnet,cyber/full,timeout,1793.02,1800.01,,,,2492980,,,,,true,false,206,,,,,,,,,,,,,,,,,final-comparison-and-ablation,0f8d662,d2445532-9f87-471f-90a2-8fd5507132d8,f17ce4d8669280a7d5e535ef8777072cb75d85ea54f84a5e1ac35a687afd80ca,915bedc898c4a63fff6d74c9da29c14f21d1a6b0a7877cba4f915509a86b273c,28e3f0e88742b79f23e207717e804594dc9075191db40cb3df24f97fe388f7bf,2026-09-20T11:55:57+00:00,24473809_121,laurel,"gr10497b,gr10609b,gr10672b",p=1:t=14:c=14:m=64000M,1800.0,1800.0,64000
BBM/model_223.bnet,cyber/full,timeout,1788.02,1800.01,,,,1782692,,,,,true,false,141,,,,,,,,,,,,,,,,,final-comparison-and-ablation,0f8d662,d2445532-9f87-471f-90a2-8fd5507132d8,f17ce4d8669280a7d5e535ef8777072cb75d85ea54f84a5e1ac35a687afd80ca,915bedc898c4a63fff6d74c9da29c14f21d1a6b0a7877cba4f915509a86b273c,28e3f0e88742b79f23e207717e804594dc9075191db40cb3df24f97fe388f7bf,2026-09-20T11:55:57+00:00,24473809_3,laurel,"gr10497b,gr10609b,gr10672b",p=1:t=14:c=14:m=64000M,1800.0,1800.0,64000
BBM/model_224.bnet,cyber/full,completed,573.991,575.935,,,,205708,,,,,false,false,95,5340987683084697600,157,208,307238,,70,25,70,25,87,70,,,,dependency,cyber-full,final-comparison-and-ablation,0f8d662,d2445532-9f87-471f-90a2-8fd5507132d8,f17ce4d8669280a7d5e535ef8777072cb75d85ea54f84a5e1ac35a687afd80ca,915bedc898c4a63fff6d74c9da29c14f21d1a6b0a7877cba4f915509a86b273c,28e3f0e88742b79f23e207717e804594dc9075191db40cb3df24f97fe388f7bf,2026-09-20T11:55:57+00:00,24473809_182,laurel,"gr10497b,gr10609b,gr10672b",p=1:t=14:c=14:m=64000M,1800.0,1800.0,64000
BBM/model_225.bnet,cyber/full,completed,8.48218,8.78038,,,,12672,,,,,false,false,91,440488072353853472768,131,153,22033,,30,61,30,61,69,30,,,,dependency,cyber-full,final-comparison-and-ablation,0f8d662,d2445532-9f87-471f-90a2-8fd5507132d8,f17ce4d8669280a7d5e535ef8777072cb75d85ea54f84a5e1ac35a687afd80ca,915bedc898c4a63fff6d74c9da29c14f21d1a6b0a7877cba4f915509a86b273c,28e3f0e88742b79f23e207717e804594dc9075191db40cb3df24f97fe388f7bf,2026-09-20T11:55:57+00:00,24473809_50,laurel,"gr10497b,gr10609b,gr10672b",p=1:t=14:c=14:m=64000M,1800.0,1800.0,64000
BBM/model_226.bnet,cyber/full,completed,0.934828,1.09812,,,,12612,,,,,false,false,75,2147483648,75,39,1816,,59,16,59,16,68,59,,,,dependency,cyber-full,final-comparison-and-ablation,0f8d662,d2445532-9f87-471f-90a2-8fd5507132d8,f17ce4d8669280a7d5e535ef8777072cb75d85ea54f84a5e1ac35a687afd80ca,915bedc898c4a63fff6d74c9da29c14f21d1a6b0a7877cba4f915509a86b273c,28e3f0e88742b79f23e207717e804594dc9075191db40cb3df24f97fe388f7bf,2026-09-20T11:55:57+00:00,24473809_118,laurel,"gr10497b,gr10609b,gr10672b",p=1:t=14:c=14:m=64000M,1800.0,1800.0,64000
BBM/model_227.bnet,cyber/full,completed,0.061503,0.210192,,,,12548,,,,,false,false,65,137438953472,0,1,1,,0,65,0,65,37,0,,,,dependency,cyber-full,final-comparison-and-ablation,0f8d662,d2445532-9f87-471f-90a2-8fd5507132d8,f17ce4d8669280a7d5e535ef8777072cb75d85ea54f84a5e1ac35a687afd80ca,915bedc898c4a63fff6d74c9da29c14f21d1a6b0a7877cba4f915509a86b273c,28e3f0e88742b79f23e207717e804594dc9075191db40cb3df24f97fe388f7bf,2026-09-20T11:55:57+00:00,24473809_103,laurel,"gr10497b,gr10609b,gr10672b",p=1:t=14:c=14:m=64000M,1800.0,1800.0,64000
BBM/model_228.bnet,cyber/full,completed,7.28997,7.66533,,,,12604,,,,,false,false,56,3963952824320,86,177,24817,,29,27,29,27,47,29,,,,dependency,cyber-full,final-comparison-and-ablation,0f8d662,d2445532-9f87-471f-90a2-8fd5507132d8,f17ce4d8669280a7d5e535ef8777072cb75d85ea54f84a5e1ac35a687afd80ca,915bedc898c4a63fff6d74c9da29c14f21d1a6b0a7877cba4f915509a86b273c,28e3f0e88742b79f23e207717e804594dc9075191db40cb3df24f97fe388f7bf,2026-09-20T11:55:57+00:00,24473809_120,laurel,"gr10497b,gr10609b,gr10672b",p=1:t=14:c=14:m=64000M,1800.0,1800.0,64000
BBM/model_230.bnet,cyber/full,completed,0.057403,0.18408,,,,12592,,,,,false,false,55,1125899906842624,0,1,1,,0,55,0,55,50,0,,,,dependency,cyber-full,final-comparison-and-ablation,0f8d662,d2445532-9f87-471f-90a2-8fd5507132d8,f17ce4d8669280a7d5e535ef8777072cb75d85ea54f84a5e1ac35a687afd80ca,915bedc898c4a63fff6d74c9da29c14f21d1a6b0a7877cba4f915509a86b273c,28e3f0e88742b79f23e207717e804594dc9075191db40cb3df24f97fe388f7bf,2026-09-20T11:55:57+00:00,24473809_167,laurel,"gr10497b,gr10609b,gr10672b",p=1:t=14:c=14:m=64000M,1800.0,1800.0,64000
BBM/model_001.bnet,pyboolnet/cycle-free-3.0.16,timeout,1791.2,1800.02,1790.88,0.326782,99.5103,277684,542860,354032,15,0,true,false,321,,,,,,,,,,,,,,,,,final-comparison-and-ablation,3.0.16,b18957d3-1af1-4ef1-9588-7e4ec8f121e6,b95930007c6d9ce7a4c660ceaac387a2e353d06eb9d4a7bb7f31e7fee5fed38f,915bedc898c4a63fff6d74c9da29c14f21d1a6b0a7877cba4f915509a86b273c,a5235c24983a7d10e69237851ecb59e424d8b518725bf7ac9d03edc3fbee18b4,2026-08-25T17:01:19+00:00,23554876_146,laurel,"gr10497b,gr10609b,gr10672b",p=1:t=14:c=14:m=64000M,1800.0,1800.0,64000
BBM/model_002.bnet,pyboolnet/cycle-free-3.0.16,timeout,1791.07,1800.01,1790.11,0.955235,99.5033,327536,620964,398376,15,0,true,false,139,,,,,,,,,,,,,,,,pyboolnet-cycle-free,final-comparison-and-ablation,3.0.16,b18957d3-1af1-4ef1-9588-7e4ec8f121e6,b95930007c6d9ce7a4c660ceaac387a2e353d06eb9d4a7bb7f31e7fee5fed38f,915bedc898c4a63fff6d74c9da29c14f21d1a6b0a7877cba4f915509a86b273c,a5235c24983a7d10e69237851ecb59e424d8b518725bf7ac9d03edc3fbee18b4,2026-08-25T17:01:19+00:00,23554876_155,laurel,"gr10497b,gr10609b,gr10672b",p=1:t=14:c=14:m=64000M,1800.0,1800.0,64000
BBM/model_003.bnet,pyboolnet/cycle-free-3.0.16,completed,1.00167,2.53138,0.8792,0.122474,39.5703,71140,220984,71140,0,0,false,false,20,337920,,,,,,,,,,,,,,,pyboolnet-cycle-free,final-comparison-and-ablation,3.0.16,b18957d3-1af1-4ef1-9588-7e4ec8f121e6,b95930007c6d9ce7a4c660ceaac387a2e353d06eb9d4a7bb7f31e7fee5fed38f,915bedc898c4a63fff6d74c9da29c14f21d1a6b0a7877cba4f915509a86b273c,a5235c24983a7d10e69237851ecb59e424d8b518725bf7ac9d03edc3fbee18b4,2026-08-25T17:01:19+00:00,23554876_193,laurel,"gr10497b,gr10609b,gr10672b",p=1:t=14:c=14:m=64000M,1800.0,1800.0,64000
BBM/model_004.bnet,pyboolnet/cycle-free-3.0.16,timeout,1788.54,1800.16,1782.68,5.86043,99.3547,5222240,6641364,5292932,15,0,true,false,247,,,,,,,,,,,,,,,,,final-comparison-and-ablation,3.0.16,b18957d3-1af1-4ef1-9588-7e4ec8f121e6,b95930007c6d9ce7a4c660ceaac387a2e353d06eb9d4a7bb7f31e7fee5fed38f,915bedc898c4a63fff6d74c9da29c14f21d1a6b0a7877cba4f915509a86b273c,a5235c24983a7d10e69237851ecb59e424d8b518725bf7ac9d03edc3fbee18b4,2026-08-25T17:01:19+00:00,23554876_207,laurel,"gr10497b,gr10609b,gr10672b",p=1:t=14:c=14:m=64000M,1800.0,1800.0,64000
BBM/model_006.bnet,pyboolnet/cycle-free-3.0.16,timeout,1788.32,1800.01,1786.26,2.05416,99.3502,106296,367464,178028,15,0,true,false,68,,,,,,,,,,,,,,,,,final-comparison-and-ablation,3.0.16,b18957d3-1af1-4ef1-9588-7e4ec8f121e6,b95930007c6d9ce7a4c660ceaac387a2e353d06eb9d4a7bb7f31e7fee5fed38f,915bedc898c4a63fff6d74c9da29c14f21d1a6b0a7877cba4f915509a86b273c,a5235c24983a7d10e69237851ecb59e424d8b518725bf7ac9d03edc3fbee18b4,2026-08-25T17:01:19+00:00,23554876_62,laurel,"gr10497b,gr10609b,gr10672b",p=1:t=14:c=14:m=64000M,1800.0,1800.0,64000
BBM/model_007.bnet,pyboolnet/cycle-free-3.0.16,completed,0.900549,1.67224,0.749925,0.150624,53.8529,70716,220840,70716,0,0,false,false,5,16,,,,,,,,,,,,,,,pyboolnet-cycle-free,final-comparison-and-ablation,3.0.16,b18957d3-1af1-4ef1-9588-7e4ec8f121e6,b95930007c6d9ce7a4c660ceaac387a2e353d06eb9d4a7bb7f31e7fee5fed38f,915bedc898c4a63fff6d74c9da29c14f21d1a6b0a7877cba4f915509a86b273c,a5235c24983a7d10e69237851ecb59e424d8b518725bf7ac9d03edc3fbee18b4,2026-08-25T17:01:19+00:00,23554876_84,laurel,"gr10497b,gr10609b,gr10672b",p=1:t=14:c=14:m=64000M,1800.0,1800.0,64000
BBM/model_008.bnet,pyboolnet/cycle-free-3.0.16,completed,1.14524,2.92674,1.01021,0.135036,39.1303,71212,220980,71212,0,0,false,false,28,41824,,,,,,,,,,,,,,,pyboolnet-cycle-free,final-comparison-and-ablation,3.0.16,b18957d3-1af1-4ef1-9588-7e4ec8f121e6,b95930007c6d9ce7a4c660ceaac387a2e353d06eb9d4a7bb7f31e7fee5fed38f,915bedc898c4a63fff6d74c9da29c14f21d1a6b0a7877cba4f915509a86b273c,a5235c24983a7d10e69237851ecb59e424d8b518725bf7ac9d03edc3fbee18b4,2026-08-25T17:01:19+00:00,23554876_188,laurel,"gr10497b,gr10609b,gr10672b",p=1:t=14:c=14:m=64000M,1800.0,1800.0,64000
BBM/model_009.bnet,pyboolnet/cycle-free-3.0.16,completed,375.569,379.143,375.276,0.293749,99.0574,161684,422872,233544,0,0,false,false,73,1152921504606846976,,,,,,,,,,,,,,,pyboolnet-cycle-free,final-comparison-and-ablation,3.0.16,b18957d3-1af1-4ef1-9588-7e4ec8f121e6,b95930007c6d9ce7a4c660ceaac387a2e353d06eb9d4a7bb7f31e7fee5fed38f,915bedc898c4a63fff6d74c9da29c14f21d1a6b0a7877cba4f915509a86b273c,a5235c24983a7d10e69237851ecb59e424d8b518725bf7ac9d03edc3fbee18b4,2026-08-25T17:01:19+00:00,23554876_205,laurel,"gr10497b,gr10609b,gr10672b",p=1:t=14:c=14:m=64000M,1800.0,1800.0,64000
BBM/model_010.bnet,pyboolnet/cycle-free-3.0.16,completed,0.987498,1.726,0.855437,0.132061,57.2129,71412,221992,71412,0,0,false,false,15,368,,,,,,,,,,,,,,,pyboolnet-cycle-free,final-comparison-and-ablation,3.0.16,b18957d3-1af1-4ef1-9588-7e4ec8f121e6,b95930007c6d9ce7a4c660ceaac387a2e353d06eb9d4a7bb7f31e7fee5fed38f,915bedc898c4a63fff6d74c9da29c14f21d1a6b0a7877cba4f915509a86b273c,a5235c24983a7d10e69237851ecb59e424d8b518725bf7ac9d03edc3fbee18b4,2026-08-25T17:01:19+00:00,23554876_86,laurel,"gr10497b,gr10609b,gr10672b",p=1:t=14:c=14:m=64000M,1800.0,1800.0,64000
BBM/model_011.bnet,pyboolnet/cycle-free-3.0.16,completed,7.68555,8.5127,7.51425,0.171303,90.2833,71468,291620,101952,0,0,false,false,44,72482816,,,,,,,,,,,,,,,pyboolnet-cycle-free,final-comparison-and-ablation,3.0.16,b18957d3-1af1-4ef1-9588-7e4ec8f121e6,b95930007c6d9ce7a4c660ceaac387a2e353d06eb9d4a7bb7f31e7fee5fed38f,915bedc898c4a63fff6d74c9da29c14f21d1a6b0a7877cba4f915509a86b273c,a5235c24983a7d10e69237851ecb59e424d8b518725bf7ac9d03edc3fbee18b4,2026-08-25T17:01:19+00:00,23554876_183,laurel,"gr10497b,gr10609b,gr10672b",p=1:t=14:c=14:m=64000M,1800.0,1800.0,64000
BBM/model_012.bnet,pyboolnet/cycle-free-3.0.16,timeout,1790.31,1800.04,1789.51,0.802308,99.4591,945808,1207536,1018464,15,0,true,false,101,,,,,,,,,,,,,,,,,final-comparison-and-ablation,3.0.16,b18957d3-1af1-4ef1-9588-7e4ec8f121e6,b95930007c6d9ce7a4c660ceaac387a2e353d06eb9d4a7bb7f31e7fee5fed38f,915bedc898c4a63fff6d74c9da29c14f21d1a6b0a7877cba4f915509a86b273c,a5235c24983a7d10e69237851ecb59e424d8b518725bf7ac9d03edc3fbee18b4,2026-08-25T17:01:19+00:00,23554876_6,laurel,"gr10497b,gr10609b,gr10672b",p=1:t=14:c=14:m=64000M,1800.0,1800.0,64000
BBM/model_013.bnet,pyboolnet/cycle-free-3.0.16,completed,1.20736,1.9195,1.07515,0.132208,62.8994,71012,221992,71012,0,0,false,false,34,524288,,,,,,,,,,,,,,,pyboolnet-cycle-free,final-comparison-and-ablation,3.0.16,b18957d3-1af1-4ef1-9588-7e4ec8f121e6,b95930007c6d9ce7a4c660ceaac387a2e353d06eb9d4a7bb7f31e7fee5fed38f,915bedc898c4a63fff6d74c9da29c14f21d1a6b0a7877cba4f915509a86b273c,a5235c24983a7d10e69237851ecb59e424d8b518725bf7ac9d03edc3fbee18b4,2026-08-25T17:01:19+00:00,23554876_181,laurel,"gr10497b,gr10609b,gr10672b",p=1:t=14:c=14:m=64000M,1800.0,1800.0,64000
BBM/model_014.bnet,pyboolnet/cycle-free-3.0.16,completed,309.183,311.785,308.631,0.551686,99.1654,263896,525180,335984,0,0,false,false,61,98205696,,,,,,,,,,,,,,,pyboolnet-cycle-free,final-comparison-and-ablation,3.0.16,b18957d3-1af1-4ef1-9588-7e4ec8f121e6,b95930007c6d9ce7a4c660ceaac387a2e353d06eb9d4a7bb7f31e7fee5fed38f,915bedc898c4a63fff6d74c9da29c14f21d1a6b0a7877cba4f915509a86b273c,a5235c24983a7d10e69237851ecb59e424d8b518725bf7ac9d03edc3fbee18b4,2026-08-25T17:01:19+00:00,23554876_88,laurel,"gr10497b,gr10609b,gr10672b",p=1:t=14:c=14:m=64000M,1800.0,1800.0,64000
BBM/model_015.bnet,pyboolnet/cycle-free-3.0.16,completed,0.960347,2.8821,0.805345,0.155002,33.3211,71028,220852,70772,0,0,false,false,16,16384,,,,,,,,,,,,,,,pyboolnet-cycle-free,final-comparison-and-ablation,3.0.16,b18957d3-1af1-4ef1-9588-7e4ec8f121e6,b95930007c6d9ce7a4c660ceaac387a2e353d06eb9d4a7bb7f31e7fee5fed38f,915bedc898c4a63fff6d74c9da29c14f21d1a6b0a7877cba4f915509a86b273c,a5235c24983a7d10e69237851ecb59e424d8b518725bf7ac9d03edc3fbee18b4,2026-08-25T17:01:19+00:00,23554876_53,laurel,"gr10497b,gr10609b,gr10672b",p=1:t=14:c=14:m=64000M,1800.0,1800.0,64000
BBM/model_016.bnet,pyboolnet/cycle-free-3.0.16,timeout,1789.79,1800.02,1787.95,1.84121,99.4316,526192,788372,599168,15,0,true,false,118,,,,,,,,,,,,,,,,,final-comparison-and-ablation,3.0.16,b18957d3-1af1-4ef1-9588-7e4ec8f121e6,b95930007c6d9ce7a4c660ceaac387a2e353d06eb9d4a7bb7f31e7fee5fed38f,915bedc898c4a63fff6d74c9da29c14f21d1a6b0a7877cba4f915509a86b273c,a5235c24983a7d10e69237851ecb59e424d8b518725bf7ac9d03edc3fbee18b4,2026-08-25T17:01:19+00:00,23554876_35,laurel,"gr10497b,gr10609b,gr10672b",p=1:t=14:c=14:m=64000M,1800.0,1800.0,64000
BBM/model_017.bnet,pyboolnet/cycle-free-3.0.16,completed,4.49089,5.34036,4.31021,0.180679,84.0935,71956,308704,116840,0,0,false,false,50,4096,,,,,,,,,,,,,,,pyboolnet-cycle-free,final-comparison-and-ablation,3.0.16,b18957d3-1af1-4ef1-9588-7e4ec8f121e6,b95930007c6d9ce7a4c660ceaac387a2e353d06eb9d4a7bb7f31e7fee5fed38f,915bedc898c4a63fff6d74c9da29c14f21d1a6b0a7877cba4f915509a86b273c,a5235c24983a7d10e69237851ecb59e424d8b518725bf7ac9d03edc3fbee18b4,2026-08-25T17:01:19+00:00,23554876_60,laurel,"gr10497b,gr10609b,gr10672b",p=1:t=14:c=14:m=64000M,1800.0,1800.0,64000
BBM/model_018.bnet,pyboolnet/cycle-free-3.0.16,timeout,1790.89,1800.01,1790.39,0.491778,99.4931,658100,1033040,728928,15,0,true,false,104,,,,,,,,,,,,,,,,,final-comparison-and-ablation,3.0.16,b18957d3-1af1-4ef1-9588-7e4ec8f121e6,b95930007c6d9ce7a4c660ceaac387a2e353d06eb9d4a7bb7f31e7fee5fed38f,915bedc898c4a63fff6d74c9da29c14f21d1a6b0a7877cba4f915509a86b273c,a5235c24983a7d10e69237851ecb59e424d8b518725bf7ac9d03edc3fbee18b4,2026-08-25T17:01:19+00:00,23554876_39,laurel,"gr10497b,gr10609b,gr10672b",p=1:t=14:c=14:m=64000M,1800.0,1800.0,64000
BBM/model_019.bnet,pyboolnet/cycle-free-3.0.16,timeout,1791.06,1800.02,1790.59,0.469632,99.5022,349740,611528,421840,15,0,true,false,86,,,,,,,,,,,,,,,,,final-comparison-and-ablation,3.0.16,b18957d3-1af1-4ef1-9588-7e4ec8f121e6,b95930007c6d9ce7a4c660ceaac387a2e353d06eb9d4a7bb7f31e7fee5fed38f,915bedc898c4a63fff6d74c9da29c14f21d1a6b0a7877cba4f915509a86b273c,a5235c24983a7d10e69237851ecb59e424d8b518725bf7ac9d03edc3fbee18b4,2026-08-25T17:01:19+00:00,23554876_140,laurel,"gr10497b,gr10609b,gr10672b",p=1:t=14:c=14:m=64000M,1800.0,1800.0,64000
BBM/model_021.bnet,pyboolnet/cycle-free-3.0.16,completed,1.00991,2.11992,0.864366,0.145548,47.6393,71148,277972,89316,0,0,false,false,17,16384,,,,,,,,,,,,,,,pyboolnet-cycle-free,final-comparison-and-ablation,3.0.16,b18957d3-1af1-4ef1-9588-7e4ec8f121e6,b95930007c6d9ce7a4c660ceaac387a2e353d06eb9d4a7bb7f31e7fee5fed38f,915bedc898c4a63fff6d74c9da29c14f21d1a6b0a7877cba4f915509a86b273c,a5235c24983a7d10e69237851ecb59e424d8b518725bf7ac9d03edc3fbee18b4,2026-08-25T17:01:19+00:00,23554876_152,laurel,"gr10497b,gr10609b,gr10672b",p=1:t=14:c=14:m=64000M,1800.0,1800.0,64000
BBM/model_022.bnet,pyboolnet/cycle-free-3.0.16,completed,1.04826,2.41261,0.912963,0.135302,43.4495,70988,226996,72676,0,0,false,false,22,131072,,,,,,,,,,,,,,,pyboolnet-cycle-free,final-comparison-and-ablation,3.0.16,b18957d3-1af1-4ef1-9588-7e4ec8f121e6,b95930007c6d9ce7a4c660ceaac387a2e353d06eb9d4a7bb7f31e7fee5fed38f,915bedc898c4a63fff6d74c9da29c14f21d1a6b0a7877cba4f915509a86b273c,a5235c24983a7d10e69237851ecb59e424d8b518725bf7ac9d03edc3fbee18b4,2026-08-25T17:01:19+00:00,23554876_161,laurel,"gr10497b,gr10609b,gr10672b",p=1:t=14:c=14:m=64000M,1800.0,1800.0,64000
BBM/model_023.bnet,pyboolnet/cycle-free-3.0.16,completed,1.00903,2.2702,0.829701,0.179325,44.4465,70944,220844,70944,0,0,false,false,10,32,,,,,,,,,,,,,,,pyboolnet-cycle-free,final-comparison-and-ablation,3.0.16,b18957d3-1af1-4ef1-9588-7e4ec8f121e6,b95930007c6d9ce7a4c660ceaac387a2e353d06eb9d4a7bb7f31e7fee5fed38f,915bedc898c4a63fff6d74c9da29c14f21d1a6b0a7877cba4f915509a86b273c,a5235c24983a7d10e69237851ecb59e424d8b518725bf7ac9d03edc3fbee18b4,2026-08-25T17:01:19+00:00,23554876_209,laurel,"gr10497b,gr10609b,gr10672b",p=1:t=14:c=14:m=64000M,1800.0,1800.0,64000
BBM/model_024.bnet,pyboolnet/cycle-free-3.0.16,completed,1.08227,1.82009,0.919818,0.162456,59.4626,71116,220972,71116,0,0,false,false,20,5056,,,,,,,,,,,,,,,pyboolnet-cycle-free,final-comparison-and-ablation,3.0.16,b18957d3-1af1-4ef1-9588-7e4ec8f121e6,b95930007c6d9ce7a4c660ceaac387a2e353d06eb9d4a7bb7f31e7fee5fed38f,915bedc898c4a63fff6d74c9da29c14f21d1a6b0a7877cba4f915509a86b273c,a5235c24983a7d10e69237851ecb59e424d8b518725bf7ac9d03edc3fbee18b4,2026-08-25T17:01:19+00:00,23554876_81,laurel,"gr10497b,gr10609b,gr10672b",p=1:t=14:c=14:m=64000M,1800.0,1800.0,64000
BBM/model_025.bnet,pyboolnet/cycle-free-3.0.16,completed,110.595,111.798,110.379,0.216113,98.9241,192212,453496,264752,0,0,false,false,60,90243072,,,,,,,,,,,,,,,pyboolnet-cycle-free,final-comparison-and-ablation,3.0.16,b18957d3-1af1-4ef1-9588-7e4ec8f121e6,b95930007c6d9ce7a4c660ceaac387a2e353d06eb9d4a7bb7f31e7fee5fed38f,915bedc898c4a63fff6d74c9da29c14f21d1a6b0a7877cba4f915509a86b273c,a5235c24983a7d10e69237851ecb59e424d8b518725bf7ac9d03edc3fbee18b4,2026-08-25T17:01:19+00:00,23554876_104,laurel,"gr10497b,gr10609b,gr10672b",p=1:t=14:c=14:m=64000M,1800.0,1800.0,64000
BBM/model_027.bnet,pyboolnet/cycle-free-3.0.16,completed,1.11525,1.86483,0.955741,0.15951,59.8045,71072,224940,71072,0,0,false,false,26,2048,,,,,,,,,,,,,,,pyboolnet-cycle-free,final-comparison-and-ablation,3.0.16,b18957d3-1af1-4ef1-9588-7e4ec8f121e6,b95930007c6d9ce7a4c660ceaac387a2e353d06eb9d4a7bb7f31e7fee5fed38f,915bedc898c4a63fff6d74c9da29c14f21d1a6b0a7877cba4f915509a86b273c,a5235c24983a7d10e69237851ecb59e424d8b518725bf7ac9d03edc3fbee18b4,2026-08-25T17:01:19+00:00,23554876_163,laurel,"gr10497b,gr10609b,gr10672b",p=1:t=14:c=14:m=64000M,1800.0,1800.0,64000
BBM/model_028.bnet,pyboolnet/cycle-free-3.0.16,completed,0.926406,1.64734,0.809031,0.117375,56.2363,71016,224948,71016,0,0,false,false,18,1024,,,,,,,,,,,,,,,pyboolnet-cycle-free,final-comparison-and-ablation,3.0.16,b18957d3-1af1-4ef1-9588-7e4ec8f121e6,b95930007c6d9ce7a4c660ceaac387a2e353d06eb9d4a7bb7f31e7fee5fed38f,915bedc898c4a63fff6d74c9da29c14f21d1a6b0a7877cba4f915509a86b273c,a5235c24983a7d10e69237851ecb59e424d8b518725bf7ac9d03edc3fbee18b4,2026-08-25T17:01:19+00:00,23554876_197,laurel,"gr10497b,gr10609b,gr10672b",p=1:t=14:c=14:m=64000M,1800.0,1800.0,64000
BBM/model_029.bnet,pyboolnet/cycle-free-3.0.16,completed,0.890804,1.92978,0.756307,0.134497,46.1608,70932,224940,70932,0,0,false,false,11,512,,,,,,,,,,,,,,,pyboolnet-cycle-free,final-comparison-and-ablation,3.0.16,b18957d3-1af1-4ef1-9588-7e4ec8f121e6,b95930007c6d9ce7a4c660ceaac387a2e353d06eb9d4a7bb7f31e7fee5fed38f,915bedc898c4a63fff6d74c9da29c14f21d1a6b0a7877cba4f915509a86b273c,a5235c24983a7d10e69237851ecb59e424d8b518725bf7ac9d03edc3fbee18b4,2026-08-25T17:01:19+00:00,23554876_71,laurel,"gr10497b,gr10609b,gr10672b",p=1:t=14:c=14:m=64000M,1800.0,1800.0,64000
BBM/model_030.bnet,pyboolnet/cycle-free-3.0.16,completed,1.0079,1.89361,0.87214,0.13576,53.2263,71188,220848,71188,0,0,false,false,24,262144,,,,,,,,,,,,,,,pyboolnet-cycle-free,final-comparison-and-ablation,3.0.16,b18957d3-1af1-4ef1-9588-7e4ec8f121e6,b95930007c6d9ce7a4c660ceaac387a2e353d06eb9d4a7bb7f31e7fee5fed38f,915bedc898c4a63fff6d74c9da29c14f21d1a6b0a7877cba4f915509a86b273c,a5235c24983a7d10e69237851ecb59e424d8b518725bf7ac9d03edc3fbee18b4,2026-08-25T17:01:19+00:00,23554876_85,laurel,"gr10497b,gr10609b,gr10672b",p=1:t=14:c=14:m=64000M,1800.0,1800.0,64000
BBM/model_031.bnet,pyboolnet/cycle-free-3.0.16,completed,0.906262,1.70212,0.784134,0.122128,53.2431,71000,220844,71000,0,0,false,false,9,60,,,,,,,,,,,,,,,pyboolnet-cycle-free,final-comparison-and-ablation,3.0.16,b18957d3-1af1-4ef1-9588-7e4ec8f121e6,b95930007c6d9ce7a4c660ceaac387a2e353d06eb9d4a7bb7f31e7fee5fed38f,915bedc898c4a63fff6d74c9da29c14f21d1a6b0a7877cba4f915509a86b273c,a5235c24983a7d10e69237851ecb59e424d8b518725bf7ac9d03edc3fbee18b4,2026-08-25T17:01:19+00:00,23554876_95,laurel,"gr10497b,gr10609b,gr10672b",p=1:t=14:c=14:m=64000M,1800.0,1800.0,64000
BBM/model_032.bnet,pyboolnet/cycle-free-3.0.16,completed,23.4622,24.3853,23.2707,0.19143,96.2144,71256,319516,129764,0,0,false,false,40,85899345920,,,,,,,,,,,,,,,pyboolnet-cycle-free,final-comparison-and-ablation,3.0.16,b18957d3-1af1-4ef1-9588-7e4ec8f121e6,b95930007c6d9ce7a4c660ceaac387a2e353d06eb9d4a7bb7f31e7fee5fed38f,915bedc898c4a63fff6d74c9da29c14f21d1a6b0a7877cba4f915509a86b273c,a5235c24983a7d10e69237851ecb59e424d8b518725bf7ac9d03edc3fbee18b4,2026-08-25T17:01:19+00:00,23554876_158,laurel,"gr10497b,gr10609b,gr10672b",p=1:t=14:c=14:m=64000M,1800.0,1800.0,64000
BBM/model_033.bnet,pyboolnet/cycle-free-3.0.16,completed,1.10965,1.84876,0.972305,0.137345,60.0214,71564,222144,71564,0,0,false,false,24,1,,,,,,,,,,,,,,,pyboolnet-cycle-free,final-comparison-and-ablation,3.0.16,b18957d3-1af1-4ef1-9588-7e4ec8f121e6,b95930007c6d9ce7a4c660ceaac387a2e353d06eb9d4a7bb7f31e7fee5fed38f,915bedc898c4a63fff6d74c9da29c14f21d1a6b0a7877cba4f915509a86b273c,a5235c24983a7d10e69237851ecb59e424d8b518725bf7ac9d03edc3fbee18b4,2026-08-25T17:01:19+00:00,23554876_216,laurel,"gr10497b,gr10609b,gr10672b",p=1:t=14:c=14:m=64000M,1800.0,1800.0,64000
BBM/model_034.bnet,pyboolnet/cycle-free-3.0.16,completed,1.17025,1.92921,1.02434,0.145909,60.6594,71688,224944,71688,0,0,false,false,23,1,,,,,,,,,,,,,,,pyboolnet-cycle-free,final-comparison-and-ablation,3.0.16,b18957d3-1af1-4ef1-9588-7e4ec8f121e6,b95930007c6d9ce7a4c660ceaac387a2e353d06eb9d4a7bb7f31e7fee5fed38f,915bedc898c4a63fff6d74c9da29c14f21d1a6b0a7877cba4f915509a86b273c,a5235c24983a7d10e69237851ecb59e424d8b518725bf7ac9d03edc3fbee18b4,2026-08-25T17:01:19+00:00,23554876_27,laurel,"gr10497b,gr10609b,gr10672b",p=1:t=14:c=14:m=64000M,1800.0,1800.0,64000
BBM/model_035.bnet,pyboolnet/cycle-free-3.0.16,completed,0.980428,1.85742,0.85675,0.123678,52.7845,71152,221996,71152,0,0,false,false,16,1,,,,,,,,,,,,,,,pyboolnet-cycle-free,final-comparison-and-ablation,3.0.16,b18957d3-1af1-4ef1-9588-7e4ec8f121e6,b95930007c6d9ce7a4c660ceaac387a2e353d06eb9d4a7bb7f31e7fee5fed38f,915bedc898c4a63fff6d74c9da29c14f21d1a6b0a7877cba4f915509a86b273c,a5235c24983a7d10e69237851ecb59e424d8b518725bf7ac9d03edc3fbee18b4,2026-08-25T17:01:19+00:00,23554876_171,laurel,"gr10497b,gr10609b,gr10672b",p=1:t=14:c=14:m=64000M,1800.0,1800.0,64000
BBM/model_036.bnet,pyboolnet/cycle-free-3.0.16,completed,1.10961,1.89003,0.907875,0.201732,58.7083,70936,224940,70936,0,0,false,false,16,1,,,,,,,,,,,,,,,pyboolnet-cycle-free,final-comparison-and-ablation,3.0.16,b18957d3-1af1-4ef1-9588-7e4ec8f121e6,b95930007c6d9ce7a4c660ceaac387a2e353d06eb9d4a7bb7f31e7fee5fed38f,915bedc898c4a63fff6d74c9da29c14f21d1a6b0a7877cba4f915509a86b273c,a5235c24983a7d10e69237851ecb59e424d8b518725bf7ac9d03edc3fbee18b4,2026-08-25T17:01:19+00:00,23554876_94,laurel,"gr10497b,gr10609b,gr10672b",p=1:t=14:c=14:m=64000M,1800.0,1800.0,64000
BBM/model_037.bnet,pyboolnet/cycle-free-3.0.16,completed,0.928267,1.67193,0.808654,0.119613,55.5206,71028,224952,71028,0,0,false,false,16,1024,,,,,,,,,,,,,,,pyboolnet-cycle-free,final-comparison-and-ablation,3.0.16,b18957d3-1af1-4ef1-9588-7e4ec8f121e6,b95930007c6d9ce7a4c660ceaac387a2e353d06eb9d4a7bb7f31e7fee5fed38f,915bedc898c4a63fff6d74c9da29c14f21d1a6b0a7877cba4f915509a86b273c,a5235c24983a7d10e69237851ecb59e424d8b518725bf7ac9d03edc3fbee18b4,2026-08-25T17:01:19+00:00,23554876_119,laurel,"gr10497b,gr10609b,gr10672b",p=1:t=14:c=14:m=64000M,1800.0,1800.0,64000
BBM/model_038.bnet,pyboolnet/cycle-free-3.0.16,completed,1.23789,2.48707,1.10595,0.131938,49.7732,71380,227268,74472,0,0,false,false,25,1,,,,,,,,,,,,,,,pyboolnet-cycle-free,final-comparison-and-ablation,3.0.16,b18957d3-1af1-4ef1-9588-7e4ec8f121e6,b95930007c6d9ce7a4c660ceaac387a2e353d06eb9d4a7bb7f31e7fee5fed38f,915bedc898c4a63fff6d74c9da29c14f21d1a6b0a7877cba4f915509a86b273c,a5235c24983a7d10e69237851ecb59e424d8b518725bf7ac9d03edc3fbee18b4,2026-08-25T17:01:19+00:00,23554876_106,laurel,"gr10497b,gr10609b,gr10672b",p=1:t=14:c=14:m=64000M,1800.0,1800.0,64000
BBM/model_039.bnet,pyboolnet/cycle-free-3.0.16,timeout,1791.56,1800.01,1788.24,3.32646,99.5307,2615172,3443480,2686076,15,0,true,false,136,,,,,,,,,,,,,,,,,final-comparison-and-ablation,3.0.16,b18957d3-1af1-4ef1-9588-7e4ec8f121e6,b95930007c6d9ce7a4c660ceaac387a2e353d06eb9d4a7bb7f31e7fee5fed38f,915bedc898c4a63fff6d74c9da29c14f21d1a6b0a7877cba4f915509a86b273c,a5235c24983a7d10e69237851ecb59e424d8b518725bf7ac9d03edc3fbee18b4,2026-08-25T17:01:19+00:00,23554876_19,laurel,"gr10497b,gr10609b,gr10672b",p=1:t=14:c=14:m=64000M,1800.0,1800.0,64000
BBM/model_040.bnet,pyboolnet/cycle-free-3.0.16,completed,1.08599,1.9161,0.964674,0.121313,56.677,71076,221996,71076,0,0,false,false,23,67584,,,,,,,,,,,,,,,pyboolnet-cycle-free,final-comparison-and-ablation,3.0.16,b18957d3-1af1-4ef1-9588-7e4ec8f121e6,b95930007c6d9ce7a4c660ceaac387a2e353d06eb9d4a7bb7f31e7fee5fed38f,915bedc898c4a63fff6d74c9da29c14f21d1a6b0a7877cba4f915509a86b273c,a5235c24983a7d10e69237851ecb59e424d8b518725bf7ac9d03edc3fbee18b4,2026-08-25T17:01:19+00:00,23554876_172,laurel,"gr10497b,gr10609b,gr10672b",p=1:t=14:c=14:m=64000M,1800.0,1800.0,64000
BBM/model_041.bnet,pyboolnet/cycle-free-3.0.16,timeout,1791.24,1800.03,1790.7,0.53968,99.5115,542428,804892,615736,15,0,true,false,131,,,,,,,,,,,,,,,,,final-comparison-and-ablation,3.0.16,b18957d3-1af1-4ef1-9588-7e4ec8f121e6,b95930007c6d9ce7a4c660ceaac387a2e353d06eb9d4a7bb7f31e7fee5fed38f,915bedc898c4a63fff6d74c9da29c14f21d1a6b0a7877cba4f915509a86b273c,a5235c24983a7d10e69237851ecb59e424d8b518725bf7ac9d03edc3fbee18b4,2026-08-25T17:01:19+00:00,23554876_162,laurel,"gr10497b,gr10609b,gr10672b",p=1:t=14:c=14:m=64000M,1800.0,1800.0,64000
BBM/model_042.bnet,pyboolnet/cycle-free-3.0.16,completed,4.15031,5.138,2.60425,1.54606,80.7767,71460,279432,90680,0,0,false,false,24,16384,,,,,,,,,,,,,,,pyboolnet-cycle-free,final-comparison-and-ablation,3.0.16,b18957d3-1af1-4ef1-9588-7e4ec8f121e6,b95930007c6d9ce7a4c660ceaac387a2e353d06eb9d4a7bb7f31e7fee5fed38f,915bedc898c4a63fff6d74c9da29c14f21d1a6b0a7877cba4f915509a86b273c,a5235c24983a7d10e69237851ecb59e424d8b518725bf7ac9d03edc3fbee18b4,2026-08-25T17:01:19+00:00,23554876_42,laurel,"gr10497b,gr10609b,gr10672b",p=1:t=14:c=14:m=64000M,1800.0,1800.0,64000
BBM/model_043.bnet,pyboolnet/cycle-free-3.0.16,completed,1.90983,2.67835,1.73916,0.170669,71.3064,71484,284560,94912,0,0,false,false,33,40341504,,,,,,,,,,,,,,,pyboolnet-cycle-free,final-comparison-and-ablation,3.0.16,b18957d3-1af1-4ef1-9588-7e4ec8f121e6,b95930007c6d9ce7a4c660ceaac387a2e353d06eb9d4a7bb7f31e7fee5fed38f,915bedc898c4a63fff6d74c9da29c14f21d1a6b0a7877cba4f915509a86b273c,a5235c24983a7d10e69237851ecb59e424d8b518725bf7ac9d03edc3fbee18b4,2026-08-25T17:01:19+00:00,23554876_16,laurel,"gr10497b,gr10609b,gr10672b",p=1:t=14:c=14:m=64000M,1800.0,1800.0,64000
BBM/model_044.bnet,pyboolnet/cycle-free-3.0.16,completed,1.16576,2.18431,1.03743,0.128326,53.3695,71204,280984,91216,0,0,false,false,26,20480,,,,,,,,,,,,,,,pyboolnet-cycle-free,final-comparison-and-ablation,3.0.16,b18957d3-1af1-4ef1-9588-7e4ec8f121e6,b95930007c6d9ce7a4c660ceaac387a2e353d06eb9d4a7bb7f31e7fee5fed38f,915bedc898c4a63fff6d74c9da29c14f21d1a6b0a7877cba4f915509a86b273c,a5235c24983a7d10e69237851ecb59e424d8b518725bf7ac9d03edc3fbee18b4,2026-08-25T17:01:19+00:00,23554876_177,laurel,"gr10497b,gr10609b,gr10672b",p=1:t=14:c=14:m=64000M,1800.0,1800.0,64000
BBM/model_045.bnet,pyboolnet/cycle-free-3.0.16,completed,1.28479,2.46267,1.12082,0.163967,52.1704,71052,228748,75644,0,0,false,false,24,2048,,,,,,,,,,,,,,,pyboolnet-cycle-free,final-comparison-and-ablation,3.0.16,b18957d3-1af1-4ef1-9588-7e4ec8f121e6,b95930007c6d9ce7a4c660ceaac387a2e353d06eb9d4a7bb7f31e7fee5fed38f,915bedc898c4a63fff6d74c9da29c14f21d1a6b0a7877cba4f915509a86b273c,a5235c24983a7d10e69237851ecb59e424d8b518725bf7ac9d03edc3fbee18b4,2026-08-25T17:01:19+00:00,23554876_21,laurel,"gr10497b,gr10609b,gr10672b",p=1:t=14:c=14:m=64000M,1800.0,1800.0,64000
BBM/model_046.bnet,pyboolnet/cycle-free-3.0.16,completed,364.043,366.326,363.798,0.244641,99.3767,211188,472208,283156,0,0,false,false,53,21743271936,,,,,,,,,,,,,,,pyboolnet-cycle-free,final-comparison-and-ablation,3.0.16,b18957d3-1af1-4ef1-9588-7e4ec8f121e6,b95930007c6d9ce7a4c660ceaac387a2e353d06eb9d4a7bb7f31e7fee5fed38f,915bedc898c4a63fff6d74c9da29c14f21d1a6b0a7877cba4f915509a86b273c,a5235c24983a7d10e69237851ecb59e424d8b518725bf7ac9d03edc3fbee18b4,2026-08-25T17:01:19+00:00,23554876_44,laurel,"gr10497b,gr10609b,gr10672b",p=1:t=14:c=14:m=64000M,1800.0,1800.0,64000
BBM/model_047.bnet,pyboolnet/cycle-free-3.0.16,completed,1.20912,1.99395,1.04088,0.16824,60.6393,71168,220844,71168,0,0,false,false,23,16384,,,,,,,,,,,,,,,pyboolnet-cycle-free,final-comparison-and-ablation,3.0.16,b18957d3-1af1-4ef1-9588-7e4ec8f121e6,b95930007c6d9ce7a4c660ceaac387a2e353d06eb9d4a7bb7f31e7fee5fed38f,915bedc898c4a63fff6d74c9da29c14f21d1a6b0a7877cba4f915509a86b273c,a5235c24983a7d10e69237851ecb59e424d8b518725bf7ac9d03edc3fbee18b4,2026-08-25T17:01:19+00:00,23554876_154,laurel,"gr10497b,gr10609b,gr10672b",p=1:t=14:c=14:m=64000M,1800.0,1800.0,64000
BBM/model_048.bnet,pyboolnet/cycle-free-3.0.16,completed,606.42,611.122,606.166,0.254309,99.2305,211704,472856,283112,0,0,false,false,73,677299162710016,,,,,,,,,,,,,,,pyboolnet-cycle-free,final-comparison-and-ablation,3.0.16,b18957d3-1af1-4ef1-9588-7e4ec8f121e6,b95930007c6d9ce7a4c660ceaac387a2e353d06eb9d4a7bb7f31e7fee5fed38f,915bedc898c4a63fff6d74c9da29c14f21d1a6b0a7877cba4f915509a86b273c,a5235c24983a7d10e69237851ecb59e424d8b518725bf7ac9d03edc3fbee18b4,2026-08-25T17:01:19+00:00,23554876_38,laurel,"gr10497b,gr10609b,gr10672b",p=1:t=14:c=14:m=64000M,1800.0,1800.0,64000
BBM/model_049.bnet,pyboolnet/cycle-free-3.0.16,completed,1.03317,1.90666,0.882199,0.150974,54.1875,70976,220848,70976,0,0,false,false,19,70720,,,,,,,,,,,,,,,pyboolnet-cycle-free,final-comparison-and-ablation,3.0.16,b18957d3-1af1-4ef1-9588-7e4ec8f121e6,b95930007c6d9ce7a4c660ceaac387a2e353d06eb9d4a7bb7f31e7fee5fed38f,915bedc898c4a63fff6d74c9da29c14f21d1a6b0a7877cba4f915509a86b273c,a5235c24983a7d10e69237851ecb59e424d8b518725bf7ac9d03edc3fbee18b4,2026-08-25T17:01:19+00:00,23554876_191,laurel,"gr10497b,gr10609b,gr10672b",p=1:t=14:c=14:m=64000M,1800.0,1800.0,64000
BBM/model_050.bnet,pyboolnet/cycle-free-3.0.16,timeout,1790.11,1800.01,1789.69,0.419547,99.4499,209312,473428,283844,15,0,true,false,188,,,,,,,,,,,,,,,,,final-comparison-and-ablation,3.0.16,b18957d3-1af1-4ef1-9588-7e4ec8f121e6,b95930007c6d9ce7a4c660ceaac387a2e353d06eb9d4a7bb7f31e7fee5fed38f,915bedc898c4a63fff6d74c9da29c14f21d1a6b0a7877cba4f915509a86b273c,a5235c24983a7d10e69237851ecb59e424d8b518725bf7ac9d03edc3fbee18b4,2026-08-25T17:01:19+00:00,23554876_51,laurel,"gr10497b,gr10609b,gr10672b",p=1:t=14:c=14:m=64000M,1800.0,1800.0,64000
BBM/model_051.bnet,pyboolnet/cycle-free-3.0.16,timeout,1792.16,1800.02,1791.77,0.395194,99.5634,406848,668460,478968,15,0,true,false,70,,,,,,,,,,,,,,,,,final-comparison-and-ablation,3.0.16,b18957d3-1af1-4ef1-9588-7e4ec8f121e6,b95930007c6d9ce7a4c660ceaac387a2e353d06eb9d4a7bb7f31e7fee5fed38f,915bedc898c4a63fff6d74c9da29c14f21d1a6b0a7877cba4f915509a86b273c,a5235c24983a7d10e69237851ecb59e424d8b518725bf7ac9d03edc3fbee18b4,2026-08-25T17:01:19+00:00,23554876_164,laurel,"gr10497b,gr10609b,gr10672b",p=1:t=14:c=14:m=64000M,1800.0,1800.0,64000
BBM/model_052.bnet,pyboolnet/cycle-free-3.0.16,completed,1.74221,2.47441,1.62926,0.112958,70.4092,71328,282676,92884,0,0,false,false,31,8192,,,,,,,,,,,,,,,pyboolnet-cycle-free,final-comparison-and-ablation,3.0.16,b18957d3-1af1-4ef1-9588-7e4ec8f121e6,b95930007c6d9ce7a4c660ceaac387a2e353d06eb9d4a7bb7f31e7fee5fed38f,915bedc898c4a63fff6d74c9da29c14f21d1a6b0a7877cba4f915509a86b273c,a5235c24983a7d10e69237851ecb59e424d8b518725bf7ac9d03edc3fbee18b4,2026-08-25T17:01:19+00:00,23554876_173,laurel,"gr10497b,gr10609b,gr10672b",p=1:t=14:c=14:m=64000M,1800.0,1800.0,64000
BBM/model_053.bnet,pyboolnet/cycle-free-3.0.16,completed,1.07972,1.97428,0.899279,0.180436,54.689,71160,220980,71160,0,0,false,false,15,368,,,,,,,,,,,,,,,pyboolnet-cycle-free,final-comparison-and-ablation,3.0.16,b18957d3-1af1-4ef1-9588-7e4ec8f121e6,b95930007c6d9ce7a4c660ceaac387a2e353d06eb9d4a7bb7f31e7fee5fed38f,915bedc898c4a63fff6d74c9da29c14f21d1a6b0a7877cba4f915509a86b273c,a5235c24983a7d10e69237851ecb59e424d8b518725bf7ac9d03edc3fbee18b4,2026-08-25T17:01:19+00:00,23554876_10,laurel,"gr10497b,gr10609b,gr10672b",p=1:t=14:c=14:m=64000M,1800.0,1800.0,64000
BBM/model_054.bnet,pyboolnet/cycle-free-3.0.16,timeout,1789.02,1800.02,1788.76,0.263824,99.3892,165812,427032,237584,15,0,true,false,62,,,,,,,,,,,,,,,,,final-comparison-and-ablation,3.0.16,b18957d3-1af1-4ef1-9588-7e4ec8f121e6,b95930007c6d9ce7a4c660ceaac387a2e353d06eb9d4a7bb7f31e7fee5fed38f,915bedc898c4a63fff6d74c9da29c14f21d1a6b0a7877cba4f915509a86b273c,a5235c24983a7d10e69237851ecb59e424d8b518725bf7ac9d03edc3fbee18b4,2026-08-25T17:01:19+00:00,23554876_107,laurel,"gr10497b,gr10609b,gr10672b",p=1:t=14:c=14:m=64000M,1800.0,1800.0,64000
BBM/model_055.bnet,pyboolnet/cycle-free-3.0.16,completed,2.69501,3.43409,2.53384,0.161167,78.4781,71588,281492,91868,0,0,false,false,19,118032,,,,,,,,,,,,,,,pyboolnet-cycle-free,final-comparison-and-ablation,3.0.16,b18957d3-1af1-4ef1-9588-7e4ec8f121e6,b95930007c6d9ce7a4c660ceaac387a2e353d06eb9d4a7bb7f31e7fee5fed38f,915bedc898c4a63fff6d74c9da29c14f21d1a6b0a7877cba4f915509a86b273c,a5235c24983a7d10e69237851ecb59e424d8b518725bf7ac9d03edc3fbee18b4,2026-08-25T17:01:19+00:00,23554876_46,laurel,"gr10497b,gr10609b,gr10672b",p=1:t=14:c=14:m=64000M,1800.0,1800.0,64000
BBM/model_056.bnet,pyboolnet/cycle-free-3.0.16,completed,96.2394,97.4552,96.0209,0.218446,98.7525,110188,336840,180796,0,0,false,false,91,36893488147419103232,,,,,,,,,,,,,,,pyboolnet-cycle-free,final-comparison-and-ablation,3.0.16,b18957d3-1af1-4ef1-9588-7e4ec8f121e6,b95930007c6d9ce7a4c660ceaac387a2e353d06eb9d4a7bb7f31e7fee5fed38f,915bedc898c4a63fff6d74c9da29c14f21d1a6b0a7877cba4f915509a86b273c,a5235c24983a7d10e69237851ecb59e424d8b518725bf7ac9d03edc3fbee18b4,2026-08-25T17:01:19+00:00,23554876_7,laurel,"gr10497b,gr10609b,gr10672b",p=1:t=14:c=14:m=64000M,1800.0,1800.0,64000
BBM/model_059.bnet,pyboolnet/cycle-free-3.0.16,timeout,1792.1,1800.02,1791.32,0.780138,99.5605,223272,484768,295548,15,0,true,false,67,,,,,,,,,,,,,,,,,final-comparison-and-ablation,3.0.16,b18957d3-1af1-4ef1-9588-7e4ec8f121e6,b95930007c6d9ce7a4c660ceaac387a2e353d06eb9d4a7bb7f31e7fee5fed38f,915bedc898c4a63fff6d74c9da29c14f21d1a6b0a7877cba4f915509a86b273c,a5235c24983a7d10e69237851ecb59e424d8b518725bf7ac9d03edc3fbee18b4,2026-08-25T17:01:19+00:00,23554876_101,laurel,"gr10497b,gr10609b,gr10672b",p=1:t=14:c=14:m=64000M,1800.0,1800.0,64000
BBM/model_060.bnet,pyboolnet/cycle-free-3.0.16,timeout,1788.56,1800.03,1787.42,1.13722,99.3625,586600,849068,660100,15,0,true,false,49,,,,,,,,,,,,,,,,,final-comparison-and-ablation,3.0.16,b18957d3-1af1-4ef1-9588-7e4ec8f121e6,b95930007c6d9ce7a4c660ceaac387a2e353d06eb9d4a7bb7f31e7fee5fed38f,915bedc898c4a63fff6d74c9da29c14f21d1a6b0a7877cba4f915509a86b273c,a5235c24983a7d10e69237851ecb59e424d8b518725bf7ac9d03edc3fbee18b4,2026-08-25T17:01:19+00:00,23554876_89,laurel,"gr10497b,gr10609b,gr10672b",p=1:t=14:c=14:m=64000M,1800.0,1800.0,64000
BBM/model_061.bnet,pyboolnet/cycle-free-3.0.16,completed,1.889,2.6329,1.75086,0.138133,71.7459,71492,283380,93600,0,0,false,false,26,16384,,,,,,,,,,,,,,,pyboolnet-cycle-free,final-comparison-and-ablation,3.0.16,b18957d3-1af1-4ef1-9588-7e4ec8f121e6,b95930007c6d9ce7a4c660ceaac387a2e353d06eb9d4a7bb7f31e7fee5fed38f,915bedc898c4a63fff6d74c9da29c14f21d1a6b0a7877cba4f915509a86b273c,a5235c24983a7d10e69237851ecb59e424d8b518725bf7ac9d03edc3fbee18b4,2026-08-25T17:01:19+00:00,23554876_201,laurel,"gr10497b,gr10609b,gr10672b",p=1:t=14:c=14:m=64000M,1800.0,1800.0,64000
BBM/model_062.bnet,pyboolnet/cycle-free-3.0.16,completed,3.32552,4.49577,3.18324,0.142284,73.9701,71388,240328,86316,0,0,false,false,18,8,,,,,,,,,,,,,,,pyboolnet-cycle-free,final-comparison-and-ablation,3.0.16,b18957d3-1af1-4ef1-9588-7e4ec8f121e6,b95930007c6d9ce7a4c660ceaac387a2e353d06eb9d4a7bb7f31e7fee5fed38f,915bedc898c4a63fff6d74c9da29c14f21d1a6b0a7877cba4f915509a86b273c,a5235c24983a7d10e69237851ecb59e424d8b518725bf7ac9d03edc3fbee18b4,2026-08-25T17:01:19+00:00,23554876_58,laurel,"gr10497b,gr10609b,gr10672b",p=1:t=14:c=14:m=64000M,1800.0,1800.0,64000
BBM/model_063.bnet,pyboolnet/cycle-free-3.0.16,completed,0.919326,1.66449,0.791154,0.128172,55.2318,70840,220840,70840,0,0,false,false,13,304,,,,,,,,,,,,,,,pyboolnet-cycle-free,final-comparison-and-ablation,3.0.16,b18957d3-1af1-4ef1-9588-7e4ec8f121e6,b95930007c6d9ce7a4c660ceaac387a2e353d06eb9d4a7bb7f31e7fee5fed38f,915bedc898c4a63fff6d74c9da29c14f21d1a6b0a7877cba4f915509a86b273c,a5235c24983a7d10e69237851ecb59e424d8b518725bf7ac9d03edc3fbee18b4,2026-08-25T17:01:19+00:00,23554876_111,laurel,"gr10497b,gr10609b,gr10672b",p=1:t=14:c=14:m=64000M,1800.0,1800.0,64000
BBM/model_064.bnet,pyboolnet/cycle-free-3.0.16,completed,0.943022,1.67595,0.810085,0.132937,56.2679,70980,220852,70980,0,0,false,false,12,224,,,,,,,,,,,,,,,pyboolnet-cycle-free,final-comparison-and-ablation,3.0.16,b18957d3-1af1-4ef1-9588-7e4ec8f121e6,b95930007c6d9ce7a4c660ceaac387a2e353d06eb9d4a7bb7f31e7fee5fed38f,915bedc898c4a63fff6d74c9da29c14f21d1a6b0a7877cba4f915509a86b273c,a5235c24983a7d10e69237851ecb59e424d8b518725bf7ac9d03edc3fbee18b4,2026-08-25T17:01:19+00:00,23554876_73,laurel,"gr10497b,gr10609b,gr10672b",p=1:t=14:c=14:m=64000M,1800.0,1800.0,64000
BBM/model_065.bnet,pyboolnet/cycle-free-3.0.16,completed,4.5412,5.27231,4.40136,0.13984,86.133,72352,316004,126604,0,0,false,false,32,2097152,,,,,,,,,,,,,,,pyboolnet-cycle-free,final-comparison-and-ablation,3.0.16,b18957d3-1af1-4ef1-9588-7e4ec8f121e6,b95930007c6d9ce7a4c660ceaac387a2e353d06eb9d4a7bb7f31e7fee5fed38f,915bedc898c4a63fff6d74c9da29c14f21d1a6b0a7877cba4f915509a86b273c,a5235c24983a7d10e69237851ecb59e424d8b518725bf7ac9d03edc3fbee18b4,2026-08-25T17:01:19+00:00,23554876_87,laurel,"gr10497b,gr10609b,gr10672b",p=1:t=14:c=14:m=64000M,1800.0,1800.0,64000
BBM/model_066.bnet,pyboolnet/cycle-free-3.0.16,completed,8.13449,10.7307,7.97977,0.154723,75.8056,71936,327408,137852,0,0,false,false,38,262224,,,,,,,,,,,,,,,pyboolnet-cycle-free,final-comparison-and-ablation,3.0.16,b18957d3-1af1-4ef1-9588-7e4ec8f121e6,b95930007c6d9ce7a4c660ceaac387a2e353d06eb9d4a7bb7f31e7fee5fed38f,915bedc898c4a63fff6d74c9da29c14f21d1a6b0a7877cba4f915509a86b273c,a5235c24983a7d10e69237851ecb59e424d8b518725bf7ac9d03edc3fbee18b4,2026-08-25T17:01:19+00:00,23554876_13,laurel,"gr10497b,gr10609b,gr10672b",p=1:t=14:c=14:m=64000M,1800.0,1800.0,64000
BBM/model_067.bnet,pyboolnet/cycle-free-3.0.16,completed,0.959148,1.90215,0.811173,0.147975,50.4245,71240,220852,70984,0,0,false,false,13,280,,,,,,,,,,,,,,,pyboolnet-cycle-free,final-comparison-and-ablation,3.0.16,b18957d3-1af1-4ef1-9588-7e4ec8f121e6,b95930007c6d9ce7a4c660ceaac387a2e353d06eb9d4a7bb7f31e7fee5fed38f,915bedc898c4a63fff6d74c9da29c14f21d1a6b0a7877cba4f915509a86b273c,a5235c24983a7d10e69237851ecb59e424d8b518725bf7ac9d03edc3fbee18b4,2026-08-25T17:01:19+00:00,23554876_31,laurel,"gr10497b,gr10609b,gr10672b",p=1:t=14:c=14:m=64000M,1800.0,1800.0,64000
BBM/model_068.bnet,pyboolnet/cycle-free-3.0.16,completed,1.2,1.96977,1.04998,0.150019,60.9209,71076,222000,71076,0,0,false,false,23,4112,,,,,,,,,,,,,,,pyboolnet-cycle-free,final-comparison-and-ablation,3.0.16,b18957d3-1af1-4ef1-9588-7e4ec8f121e6,b95930007c6d9ce7a4c660ceaac387a2e353d06eb9d4a7bb7f31e7fee5fed38f,915bedc898c4a63fff6d74c9da29c14f21d1a6b0a7877cba4f915509a86b273c,a5235c24983a7d10e69237851ecb59e424d8b518725bf7ac9d03edc3fbee18b4,2026-08-25T17:01:19+00:00,23554876_29,laurel,"gr10497b,gr10609b,gr10672b",p=1:t=14:c=14:m=64000M,1800.0,1800.0,64000
BBM/model_070.bnet,pyboolnet/cycle-free-3.0.16,completed,62.574,63.8266,62.4008,0.173154,98.0374,103420,364608,174840,0,0,false,false,53,33554432,,,,,,,,,,,,,,,pyboolnet-cycle-free,final-comparison-and-ablation,3.0.16,b18957d3-1af1-4ef1-9588-7e4ec8f121e6,b95930007c6d9ce7a4c660ceaac387a2e353d06eb9d4a7bb7f31e7fee5fed38f,915bedc898c4a63fff6d74c9da29c14f21d1a6b0a7877cba4f915509a86b273c,a5235c24983a7d10e69237851ecb59e424d8b518725bf7ac9d03edc3fbee18b4,2026-08-25T17:01:19+00:00,23554876_126,laurel,"gr10497b,gr10609b,gr10672b",p=1:t=14:c=14:m=64000M,1800.0,1800.0,64000
BBM/model_071.bnet,pyboolnet/cycle-free-3.0.16,completed,6.58775,7.85841,6.43912,0.148629,83.8306,71436,305884,117044,0,0,false,false,42,268435456,,,,,,,,,,,,,,,pyboolnet-cycle-free,final-comparison-and-ablation,3.0.16,b18957d3-1af1-4ef1-9588-7e4ec8f121e6,b95930007c6d9ce7a4c660ceaac387a2e353d06eb9d4a7bb7f31e7fee5fed38f,915bedc898c4a63fff6d74c9da29c14f21d1a6b0a7877cba4f915509a86b273c,a5235c24983a7d10e69237851ecb59e424d8b518725bf7ac9d03edc3fbee18b4,2026-08-25T17:01:19+00:00,23554876_30,laurel,"gr10497b,gr10609b,gr10672b",p=1:t=14:c=14:m=64000M,1800.0,1800.0,64000
BBM/model_072.bnet,pyboolnet/cycle-free-3.0.16,timeout,1790.3,1800.01,1790,0.306631,99.4607,235704,497520,308128,15,0,true,false,81,,,,,,,,,,,,,,,,,final-comparison-and-ablation,3.0.16,b18957d3-1af1-4ef1-9588-7e4ec8f121e6,b95930007c6d9ce7a4c660ceaac387a2e353d06eb9d4a7bb7f31e7fee5fed38f,915bedc898c4a63fff6d74c9da29c14f21d1a6b0a7877cba4f915509a86b273c,a5235c24983a7d10e69237851ecb59e424d8b518725bf7ac9d03edc3fbee18b4,2026-08-25T17:01:19+00:00,23554876_213,laurel,"gr10497b,gr10609b,gr10672b",p=1:t=14:c=14:m=64000M,1800.0,1800.0,64000
BBM/model_073.bnet,pyboolnet/cycle-free-3.0.16,completed,4.2296,5.06084,4.07738,0.152223,83.5752,71928,288656,99272,0,0,false,false,33,87552,,,,,,,,,,,,,,,pyboolnet-cycle-free,final-comparison-and-ablation,3.0.16,b18957d3-1af1-4ef1-9588-7e4ec8f121e6,b95930007c6d9ce7a4c660ceaac387a2e353d06eb9d4a7bb7f31e7fee5fed38f,915bedc898c4a63fff6d74c9da29c14f21d1a6b0a7877cba4f915509a86b273c,a5235c24983a7d10e69237851ecb59e424d8b518725bf7ac9d03edc3fbee18b4,2026-08-25T17:01:19+00:00,23554876_144,laurel,"gr10497b,gr10609b,gr10672b",p=1:t=14:c=14:m=64000M,1800.0,1800.0,64000
BBM/model_074.bnet,pyboolnet/cycle-free-3.0.16,completed,0.930444,1.64829,0.815303,0.115141,56.4492,71068,220852,71068,0,0,false,false,18,131072,,,,,,,,,,,,,,,pyboolnet-cycle-free,final-comparison-and-ablation,3.0.16,b18957d3-1af1-4ef1-9588-7e4ec8f121e6,b95930007c6d9ce7a4c660ceaac387a2e353d06eb9d4a7bb7f31e7fee5fed38f,915bedc898c4a63fff6d74c9da29c14f21d1a6b0a7877cba4f915509a86b273c,a5235c24983a7d10e69237851ecb59e424d8b518725bf7ac9d03edc3fbee18b4,2026-08-25T17:01:19+00:00,23554876_80,laurel,"gr10497b,gr10609b,gr10672b",p=1:t=14:c=14:m=64000M,1800.0,1800.0,64000
BBM/model_076.bnet,pyboolnet/cycle-free-3.0.16,completed,254.372,256.648,254.159,0.212703,99.1129,177440,438324,248380,0,0,false,false,51,1056561954816,,,,,,,,,,,,,,,pyboolnet-cycle-free,final-comparison-and-ablation,3.0.16,b18957d3-1af1-4ef1-9588-7e4ec8f121e6,b95930007c6d9ce7a4c660ceaac387a2e353d06eb9d4a7bb7f31e7fee5fed38f,915bedc898c4a63fff6d74c9da29c14f21d1a6b0a7877cba4f915509a86b273c,a5235c24983a7d10e69237851ecb59e424d8b518725bf7ac9d03edc3fbee18b4,2026-08-25T17:01:19+00:00,23554876_200,laurel,"gr10497b,gr10609b,gr10672b",p=1:t=14:c=14:m=64000M,1800.0,1800.0,64000
BBM/model_077.bnet,pyboolnet/cycle-free-3.0.16,completed,726.709,730.511,726.496,0.213251,99.4795,157060,418268,228936,0,0,false,false,66,70368744177664,,,,,,,,,,,,,,,pyboolnet-cycle-free,final-comparison-and-ablation,3.0.16,b18957d3-1af1-4ef1-9588-7e4ec8f121e6,b95930007c6d9ce7a4c660ceaac387a2e353d06eb9d4a7bb7f31e7fee5fed38f,915bedc898c4a63fff6d74c9da29c14f21d1a6b0a7877cba4f915509a86b273c,a5235c24983a7d10e69237851ecb59e424d8b518725bf7ac9d03edc3fbee18b4,2026-08-25T17:01:19+00:00,23554876_210,laurel,"gr10497b,gr10609b,gr10672b",p=1:t=14:c=14:m=64000M,1800.0,1800.0,64000
BBM/model_078.bnet,pyboolnet/cycle-free-3.0.16,timeout,1789.21,1800.05,1787.53,1.67454,99.3974,1246596,1622860,1317636,15,0,true,false,164,,,,,,,,,,,,,,,,,final-comparison-and-ablation,3.0.16,b18957d3-1af1-4ef1-9588-7e4ec8f121e6,b95930007c6d9ce7a4c660ceaac387a2e353d06eb9d4a7bb7f31e7fee5fed38f,915bedc898c4a63fff6d74c9da29c14f21d1a6b0a7877cba4f915509a86b273c,a5235c24983a7d10e69237851ecb59e424d8b518725bf7ac9d03edc3fbee18b4,2026-08-25T17:01:19+00:00,23554876_212,laurel,"gr10497b,gr10609b,gr10672b",p=1:t=14:c=14:m=64000M,1800.0,1800.0,64000
BBM/model_079.bnet,pyboolnet/cycle-free-3.0.16,timeout,1794.01,1800.01,1792.59,1.42273,99.6665,235500,459172,306276,15,0,true,false,197,,,,,,,,,,,,,,,,,final-comparison-and-ablation,3.0.16,b18957d3-1af1-4ef1-9588-7e4ec8f121e6,b95930007c6d9ce7a4c660ceaac387a2e353d06eb9d4a7bb7f31e7fee5fed38f,915bedc898c4a63fff6d74c9da29c14f21d1a6b0a7877cba4f915509a86b273c,a5235c24983a7d10e69237851ecb59e424d8b518725bf7ac9d03edc3fbee18b4,2026-08-25T17:01:19+00:00,23554876_96,laurel,"gr10497b,gr10609b,gr10672b",p=1:t=14:c=14:m=64000M,1800.0,1800.0,64000
BBM/model_080.bnet,pyboolnet/cycle-free-3.0.16,timeout,1792.54,1800.02,1792.11,0.426179,99.5843,617560,878872,692256,15,0,true,false,110,,,,,,,,,,,,,,,,,final-comparison-and-ablation,3.0.16,b18957d3-1af1-4ef1-9588-7e4ec8f121e6,b95930007c6d9ce7a4c660ceaac387a2e353d06eb9d4a7bb7f31e7fee5fed38f,915bedc898c4a63fff6d74c9da29c14f21d1a6b0a7877cba4f915509a86b273c,a5235c24983a7d10e69237851ecb59e424d8b518725bf7ac9d03edc3fbee18b4,2026-08-25T17:01:19+00:00,23554876_76,laurel,"gr10497b,gr10609b,gr10672b",p=1:t=14:c=14:m=64000M,1800.0,1800.0,64000
BBM/model_081.bnet,pyboolnet/cycle-free-3.0.16,completed,23.0271,24.3696,22.8392,0.187933,94.4913,71416,315368,126612,0,0,false,false,42,2952790016,,,,,,,,,,,,,,,pyboolnet-cycle-free,final-comparison-and-ablation,3.0.16,b18957d3-1af1-4ef1-9588-7e4ec8f121e6,b95930007c6d9ce7a4c660ceaac387a2e353d06eb9d4a7bb7f31e7fee5fed38f,915bedc898c4a63fff6d74c9da29c14f21d1a6b0a7877cba4f915509a86b273c,a5235c24983a7d10e69237851ecb59e424d8b518725bf7ac9d03edc3fbee18b4,2026-08-25T17:01:19+00:00,23554876_64,laurel,"gr10497b,gr10609b,gr10672b",p=1:t=14:c=14:m=64000M,1800.0,1800.0,64000
BBM/model_082.bnet,pyboolnet/cycle-free-3.0.16,timeout,1790.88,1800.02,1790.43,0.44834,99.4924,327612,590264,401404,15,0,true,false,128,,,,,,,,,,,,,,,,,final-comparison-and-ablation,3.0.16,b18957d3-1af1-4ef1-9588-7e4ec8f121e6,b95930007c6d9ce7a4c660ceaac387a2e353d06eb9d4a7bb7f31e7fee5fed38f,915bedc898c4a63fff6d74c9da29c14f21d1a6b0a7877cba4f915509a86b273c,a5235c24983a7d10e69237851ecb59e424d8b518725bf7ac9d03edc3fbee18b4,2026-08-25T17:01:19+00:00,23554876_127,laurel,"gr10497b,gr10609b,gr10672b",p=1:t=14:c=14:m=64000M,1800.0,1800.0,64000
BBM/model_083.bnet,pyboolnet/cycle-free-3.0.16,timeout,1790.64,1800.03,1789.09,1.54806,99.4782,507328,772344,582620,15,0,true,false,133,,,,,,,,,,,,,,,,,final-comparison-and-ablation,3.0.16,b18957d3-1af1-4ef1-9588-7e4ec8f121e6,b95930007c6d9ce7a4c660ceaac387a2e353d06eb9d4a7bb7f31e7fee5fed38f,915bedc898c4a63fff6d74c9da29c14f21d1a6b0a7877cba4f915509a86b273c,a5235c24983a7d10e69237851ecb59e424d8b518725bf7ac9d03edc3fbee18b4,2026-08-25T17:01:19+00:00,23554876_49,laurel,"gr10497b,gr10609b,gr10672b",p=1:t=14:c=14:m=64000M,1800.0,1800.0,64000
BBM/model_084.bnet,pyboolnet/cycle-free-3.0.16,completed,271.939,274.122,271.603,0.335792,99.2035,208460,469728,281192,0,0,false,false,81,1649267441664,,,,,,,,,,,,,,,pyboolnet-cycle-free,final-comparison-and-ablation,3.0.16,b18957d3-1af1-4ef1-9588-7e4ec8f121e6,b95930007c6d9ce7a4c660ceaac387a2e353d06eb9d4a7bb7f31e7fee5fed38f,915bedc898c4a63fff6d74c9da29c14f21d1a6b0a7877cba4f915509a86b273c,a5235c24983a7d10e69237851ecb59e424d8b518725bf7ac9d03edc3fbee18b4,2026-08-25T17:01:19+00:00,23554876_196,laurel,"gr10497b,gr10609b,gr10672b",p=1:t=14:c=14:m=64000M,1800.0,1800.0,64000
BBM/model_085.bnet,pyboolnet/cycle-free-3.0.16,completed,1.42566,2.25925,1.26994,0.155723,63.1031,71720,281652,92224,0,0,false,false,27,98304,,,,,,,,,,,,,,,pyboolnet-cycle-free,final-comparison-and-ablation,3.0.16,b18957d3-1af1-4ef1-9588-7e4ec8f121e6,b95930007c6d9ce7a4c660ceaac387a2e353d06eb9d4a7bb7f31e7fee5fed38f,915bedc898c4a63fff6d74c9da29c14f21d1a6b0a7877cba4f915509a86b273c,a5235c24983a7d10e69237851ecb59e424d8b518725bf7ac9d03edc3fbee18b4,2026-08-25T17:01:19+00:00,23554876_47,laurel,"gr10497b,gr10609b,gr10672b",p=1:t=14:c=14:m=64000M,1800.0,1800.0,64000
BBM/model_086.bnet,pyboolnet/cycle-free-3.0.16,completed,2.54255,4.15061,2.40895,0.133601,61.2573,71688,280628,90912,0,0,false,false,20,11264,,,,,,,,,,,,,,,pyboolnet-cycle-free,final-comparison-and-ablation,3.0.16,b18957d3-1af1-4ef1-9588-7e4ec8f121e6,b95930007c6d9ce7a4c660ceaac387a2e353d06eb9d4a7bb7f31e7fee5fed38f,915bedc898c4a63fff6d74c9da29c14f21d1a6b0a7877cba4f915509a86b273c,a5235c24983a7d10e69237851ecb59e424d8b518725bf7ac9d03edc3fbee18b4,2026-08-25T17:01:19+00:00,23554876_170,laurel,"gr10497b,gr10609b,gr10672b",p=1:t=14:c=14:m=64000M,1800.0,1800.0,64000
BBM/model_087.bnet,pyboolnet/cycle-free-3.0.16,timeout,1790.26,1800.01,1789.75,0.506192,99.4578,276716,538952,350032,15,0,true,false,133,,,,,,,,,,,,,,,,,final-comparison-and-ablation,3.0.16,b18957d3-1af1-4ef1-9588-7e4ec8f121e6,b95930007c6d9ce7a4c660ceaac387a2e353d06eb9d4a7bb7f31e7fee5fed38f,915bedc898c4a63fff6d74c9da29c14f21d1a6b0a7877cba4f915509a86b273c,a5235c24983a7d10e69237851ecb59e424d8b518725bf7ac9d03edc3fbee18b4,2026-08-25T17:01:19+00:00,23554876_41,laurel,"gr10497b,gr10609b,gr10672b",p=1:t=14:c=14:m=64000M,1800.0,1800.0,64000
BBM/model_088.bnet,pyboolnet/cycle-free-3.0.16,completed,0.89745,1.65074,0.782899,0.114551,54.3666,70724,220840,70724,0,0,false,false,6,1,,,,,,,,,,,,,,,pyboolnet-cycle-free,final-comparison-and-ablation,3.0.16,b18957d3-1af1-4ef1-9588-7e4ec8f121e6,b95930007c6d9ce7a4c660ceaac387a2e353d06eb9d4a7bb7f31e7fee5fed38f,915bedc898c4a63fff6d74c9da29c14f21d1a6b0a7877cba4f915509a86b273c,a5235c24983a7d10e69237851ecb59e424d8b518725bf7ac9d03edc3fbee18b4,2026-08-25T17:01:19+00:00,23554876_138,laurel,"gr10497b,gr10609b,gr10672b",p=1:t=14:c=14:m=64000M,1800.0,1800.0,64000
BBM/model_089.bnet,pyboolnet/cycle-free-3.0.16,completed,8.40281,9.20973,8.24242,0.160394,91.2384,71700,234072,80724,0,0,false,false,17,128,,,,,,,,,,,,,,,pyboolnet-cycle-free,final-comparison-and-ablation,3.0.16,b18957d3-1af1-4ef1-9588-7e4ec8f121e6,b95930007c6d9ce7a4c660ceaac387a2e353d06eb9d4a7bb7f31e7fee5fed38f,915bedc898c4a63fff6d74c9da29c14f21d1a6b0a7877cba4f915509a86b273c,a5235c24983a7d10e69237851ecb59e424d8b518725bf7ac9d03edc3fbee18b4,2026-08-25T17:01:19+00:00,23554876_131,laurel,"gr10497b,gr10609b,gr10672b",p=1:t=14:c=14:m=64000M,1800.0,1800.0,64000
BBM/model_090.bnet,pyboolnet/cycle-free-3.0.16,completed,1.14372,2.18399,1.02255,0.121169,52.3681,71344,278976,88884,0,0,false,false,18,32,,,,,,,,,,,,,,,pyboolnet-cycle-free,final-comparison-and-ablation,3.0.16,b18957d3-1af1-4ef1-9588-7e4ec8f121e6,b95930007c6d9ce7a4c660ceaac387a2e353d06eb9d4a7bb7f31e7fee5fed38f,915bedc898c4a63fff6d74c9da29c14f21d1a6b0a7877cba4f915509a86b273c,a5235c24983a7d10e69237851ecb59e424d8b518725bf7ac9d03edc3fbee18b4,2026-08-25T17:01:19+00:00,23554876_2,laurel,"gr10497b,gr10609b,gr10672b",p=1:t=14:c=14:m=64000M,1800.0,1800.0,64000
BBM/model_091.bnet,pyboolnet/cycle-free-3.0.16,completed,1.29767,2.42359,1.14279,0.154876,53.5432,71412,227952,74912,0,0,false,false,16,32,,,,,,,,,,,,,,,pyboolnet-cycle-free,final-comparison-and-ablation,3.0.16,b18957d3-1af1-4ef1-9588-7e4ec8f121e6,b95930007c6d9ce7a4c660ceaac387a2e353d06eb9d4a7bb7f31e7fee5fed38f,915bedc898c4a63fff6d74c9da29c14f21d1a6b0a7877cba4f915509a86b273c,a5235c24983a7d10e69237851ecb59e424d8b518725bf7ac9d03edc3fbee18b4,2026-08-25T17:01:19+00:00,23554876_142,laurel,"gr10497b,gr10609b,gr10672b",p=1:t=14:c=14:m=64000M,1800.0,1800.0,64000
BBM/model_092.bnet,pyboolnet/cycle-free-3.0.16,timeout,1790.27,1800.01,1789.83,0.444493,99.4592,473316,734768,547500,15,0,true,false,69,,,,,,,,,,,,,,,,pyboolnet-cycle-free,final-comparison-and-ablation,3.0.16,b18957d3-1af1-4ef1-9588-7e4ec8f121e6,b95930007c6d9ce7a4c660ceaac387a2e353d06eb9d4a7bb7f31e7fee5fed38f,915bedc898c4a63fff6d74c9da29c14f21d1a6b0a7877cba4f915509a86b273c,a5235c24983a7d10e69237851ecb59e424d8b518725bf7ac9d03edc3fbee18b4,2026-08-25T17:01:19+00:00,23554876_175,laurel,"gr10497b,gr10609b,gr10672b",p=1:t=14:c=14:m=64000M,1800.0,1800.0,64000
BBM/model_093.bnet,pyboolnet/cycle-free-3.0.16,completed,736.294,740.426,736.02,0.274196,99.4419,278200,540516,350996,0,0,false,false,66,22717222912,,,,,,,,,,,,,,,pyboolnet-cycle-free,final-comparison-and-ablation,3.0.16,b18957d3-1af1-4ef1-9588-7e4ec8f121e6,b95930007c6d9ce7a4c660ceaac387a2e353d06eb9d4a7bb7f31e7fee5fed38f,915bedc898c4a63fff6d74c9da29c14f21d1a6b0a7877cba4f915509a86b273c,a5235c24983a7d10e69237851ecb59e424d8b518725bf7ac9d03edc3fbee18b4,2026-08-25T17:01:19+00:00,23554876_43,laurel,"gr10497b,gr10609b,gr10672b",p=1:t=14:c=14:m=64000M,1800.0,1800.0,64000
BBM/model_094.bnet,pyboolnet/cycle-free-3.0.16,completed,1.31828,2.49222,1.16425,0.154032,52.896,71484,282156,93564,0,0,false,false,30,1024,,,,,,,,,,,,,,,pyboolnet-cycle-free,final-comparison-and-ablation,3.0.16,b18957d3-1af1-4ef1-9588-7e4ec8f121e6,b95930007c6d9ce7a4c660ceaac387a2e353d06eb9d4a7bb7f31e7fee5fed38f,915bedc898c4a63fff6d74c9da29c14f21d1a6b0a7877cba4f915509a86b273c,a5235c24983a7d10e69237851ecb59e424d8b518725bf7ac9d03edc3fbee18b4,2026-08-25T17:01:19+00:00,23554876_0,laurel,"gr10497b,gr10609b,gr10672b",p=1:t=14:c=14:m=64000M,1800.0,1800.0,64000
BBM/model_095.bnet,pyboolnet/cycle-free-3.0.16,completed,0.913353,1.65711,0.776051,0.137302,55.1171,70964,222000,70964,0,0,false,false,10,1,,,,,,,,,,,,,,,pyboolnet-cycle-free,final-comparison-and-ablation,3.0.16,b18957d3-1af1-4ef1-9588-7e4ec8f121e6,b95930007c6d9ce7a4c660ceaac387a2e353d06eb9d4a7bb7f31e7fee5fed38f,915bedc898c4a63fff6d74c9da29c14f21d1a6b0a7877cba4f915509a86b273c,a5235c24983a7d10e69237851ecb59e424d8b518725bf7ac9d03edc3fbee18b4,2026-08-25T17:01:19+00:00,23554876_108,laurel,"gr10497b,gr10609b,gr10672b",p=1:t=14:c=14:m=64000M,1800.0,1800.0,64000
BBM/model_096.bnet,pyboolnet/cycle-free-3.0.16,completed,0.962218,2.66895,0.847091,0.115127,36.0524,71040,224952,71040,0,0,false,false,20,337920,,,,,,,,,,,,,,,pyboolnet-cycle-free,final-comparison-and-ablation,3.0.16,b18957d3-1af1-4ef1-9588-7e4ec8f121e6,b95930007c6d9ce7a4c660ceaac387a2e353d06eb9d4a7bb7f31e7fee5fed38f,915bedc898c4a63fff6d74c9da29c14f21d1a6b0a7877cba4f915509a86b273c,a5235c24983a7d10e69237851ecb59e424d8b518725bf7ac9d03edc3fbee18b4,2026-08-25T17:01:19+00:00,23554876_160,laurel,"gr10497b,gr10609b,gr10672b",p=1:t=14:c=14:m=64000M,1800.0,1800.0,64000
BBM/model_097.bnet,pyboolnet/cycle-free-3.0.16,completed,0.894233,1.69324,0.75232,0.141913,52.8119,70732,224940,70732,0,0,false,false,10,256,,,,,,,,,,,,,,,pyboolnet-cycle-free,final-comparison-and-ablation,3.0.16,b18957d3-1af1-4ef1-9588-7e4ec8f121e6,b95930007c6d9ce7a4c660ceaac387a2e353d06eb9d4a7bb7f31e7fee5fed38f,915bedc898c4a63fff6d74c9da29c14f21d1a6b0a7877cba4f915509a86b273c,a5235c24983a7d10e69237851ecb59e424d8b518725bf7ac9d03edc3fbee18b4,2026-08-25T17:01:19+00:00,23554876_180,laurel,"gr10497b,gr10609b,gr10672b",p=1:t=14:c=14:m=64000M,1800.0,1800.0,64000
BBM/model_098.bnet,pyboolnet/cycle-free-3.0.16,completed,2.58552,3.49755,2.44552,0.14,73.9238,71420,285568,96476,0,0,false,false,42,1280,,,,,,,,,,,,,,,pyboolnet-cycle-free,final-comparison-and-ablation,3.0.16,b18957d3-1af1-4ef1-9588-7e4ec8f121e6,b95930007c6d9ce7a4c660ceaac387a2e353d06eb9d4a7bb7f31e7fee5fed38f,915bedc898c4a63fff6d74c9da29c14f21d1a6b0a7877cba4f915509a86b273c,a5235c24983a7d10e69237851ecb59e424d8b518725bf7ac9d03edc3fbee18b4,2026-08-25T17:01:19+00:00,23554876_26,laurel,"gr10497b,gr10609b,gr10672b",p=1:t=14:c=14:m=64000M,1800.0,1800.0,64000
BBM/model_099.bnet,pyboolnet/cycle-free-3.0.16,completed,0.97759,1.93828,0.853878,0.123712,50.4358,71196,222008,71196,0,0,false,false,19,2048,,,,,,,,,,,,,,,pyboolnet-cycle-free,final-comparison-and-ablation,3.0.16,b18957d3-1af1-4ef1-9588-7e4ec8f121e6,b95930007c6d9ce7a4c660ceaac387a2e353d06eb9d4a7bb7f31e7fee5fed38f,915bedc898c4a63fff6d74c9da29c14f21d1a6b0a7877cba4f915509a86b273c,a5235c24983a7d10e69237851ecb59e424d8b518725bf7ac9d03edc3fbee18b4,2026-08-25T17:01:19+00:00,23554876_195,laurel,"gr10497b,gr10609b,gr10672b",p=1:t=14:c=14:m=64000M,1800.0,1800.0,64000
BBM/model_100.bnet,pyboolnet/cycle-free-3.0.16,completed,1.00133,2.05161,0.874581,0.12675,48.807,71324,220844,71324,0,0,false,false,21,262144,,,,,,,,,,,,,,,pyboolnet-cycle-free,final-comparison-and-ablation,3.0.16,b18957d3-1af1-4ef1-9588-7e4ec8f121e6,b95930007c6d9ce7a4c660ceaac387a2e353d06eb9d4a7bb7f31e7fee5fed38f,915bedc898c4a63fff6d74c9da29c14f21d1a6b0a7877cba4f915509a86b273c,a5235c24983a7d10e69237851ecb59e424d8b518725bf7ac9d03edc3fbee18b4,2026-08-25T17:01:19+00:00,23554876_168,laurel,"gr10497b,gr10609b,gr10672b",p=1:t=14:c=14:m=64000M,1800.0,1800.0,64000
BBM/model_101.bnet,pyboolnet/cycle-free-3.0.16,timeout,1790.73,1800.01,1789.99,0.740783,99.4844,316644,577504,391892,15,0,true,false,85,,,,,,,,,,,,,,,,pyboolnet-cycle-free,final-comparison-and-ablation,3.0.16,b18957d3-1af1-4ef1-9588-7e4ec8f121e6,b95930007c6d9ce7a4c660ceaac387a2e353d06eb9d4a7bb7f31e7fee5fed38f,915bedc898c4a63fff6d74c9da29c14f21d1a6b0a7877cba4f915509a86b273c,a5235c24983a7d10e69237851ecb59e424d8b518725bf7ac9d03edc3fbee18b4,2026-08-25T17:01:19+00:00,23554876_135,laurel,"gr10497b,gr10609b,gr10672b",p=1:t=14:c=14:m=64000M,1800.0,1800.0,64000
BBM/model_102.bnet,pyboolnet/cycle-free-3.0.16,completed,1.02359,1.74932,0.878184,0.145401,58.5134,71356,222132,71356,0,0,false,false,22,1024,,,,,,,,,,,,,,,pyboolnet-cycle-free,final-comparison-and-ablation,3.0.16,b18957d3-1af1-4ef1-9588-7e4ec8f121e6,b95930007c6d9ce7a4c660ceaac387a2e353d06eb9d4a7bb7f31e7fee5fed38f,915bedc898c4a63fff6d74c9da29c14f21d1a6b0a7877cba4f915509a86b273c,a5235c24983a7d10e69237851ecb59e424d8b518725bf7ac9d03edc3fbee18b4,2026-08-25T17:01:19+00:00,23554876_117,laurel,"gr10497b,gr10609b,gr10672b",p=1:t=14:c=14:m=64000M,1800.0,1800.0,64000
BBM/model_103.bnet,pyboolnet/cycle-free-3.0.16,timeout,1790.8,1800.03,1789.56,1.24529,99.4876,747400,1008904,819292,15,0,true,false,69,,,,,,,,,,,,,,,,,final-comparison-and-ablation,3.0.16,b18957d3-1af1-4ef1-9588-7e4ec8f121e6,b95930007c6d9ce7a4c660ceaac387a2e353d06eb9d4a7bb7f31e7fee5fed38f,915bedc898c4a63fff6d74c9da29c14f21d1a6b0a7877cba4f915509a86b273c,a5235c24983a7d10e69237851ecb59e424d8b518725bf7ac9d03edc3fbee18b4,2026-08-25T17:01:19+00:00,23554876_74,laurel,"gr10497b,gr10609b,gr10672b",p=1:t=14:c=14:m=64000M,1800.0,1800.0,64000
BBM/model_104.bnet,pyboolnet/cycle-free-3.0.16,completed,1.00514,1.74972,0.855821,0.149316,57.4457,71116,220968,71116,0,0,false,false,14,128,,,,,,,,,,,,,,,pyboolnet-cycle-free,final-comparison-and-ablation,3.0.16,b18957d3-1af1-4ef1-9588-7e4ec8f121e6,b95930007c6d9ce7a4c660ceaac387a2e353d06eb9d4a7bb7f31e7fee5fed38f,915bedc898c4a63fff6d74c9da29c14f21d1a6b0a7877cba4f915509a86b273c,a5235c24983a7d10e69237851ecb59e424d8b518725bf7ac9d03edc3fbee18b4,2026-08-25T17:01:19+00:00,23554876_185,laurel,"gr10497b,gr10609b,gr10672b",p=1:t=14:c=14:m=64000M,1800.0,1800.0,64000
BBM/model_105.bnet,pyboolnet/cycle-free-3.0.16,completed,55.0501,56.9945,54.8309,0.21921,96.5884,110044,371224,181536,0,0,false,false,49,140443648,,,,,,,,,,,,,,,pyboolnet-cycle-free,final-comparison-and-ablation,3.0.16,b18957d3-1af1-4ef1-9588-7e4ec8f121e6,b95930007c6d9ce7a4c660ceaac387a2e353d06eb9d4a7bb7f31e7fee5fed38f,915bedc898c4a63fff6d74c9da29c14f21d1a6b0a7877cba4f915509a86b273c,a5235c24983a7d10e69237851ecb59e424d8b518725bf7ac9d03edc3fbee18b4,2026-08-25T17:01:19+00:00,23554876_116,laurel,"gr10497b,gr10609b,gr10672b",p=1:t=14:c=14:m=64000M,1800.0,1800.0,64000
BBM/model_106.bnet,pyboolnet/cycle-free-3.0.16,completed,153.029,154.384,152.833,0.195463,99.1219,186788,448168,258624,0,0,false,false,80,1649267441664,,,,,,,,,,,,,,,pyboolnet-cycle-free,final-comparison-and-ablation,3.0.16,b18957d3-1af1-4ef1-9588-7e4ec8f121e6,b95930007c6d9ce7a4c660ceaac387a2e353d06eb9d4a7bb7f31e7fee5fed38f,915bedc898c4a63fff6d74c9da29c14f21d1a6b0a7877cba4f915509a86b273c,a5235c24983a7d10e69237851ecb59e424d8b518725bf7ac9d03edc3fbee18b4,2026-08-25T17:01:19+00:00,23554876_198,laurel,"gr10497b,gr10609b,gr10672b",p=1:t=14:c=14:m=64000M,1800.0,1800.0,64000
BBM/model_107.bnet,pyboolnet/cycle-free-3.0.16,completed,8.569,9.83759,8.39862,0.170374,87.1047,71416,309244,119424,0,0,false,false,33,2785280,,,,,,,,,,,,,,,pyboolnet-cycle-free,final-comparison-and-ablation,3.0.16,b18957d3-1af1-4ef1-9588-7e4ec8f121e6,b95930007c6d9ce7a4c660ceaac387a2e353d06eb9d4a7bb7f31e7fee5fed38f,915bedc898c4a63fff6d74c9da29c14f21d1a6b0a7877cba4f915509a86b273c,a5235c24983a7d10e69237851ecb59e424d8b518725bf7ac9d03edc3fbee18b4,2026-08-25T17:01:19+00:00,23554876_98,laurel,"gr10497b,gr10609b,gr10672b",p=1:t=14:c=14:m=64000M,1800.0,1800.0,64000
BBM/model_108.bnet,pyboolnet/cycle-free-3.0.16,completed,1.55966,2.36131,1.39348,0.166181,66.0505,71512,284604,95916,0,0,false,false,25,17472,,,,,,,,,,,,,,,pyboolnet-cycle-free,final-comparison-and-ablation,3.0.16,b18957d3-1af1-4ef1-9588-7e4ec8f121e6,b95930007c6d9ce7a4c660ceaac387a2e353d06eb9d4a7bb7f31e7fee5fed38f,915bedc898c4a63fff6d74c9da29c14f21d1a6b0a7877cba4f915509a86b273c,a5235c24983a7d10e69237851ecb59e424d8b518725bf7ac9d03edc3fbee18b4,2026-08-25T17:01:19+00:00,23554876_206,laurel,"gr10497b,gr10609b,gr10672b",p=1:t=14:c=14:m=64000M,1800.0,1800.0,64000
BBM/model_109.bnet,pyboolnet/cycle-free-3.0.16,completed,0.889913,2.34701,0.773993,0.11592,37.9169,70780,220848,70780,0,0,false,false,5,5,,,,,,,,,,,,,,,pyboolnet-cycle-free,final-comparison-and-ablation,3.0.16,b18957d3-1af1-4ef1-9588-7e4ec8f121e6,b95930007c6d9ce7a4c660ceaac387a2e353d06eb9d4a7bb7f31e7fee5fed38f,915bedc898c4a63fff6d74c9da29c14f21d1a6b0a7877cba4f915509a86b273c,a5235c24983a7d10e69237851ecb59e424d8b518725bf7ac9d03edc3fbee18b4,2026-08-25T17:01:19+00:00,23554876_17,laurel,"gr10497b,gr10609b,gr10672b",p=1:t=14:c=14:m=64000M,1800.0,1800.0,64000
BBM/model_110.bnet,pyboolnet/cycle-free-3.0.16,completed,0.926394,1.66089,0.766201,0.160193,55.7769,70864,220840,70864,0,0,false,false,9,192,,,,,,,,,,,,,,,pyboolnet-cycle-free,final-comparison-and-ablation,3.0.16,b18957d3-1af1-4ef1-9588-7e4ec8f121e6,b95930007c6d9ce7a4c660ceaac387a2e353d06eb9d4a7bb7f31e7fee5fed38f,915bedc898c4a63fff6d74c9da29c14f21d1a6b0a7877cba4f915509a86b273c,a5235c24983a7d10e69237851ecb59e424d8b518725bf7ac9d03edc3fbee18b4,2026-08-25T17:01:19+00:00,23554876_77,laurel,"gr10497b,gr10609b,gr10672b",p=1:t=14:c=14:m=64000M,1800.0,1800.0,64000
BBM/model_111.bnet,pyboolnet/cycle-free-3.0.16,completed,2.05682,3.28482,1.87557,0.181254,62.6159,71288,281264,91572,0,0,false,false,33,262144,,,,,,,,,,,,,,,pyboolnet-cycle-free,final-comparison-and-ablation,3.0.16,b18957d3-1af1-4ef1-9588-7e4ec8f121e6,b95930007c6d9ce7a4c660ceaac387a2e353d06eb9d4a7bb7f31e7fee5fed38f,915bedc898c4a63fff6d74c9da29c14f21d1a6b0a7877cba4f915509a86b273c,a5235c24983a7d10e69237851ecb59e424d8b518725bf7ac9d03edc3fbee18b4,2026-08-25T17:01:19+00:00,23554876_136,laurel,"gr10497b,gr10609b,gr10672b",p=1:t=14:c=14:m=64000M,1800.0,1800.0,64000
BBM/model_112.bnet,pyboolnet/cycle-free-3.0.16,timeout,1791.78,1800.02,1789.64,2.14265,99.5421,284848,547160,358156,15,0,true,false,112,,,,,,,,,,,,,,,,,final-comparison-and-ablation,3.0.16,b18957d3-1af1-4ef1-9588-7e4ec8f121e6,b95930007c6d9ce7a4c660ceaac387a2e353d06eb9d4a7bb7f31e7fee5fed38f,915bedc898c4a63fff6d74c9da29c14f21d1a6b0a7877cba4f915509a86b273c,a5235c24983a7d10e69237851ecb59e424d8b518725bf7ac9d03edc3fbee18b4,2026-08-25T17:01:19+00:00,23554876_59,laurel,"gr10497b,gr10609b,gr10672b",p=1:t=14:c=14:m=64000M,1800.0,1800.0,64000
BBM/model_113.bnet,pyboolnet/cycle-free-3.0.16,timeout,1790.38,1800.01,1790.09,0.294021,99.4652,335248,598220,410916,15,0,true,false,182,,,,,,,,,,,,,,,,,final-comparison-and-ablation,3.0.16,b18957d3-1af1-4ef1-9588-7e4ec8f121e6,b95930007c6d9ce7a4c660ceaac387a2e353d06eb9d4a7bb7f31e7fee5fed38f,915bedc898c4a63fff6d74c9da29c14f21d1a6b0a7877cba4f915509a86b273c,a5235c24983a7d10e69237851ecb59e424d8b518725bf7ac9d03edc3fbee18b4,2026-08-25T17:01:19+00:00,23554876_189,laurel,"gr10497b,gr10609b,gr10672b",p=1:t=14:c=14:m=64000M,1800.0,1800.0,64000
BBM/model_114.bnet,pyboolnet/cycle-free-3.0.16,completed,19.5626,20.3777,19.1617,0.400908,95.9999,72684,322120,132836,0,0,false,false,84,34359738368,,,,,,,,,,,,,,,pyboolnet-cycle-free,final-comparison-and-ablation,3.0.16,b18957d3-1af1-4ef1-9588-7e4ec8f121e6,b95930007c6d9ce7a4c660ceaac387a2e353d06eb9d4a7bb7f31e7fee5fed38f,915bedc898c4a63fff6d74c9da29c14f21d1a6b0a7877cba4f915509a86b273c,a5235c24983a7d10e69237851ecb59e424d8b518725bf7ac9d03edc3fbee18b4,2026-08-25T17:01:19+00:00,23554876_99,laurel,"gr10497b,gr10609b,gr10672b",p=1:t=14:c=14:m=64000M,1800.0,1800.0,64000
BBM/model_115.bnet,pyboolnet/cycle-free-3.0.16,completed,1.69574,3.09119,1.55595,0.139792,54.8573,71236,224948,71236,0,0,false,false,35,16384,,,,,,,,,,,,,,,pyboolnet-cycle-free,final-comparison-and-ablation,3.0.16,b18957d3-1af1-4ef1-9588-7e4ec8f121e6,b95930007c6d9ce7a4c660ceaac387a2e353d06eb9d4a7bb7f31e7fee5fed38f,915bedc898c4a63fff6d74c9da29c14f21d1a6b0a7877cba4f915509a86b273c,a5235c24983a7d10e69237851ecb59e424d8b518725bf7ac9d03edc3fbee18b4,2026-08-25T17:01:19+00:00,23554876_151,laurel,"gr10497b,gr10609b,gr10672b",p=1:t=14:c=14:m=64000M,1800.0,1800.0,64000
BBM/model_116.bnet,pyboolnet/cycle-free-3.0.16,timeout,1791.92,1800.02,1791.6,0.320041,99.5503,310668,573188,384596,15,0,true,false,144,,,,,,,,,,,,,,,,,final-comparison-and-ablation,3.0.16,b18957d3-1af1-4ef1-9588-7e4ec8f121e6,b95930007c6d9ce7a4c660ceaac387a2e353d06eb9d4a7bb7f31e7fee5fed38f,915bedc898c4a63fff6d74c9da29c14f21d1a6b0a7877cba4f915509a86b273c,a5235c24983a7d10e69237851ecb59e424d8b518725bf7ac9d03edc3fbee18b4,2026-08-25T17:01:19+00:00,23554876_20,laurel,"gr10497b,gr10609b,gr10672b",p=1:t=14:c=14:m=64000M,1800.0,1800.0,64000
BBM/model_117.bnet,pyboolnet/cycle-free-3.0.16,completed,8.72805,10.086,8.55908,0.168965,86.5364,71580,308344,118668,0,0,false,false,47,33554432,,,,,,,,,,,,,,,pyboolnet-cycle-free,final-comparison-and-ablation,3.0.16,b18957d3-1af1-4ef1-9588-7e4ec8f121e6,b95930007c6d9ce7a4c660ceaac387a2e353d06eb9d4a7bb7f31e7fee5fed38f,915bedc898c4a63fff6d74c9da29c14f21d1a6b0a7877cba4f915509a86b273c,a5235c24983a7d10e69237851ecb59e424d8b518725bf7ac9d03edc3fbee18b4,2026-08-25T17:01:19+00:00,23554876_203,laurel,"gr10497b,gr10609b,gr10672b",p=1:t=14:c=14:m=64000M,1800.0,1800.0,64000
BBM/model_118.bnet,pyboolnet/cycle-free-3.0.16,timeout,1793.79,1800.01,1793.58,0.217479,99.6547,201260,463476,274496,15,0,true,false,121,,,,,,,,,,,,,,,,,final-comparison-and-ablation,3.0.16,b18957d3-1af1-4ef1-9588-7e4ec8f121e6,b95930007c6d9ce7a4c660ceaac387a2e353d06eb9d4a7bb7f31e7fee5fed38f,915bedc898c4a63fff6d74c9da29c14f21d1a6b0a7877cba4f915509a86b273c,a5235c24983a7d10e69237851ecb59e424d8b518725bf7ac9d03edc3fbee18b4,2026-08-25T17:01:19+00:00,23554876_97,laurel,"gr10497b,gr10609b,gr10672b",p=1:t=14:c=14:m=64000M,1800.0,1800.0,64000
BBM/model_119.bnet,pyboolnet/cycle-free-3.0.16,completed,1.00895,2.08203,0.871139,0.137808,48.4597,71052,220844,71052,0,0,false,false,19,8192,,,,,,,,,,,,,,,pyboolnet-cycle-free,final-comparison-and-ablation,3.0.16,b18957d3-1af1-4ef1-9588-7e4ec8f121e6,b95930007c6d9ce7a4c660ceaac387a2e353d06eb9d4a7bb7f31e7fee5fed38f,915bedc898c4a63fff6d74c9da29c14f21d1a6b0a7877cba4f915509a86b273c,a5235c24983a7d10e69237851ecb59e424d8b518725bf7ac9d03edc3fbee18b4,2026-08-25T17:01:19+00:00,23554876_199,laurel,"gr10497b,gr10609b,gr10672b",p=1:t=14:c=14:m=64000M,1800.0,1800.0,64000
BBM/model_120.bnet,pyboolnet/cycle-free-3.0.16,timeout,1791.65,1800.02,1791.19,0.45589,99.535,285572,550576,361584,15,0,true,false,150,,,,,,,,,,,,,,,,,final-comparison-and-ablation,3.0.16,b18957d3-1af1-4ef1-9588-7e4ec8f121e6,b95930007c6d9ce7a4c660ceaac387a2e353d06eb9d4a7bb7f31e7fee5fed38f,915bedc898c4a63fff6d74c9da29c14f21d1a6b0a7877cba4f915509a86b273c,a5235c24983a7d10e69237851ecb59e424d8b518725bf7ac9d03edc3fbee18b4,2026-08-25T17:01:19+00:00,23554876_153,laurel,"gr10497b,gr10609b,gr10672b",p=1:t=14:c=14:m=64000M,1800.0,1800.0,64000
BBM/model_121.bnet,pyboolnet/cycle-free-3.0.16,completed,13.0917,13.938,12.9354,0.156284,93.9277,71876,305784,116252,0,0,false,false,57,446676598784,,,,,,,,,,,,,,,pyboolnet-cycle-free,final-comparison-and-ablation,3.0.16,b18957d3-1af1-4ef1-9588-7e4ec8f121e6,b95930007c6d9ce7a4c660ceaac387a2e353d06eb9d4a7bb7f31e7fee5fed38f,915bedc898c4a63fff6d74c9da29c14f21d1a6b0a7877cba4f915509a86b273c,a5235c24983a7d10e69237851ecb59e424d8b518725bf7ac9d03edc3fbee18b4,2026-08-25T17:01:19+00:00,23554876_114,laurel,"gr10497b,gr10609b,gr10672b",p=1:t=14:c=14:m=64000M,1800.0,1800.0,64000
BBM/model_122.bnet,pyboolnet/cycle-free-3.0.16,timeout,1788.68,1800.01,1788.4,0.286579,99.3707,188692,421180,240816,15,0,true,false,168,,,,,,,,,,,,,,,,,final-comparison-and-ablation,3.0.16,b18957d3-1af1-4ef1-9588-7e4ec8f121e6,b95930007c6d9ce7a4c660ceaac387a2e353d06eb9d4a7bb7f31e7fee5fed38f,915bedc898c4a63fff6d74c9da29c14f21d1a6b0a7877cba4f915509a86b273c,a5235c24983a7d10e69237851ecb59e424d8b518725bf7ac9d03edc3fbee18b4,2026-08-25T17:01:19+00:00,23554876_48,laurel,"gr10497b,gr10609b,gr10672b",p=1:t=14:c=14:m=64000M,1800.0,1800.0,64000
BBM/model_123.bnet,pyboolnet/cycle-free-3.0.16,completed,4.29496,6.37594,4.15425,0.140714,67.362,71748,289160,99608,0,0,false,false,60,137438953472,,,,,,,,,,,,,,,pyboolnet-cycle-free,final-comparison-and-ablation,3.0.16,b18957d3-1af1-4ef1-9588-7e4ec8f121e6,b95930007c6d9ce7a4c660ceaac387a2e353d06eb9d4a7bb7f31e7fee5fed38f,915bedc898c4a63fff6d74c9da29c14f21d1a6b0a7877cba4f915509a86b273c,a5235c24983a7d10e69237851ecb59e424d8b518725bf7ac9d03edc3fbee18b4,2026-08-25T17:01:19+00:00,23554876_113,laurel,"gr10497b,gr10609b,gr10672b",p=1:t=14:c=14:m=64000M,1800.0,1800.0,64000
BBM/model_124.bnet,pyboolnet/cycle-free-3.0.16,timeout,1792.8,1800.01,1792.56,0.239611,99.5996,261336,525640,337944,15,0,true,false,252,,,,,,,,,,,,,,,,,final-comparison-and-ablation,3.0.16,b18957d3-1af1-4ef1-9588-7e4ec8f121e6,b95930007c6d9ce7a4c660ceaac387a2e353d06eb9d4a7bb7f31e7fee5fed38f,915bedc898c4a63fff6d74c9da29c14f21d1a6b0a7877cba4f915509a86b273c,a5235c24983a7d10e69237851ecb59e424d8b518725bf7ac9d03edc3fbee18b4,2026-08-25T17:01:19+00:00,23554876_93,laurel,"gr10497b,gr10609b,gr10672b",p=1:t=14:c=14:m=64000M,1800.0,1800.0,64000
BBM/model_125.bnet,pyboolnet/cycle-free-3.0.16,completed,31.8835,32.748,31.7323,0.151165,97.3601,71924,320872,131476,0,0,false,false,51,2147483648,,,,,,,,,,,,,,,pyboolnet-cycle-free,final-comparison-and-ablation,3.0.16,b18957d3-1af1-4ef1-9588-7e4ec8f121e6,b95930007c6d9ce7a4c660ceaac387a2e353d06eb9d4a7bb7f31e7fee5fed38f,915bedc898c4a63fff6d74c9da29c14f21d1a6b0a7877cba4f915509a86b273c,a5235c24983a7d10e69237851ecb59e424d8b518725bf7ac9d03edc3fbee18b4,2026-08-25T17:01:19+00:00,23554876_91,laurel,"gr10497b,gr10609b,gr10672b",p=1:t=14:c=14:m=64000M,1800.0,1800.0,64000
BBM/model_126.bnet,pyboolnet/cycle-free-3.0.16,completed,1.7965,3.04855,1.6719,0.124599,58.9296,71864,227132,73044,0,0,false,false,42,512,,,,,,,,,,,,,,,pyboolnet-cycle-free,final-comparison-and-ablation,3.0.16,b18957d3-1af1-4ef1-9588-7e4ec8f121e6,b95930007c6d9ce7a4c660ceaac387a2e353d06eb9d4a7bb7f31e7fee5fed38f,915bedc898c4a63fff6d74c9da29c14f21d1a6b0a7877cba4f915509a86b273c,a5235c24983a7d10e69237851ecb59e424d8b518725bf7ac9d03edc3fbee18b4,2026-08-25T17:01:19+00:00,23554876_215,laurel,"gr10497b,gr10609b,gr10672b",p=1:t=14:c=14:m=64000M,1800.0,1800.0,64000
BBM/model_127.bnet,pyboolnet/cycle-free-3.0.16,timeout,1791.45,1800.02,1790.95,0.505416,99.524,413832,675416,486276,15,0,true,false,79,,,,,,,,,,,,,,,,,final-comparison-and-ablation,3.0.16,b18957d3-1af1-4ef1-9588-7e4ec8f121e6,b95930007c6d9ce7a4c660ceaac387a2e353d06eb9d4a7bb7f31e7fee5fed38f,915bedc898c4a63fff6d74c9da29c14f21d1a6b0a7877cba4f915509a86b273c,a5235c24983a7d10e69237851ecb59e424d8b518725bf7ac9d03edc3fbee18b4,2026-08-25T17:01:19+00:00,23554876_69,laurel,"gr10497b,gr10609b,gr10672b",p=1:t=14:c=14:m=64000M,1800.0,1800.0,64000
BBM/model_128.bnet,pyboolnet/cycle-free-3.0.16,timeout,1791.13,1800.02,1790.75,0.37971,99.5059,336824,598500,409268,15,0,true,false,90,,,,,,,,,,,,,,,,,final-comparison-and-ablation,3.0.16,b18957d3-1af1-4ef1-9588-7e4ec8f121e6,b95930007c6d9ce7a4c660ceaac387a2e353d06eb9d4a7bb7f31e7fee5fed38f,915bedc898c4a63fff6d74c9da29c14f21d1a6b0a7877cba4f915509a86b273c,a5235c24983a7d10e69237851ecb59e424d8b518725bf7ac9d03edc3fbee18b4,2026-08-25T17:01:19+00:00,23554876_36,laurel,"gr10497b,gr10609b,gr10672b",p=1:t=14:c=14:m=64000M,1800.0,1800.0,64000
BBM/model_129.bnet,pyboolnet/cycle-free-3.0.16,completed,1.3505,2.07973,1.23844,0.112067,64.9365,71264,221996,71264,0,0,false,false,34,8589934592,,,,,,,,,,,,,,,pyboolnet-cycle-free,final-comparison-and-ablation,3.0.16,b18957d3-1af1-4ef1-9588-7e4ec8f121e6,b95930007c6d9ce7a4c660ceaac387a2e353d06eb9d4a7bb7f31e7fee5fed38f,915bedc898c4a63fff6d74c9da29c14f21d1a6b0a7877cba4f915509a86b273c,a5235c24983a7d10e69237851ecb59e424d8b518725bf7ac9d03edc3fbee18b4,2026-08-25T17:01:19+00:00,23554876_190,laurel,"gr10497b,gr10609b,gr10672b",p=1:t=14:c=14:m=64000M,1800.0,1800.0,64000
BBM/model_130.bnet,pyboolnet/cycle-free-3.0.16,completed,869.55,874.809,869.172,0.378216,99.3989,143444,404848,217092,0,0,false,false,77,8796093022208,,,,,,,,,,,,,,,pyboolnet-cycle-free,final-comparison-and-ablation,3.0.16,b18957d3-1af1-4ef1-9588-7e4ec8f121e6,b95930007c6d9ce7a4c660ceaac387a2e353d06eb9d4a7bb7f31e7fee5fed38f,915bedc898c4a63fff6d74c9da29c14f21d1a6b0a7877cba4f915509a86b273c,a5235c24983a7d10e69237851ecb59e424d8b518725bf7ac9d03edc3fbee18b4,2026-08-25T17:01:19+00:00,23554876_166,laurel,"gr10497b,gr10609b,gr10672b",p=1:t=14:c=14:m=64000M,1800.0,1800.0,64000
BBM/model_131.bnet,pyboolnet/cycle-free-3.0.16,completed,1.25252,2.52452,1.02656,0.225967,49.6143,71168,221996,71168,0,0,false,false,21,128,,,,,,,,,,,,,,,pyboolnet-cycle-free,final-comparison-and-ablation,3.0.16,b18957d3-1af1-4ef1-9588-7e4ec8f121e6,b95930007c6d9ce7a4c660ceaac387a2e353d06eb9d4a7bb7f31e7fee5fed38f,915bedc898c4a63fff6d74c9da29c14f21d1a6b0a7877cba4f915509a86b273c,a5235c24983a7d10e69237851ecb59e424d8b518725bf7ac9d03edc3fbee18b4,2026-08-25T17:01:19+00:00,23554876_133,laurel,"gr10497b,gr10609b,gr10672b",p=1:t=14:c=14:m=64000M,1800.0,1800.0,64000
BBM/model_132.bnet,pyboolnet/cycle-free-3.0.16,timeout,1790.47,1800.03,1789.71,0.75737,99.4692,458500,721160,532552,15,0,true,false,148,,,,,,,,,,,,,,,,,final-comparison-and-ablation,3.0.16,b18957d3-1af1-4ef1-9588-7e4ec8f121e6,b95930007c6d9ce7a4c660ceaac387a2e353d06eb9d4a7bb7f31e7fee5fed38f,915bedc898c4a63fff6d74c9da29c14f21d1a6b0a7877cba4f915509a86b273c,a5235c24983a7d10e69237851ecb59e424d8b518725bf7ac9d03edc3fbee18b4,2026-08-25T17:01:19+00:00,23554876_145,laurel,"gr10497b,gr10609b,gr10672b",p=1:t=14:c=14:m=64000M,1800.0,1800.0,64000
BBM/model_133.bnet,pyboolnet/cycle-free-3.0.16,completed,1.01859,1.79171,0.85283,0.165761,56.8504,70768,220848,70768,0,0,false,false,10,64,,,,,,,,,,,,,,,pyboolnet-cycle-free,final-comparison-and-ablation,3.0.16,b18957d3-1af1-4ef1-9588-7e4ec8f121e6,b95930007c6d9ce7a4c660ceaac387a2e353d06eb9d4a7bb7f31e7fee5fed38f,915bedc898c4a63fff6d74c9da29c14f21d1a6b0a7877cba4f915509a86b273c,a5235c24983a7d10e69237851ecb59e424d8b518725bf7ac9d03edc3fbee18b4,2026-08-25T17:01:19+00:00,23554876_75,laurel,"gr10497b,gr10609b,gr10672b",p=1:t=14:c=14:m=64000M,1800.0,1800.0,64000
BBM/model_134.bnet,pyboolnet/cycle-free-3.0.16,completed,291.212,293.47,291.04,0.172436,99.2305,71232,331588,141652,0,0,false,false,38,25769803776,,,,,,,,,,,,,,,pyboolnet-cycle-free,final-comparison-and-ablation,3.0.16,b18957d3-1af1-4ef1-9588-7e4ec8f121e6,b95930007c6d9ce7a4c660ceaac387a2e353d06eb9d4a7bb7f31e7fee5fed38f,915bedc898c4a63fff6d74c9da29c14f21d1a6b0a7877cba4f915509a86b273c,a5235c24983a7d10e69237851ecb59e424d8b518725bf7ac9d03edc3fbee18b4,2026-08-25T17:01:19+00:00,23554876_132,laurel,"gr10497b,gr10609b,gr10672b",p=1:t=14:c=14:m=64000M,1800.0,1800.0,64000
BBM/model_135.bnet,pyboolnet/cycle-free-3.0.16,completed,1.3686,2.52242,1.22781,0.140793,54.2575,71128,281844,92052,0,0,false,false,30,4194304,,,,,,,,,,,,,,,pyboolnet-cycle-free,final-comparison-and-ablation,3.0.16,b18957d3-1af1-4ef1-9588-7e4ec8f121e6,b95930007c6d9ce7a4c660ceaac387a2e353d06eb9d4a7bb7f31e7fee5fed38f,915bedc898c4a63fff6d74c9da29c14f21d1a6b0a7877cba4f915509a86b273c,a5235c24983a7d10e69237851ecb59e424d8b518725bf7ac9d03edc3fbee18b4,2026-08-25T17:01:19+00:00,23554876_211,laurel,"gr10497b,gr10609b,gr10672b",p=1:t=14:c=14:m=64000M,1800.0,1800.0,64000
BBM/model_136.bnet,pyboolnet/cycle-free-3.0.16,completed,1.16639,2.02456,1.00762,0.158769,57.6121,71400,224936,71400,0,0,false,false,28,16384,,,,,,,,,,,,,,,pyboolnet-cycle-free,final-comparison-and-ablation,3.0.16,b18957d3-1af1-4ef1-9588-7e4ec8f121e6,b95930007c6d9ce7a4c660ceaac387a2e353d06eb9d4a7bb7f31e7fee5fed38f,915bedc898c4a63fff6d74c9da29c14f21d1a6b0a7877cba4f915509a86b273c,a5235c24983a7d10e69237851ecb59e424d8b518725bf7ac9d03edc3fbee18b4,2026-08-25T17:01:19+00:00,23554876_150,laurel,"gr10497b,gr10609b,gr10672b",p=1:t=14:c=14:m=64000M,1800.0,1800.0,64000
BBM/model_137.bnet,pyboolnet/cycle-free-3.0.16,timeout,1791.25,1800.03,1790.35,0.899933,99.5121,358980,620572,430944,15,0,true,false,82,,,,,,,,,,,,,,,,,final-comparison-and-ablation,3.0.16,b18957d3-1af1-4ef1-9588-7e4ec8f121e6,b95930007c6d9ce7a4c660ceaac387a2e353d06eb9d4a7bb7f31e7fee5fed38f,915bedc898c4a63fff6d74c9da29c14f21d1a6b0a7877cba4f915509a86b273c,a5235c24983a7d10e69237851ecb59e424d8b518725bf7ac9d03edc3fbee18b4,2026-08-25T17:01:19+00:00,23554876_92,laurel,"gr10497b,gr10609b,gr10672b",p=1:t=14:c=14:m=64000M,1800.0,1800.0,64000
BBM/model_138.bnet,pyboolnet/cycle-free-3.0.16,completed,1.50744,2.24503,1.39787,0.109567,67.1456,71488,279312,90704,0,0,false,false,31,131072,,,,,,,,,,,,,,,pyboolnet-cycle-free,final-comparison-and-ablation,3.0.16,b18957d3-1af1-4ef1-9588-7e4ec8f121e6,b95930007c6d9ce7a4c660ceaac387a2e353d06eb9d4a7bb7f31e7fee5fed38f,915bedc898c4a63fff6d74c9da29c14f21d1a6b0a7877cba4f915509a86b273c,a5235c24983a7d10e69237851ecb59e424d8b518725bf7ac9d03edc3fbee18b4,2026-08-25T17:01:19+00:00,23554876_109,laurel,"gr10497b,gr10609b,gr10672b",p=1:t=14:c=14:m=64000M,1800.0,1800.0,64000
BBM/model_139.bnet,pyboolnet/cycle-free-3.0.16,completed,1.27124,1.99534,1.1386,0.13264,63.7105,71444,222148,71444,0,0,false,false,19,24,,,,,,,,,,,,,,,pyboolnet-cycle-free,final-comparison-and-ablation,3.0.16,b18957d3-1af1-4ef1-9588-7e4ec8f121e6,b95930007c6d9ce7a4c660ceaac387a2e353d06eb9d4a7bb7f31e7fee5fed38f,915bedc898c4a63fff6d74c9da29c14f21d1a6b0a7877cba4f915509a86b273c,a5235c24983a7d10e69237851ecb59e424d8b518725bf7ac9d03edc3fbee18b4,2026-08-25T17:01:19+00:00,23554876_78,laurel,"gr10497b,gr10609b,gr10672b",p=1:t=14:c=14:m=64000M,1800.0,1800.0,64000
BBM/model_140.bnet,pyboolnet/cycle-free-3.0.16,timeout,1788.13,1800.01,1787.77,0.358193,99.3399,256796,518828,330036,15,0,true,false,80,,,,,,,,,,,,,,,,,final-comparison-and-ablation,3.0.16,b18957d3-1af1-4ef1-9588-7e4ec8f121e6,b95930007c6d9ce7a4c660ceaac387a2e353d06eb9d4a7bb7f31e7fee5fed38f,915bedc898c4a63fff6d74c9da29c14f21d1a6b0a7877cba4f915509a86b273c,a5235c24983a7d10e69237851ecb59e424d8b518725bf7ac9d03edc3fbee18b4,2026-08-25T17:01:19+00:00,23554876_56,laurel,"gr10497b,gr10609b,gr10672b",p=1:t=14:c=14:m=64000M,1800.0,1800.0,64000
BBM/model_141.bnet,pyboolnet/cycle-free-3.0.16,completed,1.95597,4.07839,1.8289,0.127073,47.9595,71708,285144,95664,0,0,false,false,45,59659780096,,,,,,,,,,,,,,,pyboolnet-cycle-free,final-comparison-and-ablation,3.0.16,b18957d3-1af1-4ef1-9588-7e4ec8f121e6,b95930007c6d9ce7a4c660ceaac387a2e353d06eb9d4a7bb7f31e7fee5fed38f,915bedc898c4a63fff6d74c9da29c14f21d1a6b0a7877cba4f915509a86b273c,a5235c24983a7d10e69237851ecb59e424d8b518725bf7ac9d03edc3fbee18b4,2026-08-25T17:01:19+00:00,23554876_115,laurel,"gr10497b,gr10609b,gr10672b",p=1:t=14:c=14:m=64000M,1800.0,1800.0,64000
BBM/model_142.bnet,pyboolnet/cycle-free-3.0.16,completed,78.1027,79.4637,77.7352,0.367585,98.2873,328112,622152,399060,0,0,false,false,29,2097152,,,,,,,,,,,,,,,pyboolnet-cycle-free,final-comparison-and-ablation,3.0.16,b18957d3-1af1-4ef1-9588-7e4ec8f121e6,b95930007c6d9ce7a4c660ceaac387a2e353d06eb9d4a7bb7f31e7fee5fed38f,915bedc898c4a63fff6d74c9da29c14f21d1a6b0a7877cba4f915509a86b273c,a5235c24983a7d10e69237851ecb59e424d8b518725bf7ac9d03edc3fbee18b4,2026-08-25T17:01:19+00:00,23554876_57,laurel,"gr10497b,gr10609b,gr10672b",p=1:t=14:c=14:m=64000M,1800.0,1800.0,64000
BBM/model_143.bnet,pyboolnet/cycle-free-3.0.16,timeout,1793.02,1800.01,1789.94,3.0806,99.6118,451640,713276,527648,15,0,true,false,97,,,,,,,,,,,,,,,,pyboolnet-cycle-free,final-comparison-and-ablation,3.0.16,b18957d3-1af1-4ef1-9588-7e4ec8f121e6,b95930007c6d9ce7a4c660ceaac387a2e353d06eb9d4a7bb7f31e7fee5fed38f,915bedc898c4a63fff6d74c9da29c14f21d1a6b0a7877cba4f915509a86b273c,a5235c24983a7d10e69237851ecb59e424d8b518725bf7ac9d03edc3fbee18b4,2026-08-25T17:01:19+00:00,23554876_28,laurel,"gr10497b,gr10609b,gr10672b",p=1:t=14:c=14:m=64000M,1800.0,1800.0,64000
BBM/model_144.bnet,pyboolnet/cycle-free-3.0.16,timeout,1792.16,1800.02,1791.75,0.410268,99.5633,425644,690432,501244,15,0,true,false,202,,,,,,,,,,,,,,,,,final-comparison-and-ablation,3.0.16,b18957d3-1af1-4ef1-9588-7e4ec8f121e6,b95930007c6d9ce7a4c660ceaac387a2e353d06eb9d4a7bb7f31e7fee5fed38f,915bedc898c4a63fff6d74c9da29c14f21d1a6b0a7877cba4f915509a86b273c,a5235c24983a7d10e69237851ecb59e424d8b518725bf7ac9d03edc3fbee18b4,2026-08-25T17:01:19+00:00,23554876_194,laurel,"gr10497b,gr10609b,gr10672b",p=1:t=14:c=14:m=64000M,1800.0,1800.0,64000
BBM/model_145.bnet,pyboolnet/cycle-free-3.0.16,completed,427.06,430.194,426.823,0.236456,99.2715,162408,423508,233780,0,0,false,false,62,412316860416,,,,,,,,,,,,,,,pyboolnet-cycle-free,final-comparison-and-ablation,3.0.16,b18957d3-1af1-4ef1-9588-7e4ec8f121e6,b95930007c6d9ce7a4c660ceaac387a2e353d06eb9d4a7bb7f31e7fee5fed38f,915bedc898c4a63fff6d74c9da29c14f21d1a6b0a7877cba4f915509a86b273c,a5235c24983a7d10e69237851ecb59e424d8b518725bf7ac9d03edc3fbee18b4,2026-08-25T17:01:19+00:00,23554876_156,laurel,"gr10497b,gr10609b,gr10672b",p=1:t=14:c=14:m=64000M,1800.0,1800.0,64000
BBM/model_146.bnet,pyboolnet/cycle-free-3.0.16,timeout,1792.52,1800.01,1791.72,0.800204,99.584,125304,348560,197496,15,0,true,false,50,,,,,,,,,,,,,,,,pyboolnet-cycle-free,final-comparison-and-ablation,3.0.16,b18957d3-1af1-4ef1-9588-7e4ec8f121e6,b95930007c6d9ce7a4c660ceaac387a2e353d06eb9d4a7bb7f31e7fee5fed38f,915bedc898c4a63fff6d74c9da29c14f21d1a6b0a7877cba4f915509a86b273c,a5235c24983a7d10e69237851ecb59e424d8b518725bf7ac9d03edc3fbee18b4,2026-08-25T17:01:19+00:00,23554876_54,laurel,"gr10497b,gr10609b,gr10672b",p=1:t=14:c=14:m=64000M,1800.0,1800.0,64000
BBM/model_147.bnet,pyboolnet/cycle-free-3.0.16,completed,3.77614,4.6446,3.63423,0.141907,81.3017,71152,230812,77992,0,0,false,false,16,128,,,,,,,,,,,,,,,pyboolnet-cycle-free,final-comparison-and-ablation,3.0.16,b18957d3-1af1-4ef1-9588-7e4ec8f121e6,b95930007c6d9ce7a4c660ceaac387a2e353d06eb9d4a7bb7f31e7fee5fed38f,915bedc898c4a63fff6d74c9da29c14f21d1a6b0a7877cba4f915509a86b273c,a5235c24983a7d10e69237851ecb59e424d8b518725bf7ac9d03edc3fbee18b4,2026-08-25T17:01:19+00:00,23554876_67,laurel,"gr10497b,gr10609b,gr10672b",p=1:t=14:c=14:m=64000M,1800.0,1800.0,64000
BBM/model_148.bnet,pyboolnet/cycle-free-3.0.16,timeout,1791.05,1800.04,1790.27,0.779632,99.5006,549900,811720,622036,15,0,true,false,83,,,,,,,,,,,,,,,,,final-comparison-and-ablation,3.0.16,b18957d3-1af1-4ef1-9588-7e4ec8f121e6,b95930007c6d9ce7a4c660ceaac387a2e353d06eb9d4a7bb7f31e7fee5fed38f,915bedc898c4a63fff6d74c9da29c14f21d1a6b0a7877cba4f915509a86b273c,a5235c24983a7d10e69237851ecb59e424d8b518725bf7ac9d03edc3fbee18b4,2026-08-25T17:01:19+00:00,23554876_12,laurel,"gr10497b,gr10609b,gr10672b",p=1:t=14:c=14:m=64000M,1800.0,1800.0,64000
BBM/model_149.bnet,pyboolnet/cycle-free-3.0.16,completed,2.75073,3.52075,2.59865,0.152083,78.1292,71408,234032,81300,0,0,false,false,14,896,,,,,,,,,,,,,,,pyboolnet-cycle-free,final-comparison-and-ablation,3.0.16,b18957d3-1af1-4ef1-9588-7e4ec8f121e6,b95930007c6d9ce7a4c660ceaac387a2e353d06eb9d4a7bb7f31e7fee5fed38f,915bedc898c4a63fff6d74c9da29c14f21d1a6b0a7877cba4f915509a86b273c,a5235c24983a7d10e69237851ecb59e424d8b518725bf7ac9d03edc3fbee18b4,2026-08-25T17:01:19+00:00,23554876_159,laurel,"gr10497b,gr10609b,gr10672b",p=1:t=14:c=14:m=64000M,1800.0,1800.0,64000
BBM/model_150.bnet,pyboolnet/cycle-free-3.0.16,completed,2.07911,2.81454,1.95689,0.122228,73.8705,71308,284436,95712,0,0,false,false,33,1331456,,,,,,,,,,,,,,,pyboolnet-cycle-free,final-comparison-and-ablation,3.0.16,b18957d3-1af1-4ef1-9588-7e4ec8f121e6,b95930007c6d9ce7a4c660ceaac387a2e353d06eb9d4a7bb7f31e7fee5fed38f,915bedc898c4a63fff6d74c9da29c14f21d1a6b0a7877cba4f915509a86b273c,a5235c24983a7d10e69237851ecb59e424d8b518725bf7ac9d03edc3fbee18b4,2026-08-25T17:01:19+00:00,23554876_72,laurel,"gr10497b,gr10609b,gr10672b",p=1:t=14:c=14:m=64000M,1800.0,1800.0,64000
BBM/model_151.bnet,pyboolnet/cycle-free-3.0.16,timeout,1790.41,1800.01,1789.8,0.615422,99.4669,203068,437076,273880,15,0,true,false,133,,,,,,,,,,,,,,,,,final-comparison-and-ablation,3.0.16,b18957d3-1af1-4ef1-9588-7e4ec8f121e6,b95930007c6d9ce7a4c660ceaac387a2e353d06eb9d4a7bb7f31e7fee5fed38f,915bedc898c4a63fff6d74c9da29c14f21d1a6b0a7877cba4f915509a86b273c,a5235c24983a7d10e69237851ecb59e424d8b518725bf7ac9d03edc3fbee18b4,2026-08-25T17:01:19+00:00,23554876_25,laurel,"gr10497b,gr10609b,gr10672b",p=1:t=14:c=14:m=64000M,1800.0,1800.0,64000
BBM/model_152.bnet,pyboolnet/cycle-free-3.0.16,timeout,1788.3,1800.01,1788.1,0.197071,99.3494,70920,241236,88712,15,0,true,false,53,,,,,,,,,,,,,,,,pyboolnet-cycle-free,final-comparison-and-ablation,3.0.16,b18957d3-1af1-4ef1-9588-7e4ec8f121e6,b95930007c6d9ce7a4c660ceaac387a2e353d06eb9d4a7bb7f31e7fee5fed38f,915bedc898c4a63fff6d74c9da29c14f21d1a6b0a7877cba4f915509a86b273c,a5235c24983a7d10e69237851ecb59e424d8b518725bf7ac9d03edc3fbee18b4,2026-08-25T17:01:19+00:00,23554876_149,laurel,"gr10497b,gr10609b,gr10672b",p=1:t=14:c=14:m=64000M,1800.0,1800.0,64000
BBM/model_153.bnet,pyboolnet/cycle-free-3.0.16,completed,0.995774,1.7262,0.855801,0.139973,57.6859,70904,220836,70904,0,0,false,false,18,640,,,,,,,,,,,,,,,pyboolnet-cycle-free,final-comparison-and-ablation,3.0.16,b18957d3-1af1-4ef1-9588-7e4ec8f121e6,b95930007c6d9ce7a4c660ceaac387a2e353d06eb9d4a7bb7f31e7fee5fed38f,915bedc898c4a63fff6d74c9da29c14f21d1a6b0a7877cba4f915509a86b273c,a5235c24983a7d10e69237851ecb59e424d8b518725bf7ac9d03edc3fbee18b4,2026-08-25T17:01:19+00:00,23554876_11,laurel,"gr10497b,gr10609b,gr10672b",p=1:t=14:c=14:m=64000M,1800.0,1800.0,64000
BBM/model_154.bnet,pyboolnet/cycle-free-3.0.16,completed,1.05424,2.26792,0.863972,0.190272,46.4851,71604,227000,73028,0,0,false,false,21,128,,,,,,,,,,,,,,,pyboolnet-cycle-free,final-comparison-and-ablation,3.0.16,b18957d3-1af1-4ef1-9588-7e4ec8f121e6,b95930007c6d9ce7a4c660ceaac387a2e353d06eb9d4a7bb7f31e7fee5fed38f,915bedc898c4a63fff6d74c9da29c14f21d1a6b0a7877cba4f915509a86b273c,a5235c24983a7d10e69237851ecb59e424d8b518725bf7ac9d03edc3fbee18b4,2026-08-25T17:01:19+00:00,23554876_214,laurel,"gr10497b,gr10609b,gr10672b",p=1:t=14:c=14:m=64000M,1800.0,1800.0,64000
BBM/model_155.bnet,pyboolnet/cycle-free-3.0.16,timeout,1790.82,1800.01,1790.43,0.395162,99.4897,304444,566256,379108,15,0,true,false,71,,,,,,,,,,,,,,,,pyboolnet-cycle-free,final-comparison-and-ablation,3.0.16,b18957d3-1af1-4ef1-9588-7e4ec8f121e6,b95930007c6d9ce7a4c660ceaac387a2e353d06eb9d4a7bb7f31e7fee5fed38f,915bedc898c4a63fff6d74c9da29c14f21d1a6b0a7877cba4f915509a86b273c,a5235c24983a7d10e69237851ecb59e424d8b518725bf7ac9d03edc3fbee18b4,2026-08-25T17:01:19+00:00,23554876_157,laurel,"gr10497b,gr10609b,gr10672b",p=1:t=14:c=14:m=64000M,1800.0,1800.0,64000
BBM/model_156.bnet,pyboolnet/cycle-free-3.0.16,completed,5.52496,6.44202,5.35077,0.174187,85.7645,71844,284868,95116,0,0,false,false,36,262144,,,,,,,,,,,,,,,pyboolnet-cycle-free,final-comparison-and-ablation,3.0.16,b18957d3-1af1-4ef1-9588-7e4ec8f121e6,b95930007c6d9ce7a4c660ceaac387a2e353d06eb9d4a7bb7f31e7fee5fed38f,915bedc898c4a63fff6d74c9da29c14f21d1a6b0a7877cba4f915509a86b273c,a5235c24983a7d10e69237851ecb59e424d8b518725bf7ac9d03edc3fbee18b4,2026-08-25T17:01:19+00:00,23554876_33,laurel,"gr10497b,gr10609b,gr10672b",p=1:t=14:c=14:m=64000M,1800.0,1800.0,64000
BBM/model_157.bnet,pyboolnet/cycle-free-3.0.16,timeout,1790.45,1800.03,1789.68,0.77017,99.4676,318208,580556,391752,15,0,true,false,103,,,,,,,,,,,,,,,,,final-comparison-and-ablation,3.0.16,b18957d3-1af1-4ef1-9588-7e4ec8f121e6,b95930007c6d9ce7a4c660ceaac387a2e353d06eb9d4a7bb7f31e7fee5fed38f,915bedc898c4a63fff6d74c9da29c14f21d1a6b0a7877cba4f915509a86b273c,a5235c24983a7d10e69237851ecb59e424d8b518725bf7ac9d03edc3fbee18b4,2026-08-25T17:01:19+00:00,23554876_143,laurel,"gr10497b,gr10609b,gr10672b",p=1:t=14:c=14:m=64000M,1800.0,1800.0,64000
BBM/model_158.bnet,pyboolnet/cycle-free-3.0.16,completed,0.91194,2.04357,0.783632,0.128308,44.6248,71124,220840,71124,0,0,false,false,7,16,,,,,,,,,,,,,,,pyboolnet-cycle-free,final-comparison-and-ablation,3.0.16,b18957d3-1af1-4ef1-9588-7e4ec8f121e6,b95930007c6d9ce7a4c660ceaac387a2e353d06eb9d4a7bb7f31e7fee5fed38f,915bedc898c4a63fff6d74c9da29c14f21d1a6b0a7877cba4f915509a86b273c,a5235c24983a7d10e69237851ecb59e424d8b518725bf7ac9d03edc3fbee18b4,2026-08-25T17:01:19+00:00,23554876_139,laurel,"gr10497b,gr10609b,gr10672b",p=1:t=14:c=14:m=64000M,1800.0,1800.0,64000
BBM/model_159.bnet,pyboolnet/cycle-free-3.0.16,timeout,1792.67,1800.02,1792.42,0.250481,99.592,75192,298600,147240,15,0,true,false,39,,,,,,,,,,,,,,,,pyboolnet-cycle-free,final-comparison-and-ablation,3.0.16,b18957d3-1af1-4ef1-9588-7e4ec8f121e6,b95930007c6d9ce7a4c660ceaac387a2e353d06eb9d4a7bb7f31e7fee5fed38f,915bedc898c4a63fff6d74c9da29c14f21d1a6b0a7877cba4f915509a86b273c,a5235c24983a7d10e69237851ecb59e424d8b518725bf7ac9d03edc3fbee18b4,2026-08-25T17:01:19+00:00,23554876_70,laurel,"gr10497b,gr10609b,gr10672b",p=1:t=14:c=14:m=64000M,1800.0,1800.0,64000
BBM/model_160.bnet,pyboolnet/cycle-free-3.0.16,timeout,1791.96,1800.03,1791.17,0.788319,99.5516,447836,710248,521252,15,0,true,false,92,,,,,,,,,,,,,,,,,final-comparison-and-ablation,3.0.16,b18957d3-1af1-4ef1-9588-7e4ec8f121e6,b95930007c6d9ce7a4c660ceaac387a2e353d06eb9d4a7bb7f31e7fee5fed38f,915bedc898c4a63fff6d74c9da29c14f21d1a6b0a7877cba4f915509a86b273c,a5235c24983a7d10e69237851ecb59e424d8b518725bf7ac9d03edc3fbee18b4,2026-08-25T17:01:19+00:00,23554876_123,laurel,"gr10497b,gr10609b,gr10672b",p=1:t=14:c=14:m=64000M,1800.0,1800.0,64000
BBM/model_161.bnet,pyboolnet/cycle-free-3.0.16,timeout,1792.15,1800.01,1791.88,0.264861,99.5631,187208,449348,259948,15,0,true,false,96,,,,,,,,,,,,,,,,,final-comparison-and-ablation,3.0.16,b18957d3-1af1-4ef1-9588-7e4ec8f121e6,b95930007c6d9ce7a4c660ceaac387a2e353d06eb9d4a7bb7f31e7fee5fed38f,915bedc898c4a63fff6d74c9da29c14f21d1a6b0a7877cba4f915509a86b273c,a5235c24983a7d10e69237851ecb59e424d8b518725bf7ac9d03edc3fbee18b4,2026-08-25T17:01:19+00:00,23554876_124,laurel,"gr10497b,gr10609b,gr10672b",p=1:t=14:c=14:m=64000M,1800.0,1800.0,64000
BBM/model_162.bnet,pyboolnet/cycle-free-3.0.16,completed,1.26449,2.86311,1.11982,0.144672,44.165,71044,224948,71044,0,0,false,false,18,768,,,,,,,,,,,,,,,pyboolnet-cycle-free,final-comparison-and-ablation,3.0.16,b18957d3-1af1-4ef1-9588-7e4ec8f121e6,b95930007c6d9ce7a4c660ceaac387a2e353d06eb9d4a7bb7f31e7fee5fed38f,915bedc898c4a63fff6d74c9da29c14f21d1a6b0a7877cba4f915509a86b273c,a5235c24983a7d10e69237851ecb59e424d8b518725bf7ac9d03edc3fbee18b4,2026-08-25T17:01:19+00:00,23554876_130,laurel,"gr10497b,gr10609b,gr10672b",p=1:t=14:c=14:m=64000M,1800.0,1800.0,64000
BBM/model_163.bnet,pyboolnet/cycle-free-3.0.16,completed,2.79633,3.63784,2.61539,0.180938,76.8679,71544,291604,101888,0,0,false,false,34,8388608,,,,,,,,,,,,,,,pyboolnet-cycle-free,final-comparison-and-ablation,3.0.16,b18957d3-1af1-4ef1-9588-7e4ec8f121e6,b95930007c6d9ce7a4c660ceaac387a2e353d06eb9d4a7bb7f31e7fee5fed38f,915bedc898c4a63fff6d74c9da29c14f21d1a6b0a7877cba4f915509a86b273c,a5235c24983a7d10e69237851ecb59e424d8b518725bf7ac9d03edc3fbee18b4,2026-08-25T17:01:19+00:00,23554876_122,laurel,"gr10497b,gr10609b,gr10672b",p=1:t=14:c=14:m=64000M,1800.0,1800.0,64000
BBM/model_164.bnet,pyboolnet/cycle-free-3.0.16,completed,1.42934,2.3029,1.29258,0.136754,62.0669,71516,281368,91304,0,0,false,false,24,4096,,,,,,,,,,,,,,,pyboolnet-cycle-free,final-comparison-and-ablation,3.0.16,b18957d3-1af1-4ef1-9588-7e4ec8f121e6,b95930007c6d9ce7a4c660ceaac387a2e353d06eb9d4a7bb7f31e7fee5fed38f,915bedc898c4a63fff6d74c9da29c14f21d1a6b0a7877cba4f915509a86b273c,a5235c24983a7d10e69237851ecb59e424d8b518725bf7ac9d03edc3fbee18b4,2026-08-25T17:01:19+00:00,23554876_165,laurel,"gr10497b,gr10609b,gr10672b",p=1:t=14:c=14:m=64000M,1800.0,1800.0,64000
BBM/model_165.bnet,pyboolnet/cycle-free-3.0.16,completed,1.23479,2.0084,0.808092,0.426696,61.4811,70952,220840,70952,0,0,false,false,8,8,,,,,,,,,,,,,,,pyboolnet-cycle-free,final-comparison-and-ablation,3.0.16,b18957d3-1af1-4ef1-9588-7e4ec8f121e6,b95930007c6d9ce7a4c660ceaac387a2e353d06eb9d4a7bb7f31e7fee5fed38f,915bedc898c4a63fff6d74c9da29c14f21d1a6b0a7877cba4f915509a86b273c,a5235c24983a7d10e69237851ecb59e424d8b518725bf7ac9d03edc3fbee18b4,2026-08-25T17:01:19+00:00,23554876_34,laurel,"gr10497b,gr10609b,gr10672b",p=1:t=14:c=14:m=64000M,1800.0,1800.0,64000
BBM/model_166.bnet,pyboolnet/cycle-free-3.0.16,completed,1.37027,2.23912,1.20499,0.165282,61.1969,71212,279220,89384,0,0,false,false,19,128,,,,,,,,,,,,,,,pyboolnet-cycle-free,final-comparison-and-ablation,3.0.16,b18957d3-1af1-4ef1-9588-7e4ec8f121e6,b95930007c6d9ce7a4c660ceaac387a2e353d06eb9d4a7bb7f31e7fee5fed38f,915bedc898c4a63fff6d74c9da29c14f21d1a6b0a7877cba4f915509a86b273c,a5235c24983a7d10e69237851ecb59e424d8b518725bf7ac9d03edc3fbee18b4,2026-08-25T17:01:19+00:00,23554876_192,laurel,"gr10497b,gr10609b,gr10672b",p=1:t=14:c=14:m=64000M,1800.0,1800.0,64000
BBM/model_167.bnet,pyboolnet/cycle-free-3.0.16,completed,47.7876,49.0536,47.5972,0.190441,97.4193,72348,330852,141416,0,0,false,false,57,150323855360,,,,,,,,,,,,,,,pyboolnet-cycle-free,final-comparison-and-ablation,3.0.16,b18957d3-1af1-4ef1-9588-7e4ec8f121e6,b95930007c6d9ce7a4c660ceaac387a2e353d06eb9d4a7bb7f31e7fee5fed38f,915bedc898c4a63fff6d74c9da29c14f21d1a6b0a7877cba4f915509a86b273c,a5235c24983a7d10e69237851ecb59e424d8b518725bf7ac9d03edc3fbee18b4,2026-08-25T17:01:19+00:00,23554876_169,laurel,"gr10497b,gr10609b,gr10672b",p=1:t=14:c=14:m=64000M,1800.0,1800.0,64000
BBM/model_168.bnet,pyboolnet/cycle-free-3.0.16,completed,1.05193,2.05426,0.887671,0.164264,51.2075,71200,220844,71200,0,0,false,false,13,128,,,,,,,,,,,,,,,pyboolnet-cycle-free,final-comparison-and-ablation,3.0.16,b18957d3-1af1-4ef1-9588-7e4ec8f121e6,b95930007c6d9ce7a4c660ceaac387a2e353d06eb9d4a7bb7f31e7fee5fed38f,915bedc898c4a63fff6d74c9da29c14f21d1a6b0a7877cba4f915509a86b273c,a5235c24983a7d10e69237851ecb59e424d8b518725bf7ac9d03edc3fbee18b4,2026-08-25T17:01:19+00:00,23554876_1,laurel,"gr10497b,gr10609b,gr10672b",p=1:t=14:c=14:m=64000M,1800.0,1800.0,64000
BBM/model_169.bnet,pyboolnet/cycle-free-3.0.16,completed,0.962293,1.99091,0.842345,0.119948,48.3343,71188,220844,71188,0,0,false,false,7,32,,,,,,,,,,,,,,,pyboolnet-cycle-free,final-comparison-and-ablation,3.0.16,b18957d3-1af1-4ef1-9588-7e4ec8f121e6,b95930007c6d9ce7a4c660ceaac387a2e353d06eb9d4a7bb7f31e7fee5fed38f,915bedc898c4a63fff6d74c9da29c14f21d1a6b0a7877cba4f915509a86b273c,a5235c24983a7d10e69237851ecb59e424d8b518725bf7ac9d03edc3fbee18b4,2026-08-25T17:01:19+00:00,23554876_179,laurel,"gr10497b,gr10609b,gr10672b",p=1:t=14:c=14:m=64000M,1800.0,1800.0,64000
BBM/model_170.bnet,pyboolnet/cycle-free-3.0.16,completed,1.14075,1.93908,0.961879,0.178873,58.8296,70924,220844,70924,0,0,false,false,7,16,,,,,,,,,,,,,,,pyboolnet-cycle-free,final-comparison-and-ablation,3.0.16,b18957d3-1af1-4ef1-9588-7e4ec8f121e6,b95930007c6d9ce7a4c660ceaac387a2e353d06eb9d4a7bb7f31e7fee5fed38f,915bedc898c4a63fff6d74c9da29c14f21d1a6b0a7877cba4f915509a86b273c,a5235c24983a7d10e69237851ecb59e424d8b518725bf7ac9d03edc3fbee18b4,2026-08-25T17:01:19+00:00,23554876_82,laurel,"gr10497b,gr10609b,gr10672b",p=1:t=14:c=14:m=64000M,1800.0,1800.0,64000
BBM/model_171.bnet,pyboolnet/cycle-free-3.0.16,completed,0.969497,1.80169,0.845286,0.124211,53.8103,70696,220840,70696,0,0,false,false,7,16,,,,,,,,,,,,,,,pyboolnet-cycle-free,final-comparison-and-ablation,3.0.16,b18957d3-1af1-4ef1-9588-7e4ec8f121e6,b95930007c6d9ce7a4c660ceaac387a2e353d06eb9d4a7bb7f31e7fee5fed38f,915bedc898c4a63fff6d74c9da29c14f21d1a6b0a7877cba4f915509a86b273c,a5235c24983a7d10e69237851ecb59e424d8b518725bf7ac9d03edc3fbee18b4,2026-08-25T17:01:19+00:00,23554876_65,laurel,"gr10497b,gr10609b,gr10672b",p=1:t=14:c=14:m=64000M,1800.0,1800.0,64000
BBM/model_172.bnet,pyboolnet/cycle-free-3.0.16,completed,0.93445,1.9813,0.795079,0.139371,47.1635,70940,224936,70940,0,0,false,false,7,12,,,,,,,,,,,,,,,pyboolnet-cycle-free,final-comparison-and-ablation,3.0.16,b18957d3-1af1-4ef1-9588-7e4ec8f121e6,b95930007c6d9ce7a4c660ceaac387a2e353d06eb9d4a7bb7f31e7fee5fed38f,915bedc898c4a63fff6d74c9da29c14f21d1a6b0a7877cba4f915509a86b273c,a5235c24983a7d10e69237851ecb59e424d8b518725bf7ac9d03edc3fbee18b4,2026-08-25T17:01:19+00:00,23554876_5,laurel,"gr10497b,gr10609b,gr10672b",p=1:t=14:c=14:m=64000M,1800.0,1800.0,64000
BBM/model_173.bnet,pyboolnet/cycle-free-3.0.16,completed,418.026,421.094,417.705,0.321644,99.2716,75180,336164,147512,0,0,false,false,76,617679244205490176,,,,,,,,,,,,,,,pyboolnet-cycle-free,final-comparison-and-ablation,3.0.16,b18957d3-1af1-4ef1-9588-7e4ec8f121e6,b95930007c6d9ce7a4c660ceaac387a2e353d06eb9d4a7bb7f31e7fee5fed38f,915bedc898c4a63fff6d74c9da29c14f21d1a6b0a7877cba4f915509a86b273c,a5235c24983a7d10e69237851ecb59e424d8b518725bf7ac9d03edc3fbee18b4,2026-08-25T17:01:19+00:00,23554876_83,laurel,"gr10497b,gr10609b,gr10672b",p=1:t=14:c=14:m=64000M,1800.0,1800.0,64000
BBM/model_174.bnet,pyboolnet/cycle-free-3.0.16,completed,1.3628,2.0761,1.22353,0.139266,65.6423,71132,222116,71132,0,0,false,false,19,335872,,,,,,,,,,,,,,,pyboolnet-cycle-free,final-comparison-and-ablation,3.0.16,b18957d3-1af1-4ef1-9588-7e4ec8f121e6,b95930007c6d9ce7a4c660ceaac387a2e353d06eb9d4a7bb7f31e7fee5fed38f,915bedc898c4a63fff6d74c9da29c14f21d1a6b0a7877cba4f915509a86b273c,a5235c24983a7d10e69237851ecb59e424d8b518725bf7ac9d03edc3fbee18b4,2026-08-25T17:01:19+00:00,23554876_186,laurel,"gr10497b,gr10609b,gr10672b",p=1:t=14:c=14:m=64000M,1800.0,1800.0,64000
BBM/model_175.bnet,pyboolnet/cycle-free-3.0.16,completed,3.0964,4.12579,2.91113,0.185266,75.0498,71772,282756,93028,0,0,false,false,41,12582912,,,,,,,,,,,,,,,pyboolnet-cycle-free,final-comparison-and-ablation,3.0.16,b18957d3-1af1-4ef1-9588-7e4ec8f121e6,b95930007c6d9ce7a4c660ceaac387a2e353d06eb9d4a7bb7f31e7fee5fed38f,915bedc898c4a63fff6d74c9da29c14f21d1a6b0a7877cba4f915509a86b273c,a5235c24983a7d10e69237851ecb59e424d8b518725bf7ac9d03edc3fbee18b4,2026-08-25T17:01:19+00:00,23554876_24,laurel,"gr10497b,gr10609b,gr10672b",p=1:t=14:c=14:m=64000M,1800.0,1800.0,64000
BBM/model_177.bnet,pyboolnet/cycle-free-3.0.16,completed,8.34413,9.1208,8.19398,0.150148,91.4846,71856,286288,96704,0,0,false,false,34,5376,,,,,,,,,,,,,,,pyboolnet-cycle-free,final-comparison-and-ablation,3.0.16,b18957d3-1af1-4ef1-9588-7e4ec8f121e6,b95930007c6d9ce7a4c660ceaac387a2e353d06eb9d4a7bb7f31e7fee5fed38f,915bedc898c4a63fff6d74c9da29c14f21d1a6b0a7877cba4f915509a86b273c,a5235c24983a7d10e69237851ecb59e424d8b518725bf7ac9d03edc3fbee18b4,2026-08-25T17:01:19+00:00,23554876_178,laurel,"gr10497b,gr10609b,gr10672b",p=1:t=14:c=14:m=64000M,1800.0,1800.0,64000
BBM/model_178.bnet,pyboolnet/cycle-free-3.0.16,completed,64.3741,65.4907,64.187,0.187162,98.2951,71700,330800,141388,0,0,false,false,48,588007866368,,,,,,,,,,,,,,,pyboolnet-cycle-free,final-comparison-and-ablation,3.0.16,b18957d3-1af1-4ef1-9588-7e4ec8f121e6,b95930007c6d9ce7a4c660ceaac387a2e353d06eb9d4a7bb7f31e7fee5fed38f,915bedc898c4a63fff6d74c9da29c14f21d1a6b0a7877cba4f915509a86b273c,a5235c24983a7d10e69237851ecb59e424d8b518725bf7ac9d03edc3fbee18b4,2026-08-25T17:01:19+00:00,23554876_18,laurel,"gr10497b,gr10609b,gr10672b",p=1:t=14:c=14:m=64000M,1800.0,1800.0,64000
BBM/model_179.bnet,pyboolnet/cycle-free-3.0.16,timeout,1791.15,1800.02,1790.62,0.529539,99.5073,409964,671596,482324,15,0,true,false,56,,,,,,,,,,,,,,,,,final-comparison-and-ablation,3.0.16,b18957d3-1af1-4ef1-9588-7e4ec8f121e6,b95930007c6d9ce7a4c660ceaac387a2e353d06eb9d4a7bb7f31e7fee5fed38f,915bedc898c4a63fff6d74c9da29c14f21d1a6b0a7877cba4f915509a86b273c,a5235c24983a7d10e69237851ecb59e424d8b518725bf7ac9d03edc3fbee18b4,2026-08-25T17:01:19+00:00,23554876_63,laurel,"gr10497b,gr10609b,gr10672b",p=1:t=14:c=14:m=64000M,1800.0,1800.0,64000
BBM/model_180.bnet,pyboolnet/cycle-free-3.0.16,completed,1.03809,2.19201,0.866237,0.171851,47.3577,71080,227208,74752,0,0,false,false,12,1024,,,,,,,,,,,,,,,pyboolnet-cycle-free,final-comparison-and-ablation,3.0.16,b18957d3-1af1-4ef1-9588-7e4ec8f121e6,b95930007c6d9ce7a4c660ceaac387a2e353d06eb9d4a7bb7f31e7fee5fed38f,915bedc898c4a63fff6d74c9da29c14f21d1a6b0a7877cba4f915509a86b273c,a5235c24983a7d10e69237851ecb59e424d8b518725bf7ac9d03edc3fbee18b4,2026-08-25T17:01:19+00:00,23554876_45,laurel,"gr10497b,gr10609b,gr10672b",p=1:t=14:c=14:m=64000M,1800.0,1800.0,64000
BBM/model_181.bnet,pyboolnet/cycle-free-3.0.16,completed,1.2536,2.08984,1.1075,0.1461,59.9852,71420,279848,90212,0,0,false,false,13,180,,,,,,,,,,,,,,,pyboolnet-cycle-free,final-comparison-and-ablation,3.0.16,b18957d3-1af1-4ef1-9588-7e4ec8f121e6,b95930007c6d9ce7a4c660ceaac387a2e353d06eb9d4a7bb7f31e7fee5fed38f,915bedc898c4a63fff6d74c9da29c14f21d1a6b0a7877cba4f915509a86b273c,a5235c24983a7d10e69237851ecb59e424d8b518725bf7ac9d03edc3fbee18b4,2026-08-25T17:01:19+00:00,23554876_61,laurel,"gr10497b,gr10609b,gr10672b",p=1:t=14:c=14:m=64000M,1800.0,1800.0,64000
BBM/model_182.bnet,pyboolnet/cycle-free-3.0.16,completed,1.58089,2.34815,1.39516,0.185738,67.3251,71476,227684,75340,0,0,false,false,14,16,,,,,,,,,,,,,,,pyboolnet-cycle-free,final-comparison-and-ablation,3.0.16,b18957d3-1af1-4ef1-9588-7e4ec8f121e6,b95930007c6d9ce7a4c660ceaac387a2e353d06eb9d4a7bb7f31e7fee5fed38f,915bedc898c4a63fff6d74c9da29c14f21d1a6b0a7877cba4f915509a86b273c,a5235c24983a7d10e69237851ecb59e424d8b518725bf7ac9d03edc3fbee18b4,2026-08-25T17:01:19+00:00,23554876_32,laurel,"gr10497b,gr10609b,gr10672b",p=1:t=14:c=14:m=64000M,1800.0,1800.0,64000
BBM/model_183.bnet,pyboolnet/cycle-free-3.0.16,completed,13.9282,14.7937,13.7469,0.181312,94.1494,71992,328044,138596,0,0,false,false,35,48131776,,,,,,,,,,,,,,,pyboolnet-cycle-free,final-comparison-and-ablation,3.0.16,b18957d3-1af1-4ef1-9588-7e4ec8f121e6,b95930007c6d9ce7a4c660ceaac387a2e353d06eb9d4a7bb7f31e7fee5fed38f,915bedc898c4a63fff6d74c9da29c14f21d1a6b0a7877cba4f915509a86b273c,a5235c24983a7d10e69237851ecb59e424d8b518725bf7ac9d03edc3fbee18b4,2026-08-25T17:01:19+00:00,23554876_134,laurel,"gr10497b,gr10609b,gr10672b",p=1:t=14:c=14:m=64000M,1800.0,1800.0,64000
BBM/model_184.bnet,pyboolnet/cycle-free-3.0.16,completed,0.923169,1.70717,0.775184,0.147985,54.0761,70848,224940,70848,0,0,false,false,6,4,,,,,,,,,,,,,,,pyboolnet-cycle-free,final-comparison-and-ablation,3.0.16,b18957d3-1af1-4ef1-9588-7e4ec8f121e6,b95930007c6d9ce7a4c660ceaac387a2e353d06eb9d4a7bb7f31e7fee5fed38f,915bedc898c4a63fff6d74c9da29c14f21d1a6b0a7877cba4f915509a86b273c,a5235c24983a7d10e69237851ecb59e424d8b518725bf7ac9d03edc3fbee18b4,2026-08-25T17:01:19+00:00,23554876_174,laurel,"gr10497b,gr10609b,gr10672b",p=1:t=14:c=14:m=64000M,1800.0,1800.0,64000
BBM/model_185.bnet,pyboolnet/cycle-free-3.0.16,completed,1.2145,1.93966,1.08307,0.13143,62.6139,71400,221996,71400,0,0,false,false,15,72,,,,,,,,,,,,,,,pyboolnet-cycle-free,final-comparison-and-ablation,3.0.16,b18957d3-1af1-4ef1-9588-7e4ec8f121e6,b95930007c6d9ce7a4c660ceaac387a2e353d06eb9d4a7bb7f31e7fee5fed38f,915bedc898c4a63fff6d74c9da29c14f21d1a6b0a7877cba4f915509a86b273c,a5235c24983a7d10e69237851ecb59e424d8b518725bf7ac9d03edc3fbee18b4,2026-08-25T17:01:19+00:00,23554876_79,laurel,"gr10497b,gr10609b,gr10672b",p=1:t=14:c=14:m=64000M,1800.0,1800.0,64000
BBM/model_186.bnet,pyboolnet/cycle-free-3.0.16,completed,1.23888,2.09446,1.08571,0.153169,59.1505,71044,224936,71044,0,0,false,false,10,3,,,,,,,,,,,,,,,pyboolnet-cycle-free,final-comparison-and-ablation,3.0.16,b18957d3-1af1-4ef1-9588-7e4ec8f121e6,b95930007c6d9ce7a4c660ceaac387a2e353d06eb9d4a7bb7f31e7fee5fed38f,915bedc898c4a63fff6d74c9da29c14f21d1a6b0a7877cba4f915509a86b273c,a5235c24983a7d10e69237851ecb59e424d8b518725bf7ac9d03edc3fbee18b4,2026-08-25T17:01:19+00:00,23554876_110,laurel,"gr10497b,gr10609b,gr10672b",p=1:t=14:c=14:m=64000M,1800.0,1800.0,64000
BBM/model_187.bnet,pyboolnet/cycle-free-3.0.16,completed,1.05014,1.78178,0.932918,0.117221,58.9376,71464,221116,71464,0,0,false,false,19,576,,,,,,,,,,,,,,,pyboolnet-cycle-free,final-comparison-and-ablation,3.0.16,b18957d3-1af1-4ef1-9588-7e4ec8f121e6,b95930007c6d9ce7a4c660ceaac387a2e353d06eb9d4a7bb7f31e7fee5fed38f,915bedc898c4a63fff6d74c9da29c14f21d1a6b0a7877cba4f915509a86b273c,a5235c24983a7d10e69237851ecb59e424d8b518725bf7ac9d03edc3fbee18b4,2026-08-25T17:01:19+00:00,23554876_176,laurel,"gr10497b,gr10609b,gr10672b",p=1:t=14:c=14:m=64000M,1800.0,1800.0,64000
BBM/model_188.bnet,pyboolnet/cycle-free-3.0.16,completed,5.73766,7.4859,5.5519,0.185764,76.6462,72396,300220,111092,0,0,false,false,37,5308416,,,,,,,,,,,,,,,pyboolnet-cycle-free,final-comparison-and-ablation,3.0.16,b18957d3-1af1-4ef1-9588-7e4ec8f121e6,b95930007c6d9ce7a4c660ceaac387a2e353d06eb9d4a7bb7f31e7fee5fed38f,915bedc898c4a63fff6d74c9da29c14f21d1a6b0a7877cba4f915509a86b273c,a5235c24983a7d10e69237851ecb59e424d8b518725bf7ac9d03edc3fbee18b4,2026-08-25T17:01:19+00:00,23554876_9,laurel,"gr10497b,gr10609b,gr10672b",p=1:t=14:c=14:m=64000M,1800.0,1800.0,64000
BBM/model_189.bnet,pyboolnet/cycle-free-3.0.16,completed,0.924674,1.68921,0.779769,0.144905,54.7401,71144,224932,71144,0,0,false,false,6,16,,,,,,,,,,,,,,,pyboolnet-cycle-free,final-comparison-and-ablation,3.0.16,b18957d3-1af1-4ef1-9588-7e4ec8f121e6,b95930007c6d9ce7a4c660ceaac387a2e353d06eb9d4a7bb7f31e7fee5fed38f,915bedc898c4a63fff6d74c9da29c14f21d1a6b0a7877cba4f915509a86b273c,a5235c24983a7d10e69237851ecb59e424d8b518725bf7ac9d03edc3fbee18b4,2026-08-25T17:01:19+00:00,23554876_128,laurel,"gr10497b,gr10609b,gr10672b",p=1:t=14:c=14:m=64000M,1800.0,1800.0,64000
BBM/model_190.bnet,pyboolnet/cycle-free-3.0.16,completed,12.6527,13.4235,12.47,0.182679,94.2583,71628,318912,129344,0,0,false,false,37,33554432,,,,,,,,,,,,,,,pyboolnet-cycle-free,final-comparison-and-ablation,3.0.16,b18957d3-1af1-4ef1-9588-7e4ec8f121e6,b95930007c6d9ce7a4c660ceaac387a2e353d06eb9d4a7bb7f31e7fee5fed38f,915bedc898c4a63fff6d74c9da29c14f21d1a6b0a7877cba4f915509a86b273c,a5235c24983a7d10e69237851ecb59e424d8b518725bf7ac9d03edc3fbee18b4,2026-08-25T17:01:19+00:00,23554876_14,laurel,"gr10497b,gr10609b,gr10672b",p=1:t=14:c=14:m=64000M,1800.0,1800.0,64000
BBM/model_191.bnet,pyboolnet/cycle-free-3.0.16,completed,1.37503,2.11921,0.992507,0.382519,64.884,71708,279380,90100,0,0,false,false,19,8192,,,,,,,,,,,,,,,pyboolnet-cycle-free,final-comparison-and-ablation,3.0.16,b18957d3-1af1-4ef1-9588-7e4ec8f121e6,b95930007c6d9ce7a4c660ceaac387a2e353d06eb9d4a7bb7f31e7fee5fed38f,915bedc898c4a63fff6d74c9da29c14f21d1a6b0a7877cba4f915509a86b273c,a5235c24983a7d10e69237851ecb59e424d8b518725bf7ac9d03edc3fbee18b4,2026-08-25T17:01:19+00:00,23554876_105,laurel,"gr10497b,gr10609b,gr10672b",p=1:t=14:c=14:m=64000M,1800.0,1800.0,64000
BBM/model_192.bnet,pyboolnet/cycle-free-3.0.16,timeout,1791.54,1800.01,1791.27,0.269387,99.5292,218460,482172,292600,15,0,true,false,102,,,,,,,,,,,,,,,,,final-comparison-and-ablation,3.0.16,b18957d3-1af1-4ef1-9588-7e4ec8f121e6,b95930007c6d9ce7a4c660ceaac387a2e353d06eb9d4a7bb7f31e7fee5fed38f,915bedc898c4a63fff6d74c9da29c14f21d1a6b0a7877cba4f915509a86b273c,a5235c24983a7d10e69237851ecb59e424d8b518725bf7ac9d03edc3fbee18b4,2026-08-25T17:01:19+00:00,23554876_23,laurel,"gr10497b,gr10609b,gr10672b",p=1:t=14:c=14:m=64000M,1800.0,1800.0,64000
BBM/model_193.bnet,pyboolnet/cycle-free-3.0.16,completed,3.30201,4.04022,3.16036,0.141648,81.7285,71564,230756,77764,0,0,false,false,30,2686976,,,,,,,,,,,,,,,pyboolnet-cycle-free,final-comparison-and-ablation,3.0.16,b18957d3-1af1-4ef1-9588-7e4ec8f121e6,b95930007c6d9ce7a4c660ceaac387a2e353d06eb9d4a7bb7f31e7fee5fed38f,915bedc898c4a63fff6d74c9da29c14f21d1a6b0a7877cba4f915509a86b273c,a5235c24983a7d10e69237851ecb59e424d8b518725bf7ac9d03edc3fbee18b4,2026-08-25T17:01:19+00:00,23554876_208,laurel,"gr10497b,gr10609b,gr10672b",p=1:t=14:c=14:m=64000M,1800.0,1800.0,64000
BBM/model_194.bnet,pyboolnet/cycle-free-3.0.16,timeout,1788.76,1800.02,1788.03,0.722385,99.3745,703128,965448,779400,15,0,true,false,106,,,,,,,,,,,,,,,,,final-comparison-and-ablation,3.0.16,b18957d3-1af1-4ef1-9588-7e4ec8f121e6,b95930007c6d9ce7a4c660ceaac387a2e353d06eb9d4a7bb7f31e7fee5fed38f,915bedc898c4a63fff6d74c9da29c14f21d1a6b0a7877cba4f915509a86b273c,a5235c24983a7d10e69237851ecb59e424d8b518725bf7ac9d03edc3fbee18b4,2026-08-25T17:01:19+00:00,23554876_112,laurel,"gr10497b,gr10609b,gr10672b",p=1:t=14:c=14:m=64000M,1800.0,1800.0,64000
BBM/model_195.bnet,pyboolnet/cycle-free-3.0.16,timeout,1791.73,1800.02,1791.28,0.44689,99.5397,311352,576228,387264,15,0,true,false,216,,,,,,,,,,,,,,,,,final-comparison-and-ablation,3.0.16,b18957d3-1af1-4ef1-9588-7e4ec8f121e6,b95930007c6d9ce7a4c660ceaac387a2e353d06eb9d4a7bb7f31e7fee5fed38f,915bedc898c4a63fff6d74c9da29c14f21d1a6b0a7877cba4f915509a86b273c,a5235c24983a7d10e69237851ecb59e424d8b518725bf7ac9d03edc3fbee18b4,2026-08-25T17:01:19+00:00,23554876_15,laurel,"gr10497b,gr10609b,gr10672b",p=1:t=14:c=14:m=64000M,1800.0,1800.0,64000
BBM/model_196.bnet,pyboolnet/cycle-free-3.0.16,completed,1515.42,1523.4,1515.12,0.297822,99.4761,225212,487060,298172,0,0,false,false,61,665559943348224,,,,,,,,,,,,,,,pyboolnet-cycle-free,final-comparison-and-ablation,3.0.16,b18957d3-1af1-4ef1-9588-7e4ec8f121e6,b95930007c6d9ce7a4c660ceaac387a2e353d06eb9d4a7bb7f31e7fee5fed38f,915bedc898c4a63fff6d74c9da29c14f21d1a6b0a7877cba4f915509a86b273c,a5235c24983a7d10e69237851ecb59e424d8b518725bf7ac9d03edc3fbee18b4,2026-08-25T17:01:19+00:00,23554876_37,laurel,"gr10497b,gr10609b,gr10672b",p=1:t=14:c=14:m=64000M,1800.0,1800.0,64000
BBM/model_197.bnet,pyboolnet/cycle-free-3.0.16,timeout,1791.39,1800.04,1789.72,1.66808,99.5189,963232,1227048,1037196,15,0,true,false,56,,,,,,,,,,,,,,,,,final-comparison-and-ablation,3.0.16,b18957d3-1af1-4ef1-9588-7e4ec8f121e6,b95930007c6d9ce7a4c660ceaac387a2e353d06eb9d4a7bb7f31e7fee5fed38f,915bedc898c4a63fff6d74c9da29c14f21d1a6b0a7877cba4f915509a86b273c,a5235c24983a7d10e69237851ecb59e424d8b518725bf7ac9d03edc3fbee18b4,2026-08-25T17:01:19+00:00,23554876_202,laurel,"gr10497b,gr10609b,gr10672b",p=1:t=14:c=14:m=64000M,1800.0,1800.0,64000
BBM/model_198.bnet,pyboolnet/cycle-free-3.0.16,completed,0.997512,2.15164,0.869905,0.127607,46.3605,71140,267212,72228,0,0,false,false,11,32,,,,,,,,,,,,,,,pyboolnet-cycle-free,final-comparison-and-ablation,3.0.16,b18957d3-1af1-4ef1-9588-7e4ec8f121e6,b95930007c6d9ce7a4c660ceaac387a2e353d06eb9d4a7bb7f31e7fee5fed38f,915bedc898c4a63fff6d74c9da29c14f21d1a6b0a7877cba4f915509a86b273c,a5235c24983a7d10e69237851ecb59e424d8b518725bf7ac9d03edc3fbee18b4,2026-08-25T17:01:19+00:00,23554876_102,laurel,"gr10497b,gr10609b,gr10672b",p=1:t=14:c=14:m=64000M,1800.0,1800.0,64000
BBM/model_199.bnet,pyboolnet/cycle-free-3.0.16,completed,17.8425,18.8579,17.6883,0.154149,94.6155,71736,329300,139732,0,0,false,false,30,53796224,,,,,,,,,,,,,,,pyboolnet-cycle-free,final-comparison-and-ablation,3.0.16,b18957d3-1af1-4ef1-9588-7e4ec8f121e6,b95930007c6d9ce7a4c660ceaac387a2e353d06eb9d4a7bb7f31e7fee5fed38f,915bedc898c4a63fff6d74c9da29c14f21d1a6b0a7877cba4f915509a86b273c,a5235c24983a7d10e69237851ecb59e424d8b518725bf7ac9d03edc3fbee18b4,2026-08-25T17:01:19+00:00,23554876_4,laurel,"gr10497b,gr10609b,gr10672b",p=1:t=14:c=14:m=64000M,1800.0,1800.0,64000
BBM/model_200.bnet,pyboolnet/cycle-free-3.0.16,completed,1.3498,2.38559,1.21894,0.130863,56.5815,71124,281828,91776,0,0,false,false,26,94208,,,,,,,,,,,,,,,pyboolnet-cycle-free,final-comparison-and-ablation,3.0.16,b18957d3-1af1-4ef1-9588-7e4ec8f121e6,b95930007c6d9ce7a4c660ceaac387a2e353d06eb9d4a7bb7f31e7fee5fed38f,915bedc898c4a63fff6d74c9da29c14f21d1a6b0a7877cba4f915509a86b273c,a5235c24983a7d10e69237851ecb59e424d8b518725bf7ac9d03edc3fbee18b4,2026-08-25T17:01:19+00:00,23554876_22,laurel,"gr10497b,gr10609b,gr10672b",p=1:t=14:c=14:m=64000M,1800.0,1800.0,64000
BBM/model_201.bnet,pyboolnet/cycle-free-3.0.16,completed,3.96306,4.9457,3.82724,0.135817,80.1313,71700,303364,113712,0,0,false,false,33,6356992,,,,,,,,,,,,,,,pyboolnet-cycle-free,final-comparison-and-ablation,3.0.16,b18957d3-1af1-4ef1-9588-7e4ec8f121e6,b95930007c6d9ce7a4c660ceaac387a2e353d06eb9d4a7bb7f31e7fee5fed38f,915bedc898c4a63fff6d74c9da29c14f21d1a6b0a7877cba4f915509a86b273c,a5235c24983a7d10e69237851ecb59e424d8b518725bf7ac9d03edc3fbee18b4,2026-08-25T17:01:19+00:00,23554876_52,laurel,"gr10497b,gr10609b,gr10672b",p=1:t=14:c=14:m=64000M,1800.0,1800.0,64000
BBM/model_202.bnet,pyboolnet/cycle-free-3.0.16,completed,2.61349,3.35049,2.46249,0.151,78.0032,71828,286052,96416,0,0,false,false,31,249856,,,,,,,,,,,,,,,pyboolnet-cycle-free,final-comparison-and-ablation,3.0.16,b18957d3-1af1-4ef1-9588-7e4ec8f121e6,b95930007c6d9ce7a4c660ceaac387a2e353d06eb9d4a7bb7f31e7fee5fed38f,915bedc898c4a63fff6d74c9da29c14f21d1a6b0a7877cba4f915509a86b273c,a5235c24983a7d10e69237851ecb59e424d8b518725bf7ac9d03edc3fbee18b4,2026-08-25T17:01:19+00:00,23554876_217,laurel,"gr10497b,gr10609b,gr10672b",p=1:t=14:c=14:m=64000M,1800.0,1800.0,64000
BBM/model_203.bnet,pyboolnet/cycle-free-3.0.16,completed,13.2978,14.1267,13.0819,0.215888,94.1326,72248,327688,138276,0,0,false,false,40,83361792,,,,,,,,,,,,,,,pyboolnet-cycle-free,final-comparison-and-ablation,3.0.16,b18957d3-1af1-4ef1-9588-7e4ec8f121e6,b95930007c6d9ce7a4c660ceaac387a2e353d06eb9d4a7bb7f31e7fee5fed38f,915bedc898c4a63fff6d74c9da29c14f21d1a6b0a7877cba4f915509a86b273c,a5235c24983a7d10e69237851ecb59e424d8b518725bf7ac9d03edc3fbee18b4,2026-08-25T17:01:19+00:00,23554876_68,laurel,"gr10497b,gr10609b,gr10672b",p=1:t=14:c=14:m=64000M,1800.0,1800.0,64000
BBM/model_205.bnet,pyboolnet/cycle-free-3.0.16,timeout,1791.38,1800.22,1786.37,5.0063,99.5086,10054916,12674236,10125676,15,0,true,false,45,,,,,,,,,,,,,,,,,final-comparison-and-ablation,3.0.16,b18957d3-1af1-4ef1-9588-7e4ec8f121e6,b95930007c6d9ce7a4c660ceaac387a2e353d06eb9d4a7bb7f31e7fee5fed38f,915bedc898c4a63fff6d74c9da29c14f21d1a6b0a7877cba4f915509a86b273c,a5235c24983a7d10e69237851ecb59e424d8b518725bf7ac9d03edc3fbee18b4,2026-08-25T17:01:19+00:00,23554876_147,laurel,"gr10497b,gr10609b,gr10672b",p=1:t=14:c=14:m=64000M,1800.0,1800.0,64000
BBM/model_206.bnet,pyboolnet/cycle-free-3.0.16,completed,1287.93,1295.21,1285.18,2.75655,99.4382,2896496,3609876,2967348,0,0,false,false,41,75497472,,,,,,,,,,,,,,,pyboolnet-cycle-free,final-comparison-and-ablation,3.0.16,b18957d3-1af1-4ef1-9588-7e4ec8f121e6,b95930007c6d9ce7a4c660ceaac387a2e353d06eb9d4a7bb7f31e7fee5fed38f,915bedc898c4a63fff6d74c9da29c14f21d1a6b0a7877cba4f915509a86b273c,a5235c24983a7d10e69237851ecb59e424d8b518725bf7ac9d03edc3fbee18b4,2026-08-25T17:01:19+00:00,23554876_141,laurel,"gr10497b,gr10609b,gr10672b",p=1:t=14:c=14:m=64000M,1800.0,1800.0,64000
BBM/model_207.bnet,pyboolnet/cycle-free-3.0.16,timeout,1794.02,1800.14,1791.01,3.01169,99.6599,5398452,6535784,5469616,15,0,true,false,103,,,,,,,,,,,,,,,,,final-comparison-and-ablation,3.0.16,b18957d3-1af1-4ef1-9588-7e4ec8f121e6,b95930007c6d9ce7a4c660ceaac387a2e353d06eb9d4a7bb7f31e7fee5fed38f,915bedc898c4a63fff6d74c9da29c14f21d1a6b0a7877cba4f915509a86b273c,a5235c24983a7d10e69237851ecb59e424d8b518725bf7ac9d03edc3fbee18b4,2026-08-25T17:01:19+00:00,23554876_55,laurel,"gr10497b,gr10609b,gr10672b",p=1:t=14:c=14:m=64000M,1800.0,1800.0,64000
BBM/model_208.bnet,pyboolnet/cycle-free-3.0.16,completed,1.21774,2.3416,0.835505,0.38223,52.0044,71080,220848,71080,0,0,false,false,15,128,,,,,,,,,,,,,,,pyboolnet-cycle-free,final-comparison-and-ablation,3.0.16,b18957d3-1af1-4ef1-9588-7e4ec8f121e6,b95930007c6d9ce7a4c660ceaac387a2e353d06eb9d4a7bb7f31e7fee5fed38f,915bedc898c4a63fff6d74c9da29c14f21d1a6b0a7877cba4f915509a86b273c,a5235c24983a7d10e69237851ecb59e424d8b518725bf7ac9d03edc3fbee18b4,2026-08-25T17:01:19+00:00,23554876_100,laurel,"gr10497b,gr10609b,gr10672b",p=1:t=14:c=14:m=64000M,1800.0,1800.0,64000
BBM/model_209.bnet,pyboolnet/cycle-free-3.0.16,timeout,1791.75,1800.02,1791.36,0.388072,99.5406,317384,581964,392100,15,0,true,false,87,,,,,,,,,,,,,,,,,final-comparison-and-ablation,3.0.16,b18957d3-1af1-4ef1-9588-7e4ec8f121e6,b95930007c6d9ce7a4c660ceaac387a2e353d06eb9d4a7bb7f31e7fee5fed38f,915bedc898c4a63fff6d74c9da29c14f21d1a6b0a7877cba4f915509a86b273c,a5235c24983a7d10e69237851ecb59e424d8b518725bf7ac9d03edc3fbee18b4,2026-08-25T17:01:19+00:00,23554876_204,laurel,"gr10497b,gr10609b,gr10672b",p=1:t=14:c=14:m=64000M,1800.0,1800.0,64000
BBM/model_212.bnet,pyboolnet/cycle-free-3.0.16,completed,0.986677,2.26949,0.806771,0.179906,43.4757,70936,224956,70936,0,0,false,false,16,152,,,,,,,,,,,,,,,pyboolnet-cycle-free,final-comparison-and-ablation,3.0.16,b18957d3-1af1-4ef1-9588-7e4ec8f121e6,b95930007c6d9ce7a4c660ceaac387a2e353d06eb9d4a7bb7f31e7fee5fed38f,915bedc898c4a63fff6d74c9da29c14f21d1a6b0a7877cba4f915509a86b273c,a5235c24983a7d10e69237851ecb59e424d8b518725bf7ac9d03edc3fbee18b4,2026-08-25T17:01:19+00:00,23554876_125,laurel,"gr10497b,gr10609b,gr10672b",p=1:t=14:c=14:m=64000M,1800.0,1800.0,64000
BBM/model_213.bnet,pyboolnet/cycle-free-3.0.16,completed,30.9,31.9226,30.7011,0.198871,96.7966,71800,314368,124872,0,0,false,false,65,18014398509481984,,,,,,,,,,,,,,,pyboolnet-cycle-free,final-comparison-and-ablation,3.0.16,b18957d3-1af1-4ef1-9588-7e4ec8f121e6,b95930007c6d9ce7a4c660ceaac387a2e353d06eb9d4a7bb7f31e7fee5fed38f,915bedc898c4a63fff6d74c9da29c14f21d1a6b0a7877cba4f915509a86b273c,a5235c24983a7d10e69237851ecb59e424d8b518725bf7ac9d03edc3fbee18b4,2026-08-25T17:01:19+00:00,23554876_148,laurel,"gr10497b,gr10609b,gr10672b",p=1:t=14:c=14:m=64000M,1800.0,1800.0,64000
BBM/model_214.bnet,pyboolnet/cycle-free-3.0.16,completed,11.9039,12.6844,11.6869,0.217036,93.8468,71992,325196,135608,0,0,false,false,70,1125899906842624,,,,,,,,,,,,,,,pyboolnet-cycle-free,final-comparison-and-ablation,3.0.16,b18957d3-1af1-4ef1-9588-7e4ec8f121e6,b95930007c6d9ce7a4c660ceaac387a2e353d06eb9d4a7bb7f31e7fee5fed38f,915bedc898c4a63fff6d74c9da29c14f21d1a6b0a7877cba4f915509a86b273c,a5235c24983a7d10e69237851ecb59e424d8b518725bf7ac9d03edc3fbee18b4,2026-08-25T17:01:19+00:00,23554876_8,laurel,"gr10497b,gr10609b,gr10672b",p=1:t=14:c=14:m=64000M,1800.0,1800.0,64000
BBM/model_215.bnet,pyboolnet/cycle-free-3.0.16,completed,29.7151,30.5578,29.5457,0.16935,97.242,71900,327204,137808,0,0,false,false,67,17179869184,,,,,,,,,,,,,,,pyboolnet-cycle-free,final-comparison-and-ablation,3.0.16,b18957d3-1af1-4ef1-9588-7e4ec8f121e6,b95930007c6d9ce7a4c660ceaac387a2e353d06eb9d4a7bb7f31e7fee5fed38f,915bedc898c4a63fff6d74c9da29c14f21d1a6b0a7877cba4f915509a86b273c,a5235c24983a7d10e69237851ecb59e424d8b518725bf7ac9d03edc3fbee18b4,2026-08-25T17:01:19+00:00,23554876_66,laurel,"gr10497b,gr10609b,gr10672b",p=1:t=14:c=14:m=64000M,1800.0,1800.0,64000
BBM/model_216.bnet,pyboolnet/cycle-free-3.0.16,completed,9.12407,9.96417,8.98082,0.143255,91.5688,72052,306768,116876,0,0,false,false,69,562949953421312,,,,,,,,,,,,,,,pyboolnet-cycle-free,final-comparison-and-ablation,3.0.16,b18957d3-1af1-4ef1-9588-7e4ec8f121e6,b95930007c6d9ce7a4c660ceaac387a2e353d06eb9d4a7bb7f31e7fee5fed38f,915bedc898c4a63fff6d74c9da29c14f21d1a6b0a7877cba4f915509a86b273c,a5235c24983a7d10e69237851ecb59e424d8b518725bf7ac9d03edc3fbee18b4,2026-08-25T17:01:19+00:00,23554876_184,laurel,"gr10497b,gr10609b,gr10672b",p=1:t=14:c=14:m=64000M,1800.0,1800.0,64000
BBM/model_217.bnet,pyboolnet/cycle-free-3.0.16,completed,9.51817,10.6382,9.37975,0.138423,89.4718,72080,286308,97020,0,0,false,false,56,2097152,,,,,,,,,,,,,,,pyboolnet-cycle-free,final-comparison-and-ablation,3.0.16,b18957d3-1af1-4ef1-9588-7e4ec8f121e6,b95930007c6d9ce7a4c660ceaac387a2e353d06eb9d4a7bb7f31e7fee5fed38f,915bedc898c4a63fff6d74c9da29c14f21d1a6b0a7877cba4f915509a86b273c,a5235c24983a7d10e69237851ecb59e424d8b518725bf7ac9d03edc3fbee18b4,2026-08-25T17:01:19+00:00,23554876_137,laurel,"gr10497b,gr10609b,gr10672b",p=1:t=14:c=14:m=64000M,1800.0,1800.0,64000
BBM/model_218.bnet,pyboolnet/cycle-free-3.0.16,timeout,1790.46,1800.09,1788.85,1.60652,99.4651,2812844,3627544,2883744,15,0,true,false,68,,,,,,,,,,,,,,,,,final-comparison-and-ablation,3.0.16,b18957d3-1af1-4ef1-9588-7e4ec8f121e6,b95930007c6d9ce7a4c660ceaac387a2e353d06eb9d4a7bb7f31e7fee5fed38f,915bedc898c4a63fff6d74c9da29c14f21d1a6b0a7877cba4f915509a86b273c,a5235c24983a7d10e69237851ecb59e424d8b518725bf7ac9d03edc3fbee18b4,2026-08-25T17:01:19+00:00,23554876_129,laurel,"gr10497b,gr10609b,gr10672b",p=1:t=14:c=14:m=64000M,1800.0,1800.0,64000
BBM/model_219.bnet,pyboolnet/cycle-free-3.0.16,completed,165.205,167.881,164.895,0.309825,98.4061,116028,377320,187848,0,0,false,false,84,377957122048,,,,,,,,,,,,,,,pyboolnet-cycle-free,final-comparison-and-ablation,3.0.16,b18957d3-1af1-4ef1-9588-7e4ec8f121e6,b95930007c6d9ce7a4c660ceaac387a2e353d06eb9d4a7bb7f31e7fee5fed38f,915bedc898c4a63fff6d74c9da29c14f21d1a6b0a7877cba4f915509a86b273c,a5235c24983a7d10e69237851ecb59e424d8b518725bf7ac9d03edc3fbee18b4,2026-08-25T17:01:19+00:00,23554876_187,laurel,"gr10497b,gr10609b,gr10672b",p=1:t=14:c=14:m=64000M,1800.0,1800.0,64000
BBM/model_220.bnet,pyboolnet/cycle-free-3.0.16,timeout,1791.12,1800.13,1786.07,5.05127,99.4993,5103748,6538832,5174892,15,0,true,false,342,,,,,,,,,,,,,,,,,final-comparison-and-ablation,3.0.16,b18957d3-1af1-4ef1-9588-7e4ec8f121e6,b95930007c6d9ce7a4c660ceaac387a2e353d06eb9d4a7bb7f31e7fee5fed38f,915bedc898c4a63fff6d74c9da29c14f21d1a6b0a7877cba4f915509a86b273c,a5235c24983a7d10e69237851ecb59e424d8b518725bf7ac9d03edc3fbee18b4,2026-08-25T17:01:19+00:00,23554876_90,laurel,"gr10497b,gr10609b,gr10672b",p=1:t=14:c=14:m=64000M,1800.0,1800.0,64000
BBM/model_221.bnet,pyboolnet/cycle-free-3.0.16,timeout,1790.66,1800.01,1790.42,0.243483,99.4807,169532,434884,246180,15,0,true,false,317,,,,,,,,,,,,,,,,,final-comparison-and-ablation,3.0.16,b18957d3-1af1-4ef1-9588-7e4ec8f121e6,b95930007c6d9ce7a4c660ceaac387a2e353d06eb9d4a7bb7f31e7fee5fed38f,915bedc898c4a63fff6d74c9da29c14f21d1a6b0a7877cba4f915509a86b273c,a5235c24983a7d10e69237851ecb59e424d8b518725bf7ac9d03edc3fbee18b4,2026-08-25T17:01:19+00:00,23554876_40,laurel,"gr10497b,gr10609b,gr10672b",p=1:t=14:c=14:m=64000M,1800.0,1800.0,64000
BBM/model_222.bnet,pyboolnet/cycle-free-3.0.16,timeout,1790.8,1800.02,1789.31,1.48716,99.4876,1312600,1849372,1383376,15,0,true,false,206,,,,,,,,,,,,,,,,,final-comparison-and-ablation,3.0.16,b18957d3-1af1-4ef1-9588-7e4ec8f121e6,b95930007c6d9ce7a4c660ceaac387a2e353d06eb9d4a7bb7f31e7fee5fed38f,915bedc898c4a63fff6d74c9da29c14f21d1a6b0a7877cba4f915509a86b273c,a5235c24983a7d10e69237851ecb59e424d8b518725bf7ac9d03edc3fbee18b4,2026-08-25T17:01:19+00:00,23554876_121,laurel,"gr10497b,gr10609b,gr10672b",p=1:t=14:c=14:m=64000M,1800.0,1800.0,64000
BBM/model_223.bnet,pyboolnet/cycle-free-3.0.16,timeout,1789.42,1800.02,1788.97,0.453985,99.4113,340308,602796,413652,15,0,true,false,141,,,,,,,,,,,,,,,,,final-comparison-and-ablation,3.0.16,b18957d3-1af1-4ef1-9588-7e4ec8f121e6,b95930007c6d9ce7a4c660ceaac387a2e353d06eb9d4a7bb7f31e7fee5fed38f,915bedc898c4a63fff6d74c9da29c14f21d1a6b0a7877cba4f915509a86b273c,a5235c24983a7d10e69237851ecb59e424d8b518725bf7ac9d03edc3fbee18b4,2026-08-25T17:01:19+00:00,23554876_3,laurel,"gr10497b,gr10609b,gr10672b",p=1:t=14:c=14:m=64000M,1800.0,1800.0,64000
BBM/model_224.bnet,pyboolnet/cycle-free-3.0.16,timeout,1793.1,1800.01,1792.1,1.00428,99.6162,405764,667792,480360,15,0,true,false,95,,,,,,,,,,,,,,,,,final-comparison-and-ablation,3.0.16,b18957d3-1af1-4ef1-9588-7e4ec8f121e6,b95930007c6d9ce7a4c660ceaac387a2e353d06eb9d4a7bb7f31e7fee5fed38f,915bedc898c4a63fff6d74c9da29c14f21d1a6b0a7877cba4f915509a86b273c,a5235c24983a7d10e69237851ecb59e424d8b518725bf7ac9d03edc3fbee18b4,2026-08-25T17:01:19+00:00,23554876_182,laurel,"gr10497b,gr10609b,gr10672b",p=1:t=14:c=14:m=64000M,1800.0,1800.0,64000
BBM/model_225.bnet,pyboolnet/cycle-free-3.0.16,timeout,1789.01,1800.05,1788.07,0.94286,99.3866,1478184,1998072,1548984,15,0,true,false,91,,,,,,,,,,,,,,,,,final-comparison-and-ablation,3.0.16,b18957d3-1af1-4ef1-9588-7e4ec8f121e6,b95930007c6d9ce7a4c660ceaac387a2e353d06eb9d4a7bb7f31e7fee5fed38f,915bedc898c4a63fff6d74c9da29c14f21d1a6b0a7877cba4f915509a86b273c,a5235c24983a7d10e69237851ecb59e424d8b518725bf7ac9d03edc3fbee18b4,2026-08-25T17:01:19+00:00,23554876_50,laurel,"gr10497b,gr10609b,gr10672b",p=1:t=14:c=14:m=64000M,1800.0,1800.0,64000
BBM/model_226.bnet,pyboolnet/cycle-free-3.0.16,timeout,1792.06,1800.02,1791.52,0.534526,99.5573,448692,710388,520764,15,0,true,false,75,,,,,,,,,,,,,,,,,final-comparison-and-ablation,3.0.16,b18957d3-1af1-4ef1-9588-7e4ec8f121e6,b95930007c6d9ce7a4c660ceaac387a2e353d06eb9d4a7bb7f31e7fee5fed38f,915bedc898c4a63fff6d74c9da29c14f21d1a6b0a7877cba4f915509a86b273c,a5235c24983a7d10e69237851ecb59e424d8b518725bf7ac9d03edc3fbee18b4,2026-08-25T17:01:19+00:00,23554876_118,laurel,"gr10497b,gr10609b,gr10672b",p=1:t=14:c=14:m=64000M,1800.0,1800.0,64000
BBM/model_227.bnet,pyboolnet/cycle-free-3.0.16,timeout,1791.96,1800.01,1791.69,0.269541,99.5526,257216,520728,315860,15,0,true,false,65,,,,,,,,,,,,,,,,,final-comparison-and-ablation,3.0.16,b18957d3-1af1-4ef1-9588-7e4ec8f121e6,b95930007c6d9ce7a4c660ceaac387a2e353d06eb9d4a7bb7f31e7fee5fed38f,915bedc898c4a63fff6d74c9da29c14f21d1a6b0a7877cba4f915509a86b273c,a5235c24983a7d10e69237851ecb59e424d8b518725bf7ac9d03edc3fbee18b4,2026-08-25T17:01:19+00:00,23554876_103,laurel,"gr10497b,gr10609b,gr10672b",p=1:t=14:c=14:m=64000M,1800.0,1800.0,64000
BBM/model_228.bnet,pyboolnet/cycle-free-3.0.16,timeout,1790.57,1800.01,1790.15,0.420033,99.4756,199488,460804,271272,15,0,true,false,56,,,,,,,,,,,,,,,,,final-comparison-and-ablation,3.0.16,b18957d3-1af1-4ef1-9588-7e4ec8f121e6,b95930007c6d9ce7a4c660ceaac387a2e353d06eb9d4a7bb7f31e7fee5fed38f,915bedc898c4a63fff6d74c9da29c14f21d1a6b0a7877cba4f915509a86b273c,a5235c24983a7d10e69237851ecb59e424d8b518725bf7ac9d03edc3fbee18b4,2026-08-25T17:01:19+00:00,23554876_120,laurel,"gr10497b,gr10609b,gr10672b",p=1:t=14:c=14:m=64000M,1800.0,1800.0,64000
BBM/model_230.bnet,pyboolnet/cycle-free-3.0.16,timeout,1789.9,1800.01,1787.58,2.31569,99.4382,120772,381924,192132,15,0,true,false,55,,,,,,,,,,,,,,,,,final-comparison-and-ablation,3.0.16,b18957d3-1af1-4ef1-9588-7e4ec8f121e6,b95930007c6d9ce7a4c660ceaac387a2e353d06eb9d4a7bb7f31e7fee5fed38f,915bedc898c4a63fff6d74c9da29c14f21d1a6b0a7877cba4f915509a86b273c,a5235c24983a7d10e69237851ecb59e424d8b518725bf7ac9d03edc3fbee18b4,2026-08-25T17:01:19+00:00,23554876_167,laurel,"gr10497b,gr10609b,gr10672b",p=1:t=14:c=14:m=64000M,1800.0,1800.0,64000
BBM/model_001.bnet,cyber/forward-baseline,oom,1130.82,1134.9,,,,65319572,,,,,false,true,321,,,,,,,,,,,,,,,,cyber-forward-baseline,final-comparison-and-ablation,0f8d662,ab16a8cf-7b73-4a8d-9bf5-4436049f7552,0d624a202f6e2ea15cd4ff4fca03a26924e7bf5685c404a0cc892c08223dd699,915bedc898c4a63fff6d74c9da29c14f21d1a6b0a7877cba4f915509a86b273c,28e3f0e88742b79f23e207717e804594dc9075191db40cb3df24f97fe388f7bf,2026-09-20T11:56:43+00:00,24474030_146,laurel,"gr10497b,gr10609b,gr10672b",p=1:t=14:c=14:m=64000M,1800.0,1800.0,64000
BBM/model_002.bnet,cyber/forward-baseline,timeout,1792.2,1800.23,,,,49343272,,,,,true,false,139,,,,,,,,,,,,,,,,,final-comparison-and-ablation,0f8d662,ab16a8cf-7b73-4a8d-9bf5-4436049f7552,0d624a202f6e2ea15cd4ff4fca03a26924e7bf5685c404a0cc892c08223dd699,915bedc898c4a63fff6d74c9da29c14f21d1a6b0a7877cba4f915509a86b273c,28e3f0e88742b79f23e207717e804594dc9075191db40cb3df24f97fe388f7bf,2026-09-20T11:56:43+00:00,24474030_155,laurel,"gr10497b,gr10609b,gr10672b",p=1:t=14:c=14:m=64000M,1800.0,1800.0,64000
BBM/model_003.bnet,cyber/forward-baseline,completed,1.03571,1.16353,,,,12660,,,,,false,false,20,337920,56,28,6715,,20,0,20,0,,,,,,lexical,cyber-forward-baseline,final-comparison-and-ablation,0f8d662,ab16a8cf-7b73-4a8d-9bf5-4436049f7552,0d624a202f6e2ea15cd4ff4fca03a26924e7bf5685c404a0cc892c08223dd699,915bedc898c4a63fff6d74c9da29c14f21d1a6b0a7877cba4f915509a86b273c,28e3f0e88742b79f23e207717e804594dc9075191db40cb3df24f97fe388f7bf,2026-09-20T11:56:43+00:00,24474030_193,laurel,"gr10497b,gr10609b,gr10672b",p=1:t=14:c=14:m=64000M,1800.0,1800.0,64000
BBM/model_004.bnet,cyber/forward-baseline,timeout,1793.35,1800.38,,,,51175408,,,,,true,false,247,,,,,,,,,,,,,,,,,final-comparison-and-ablation,0f8d662,ab16a8cf-7b73-4a8d-9bf5-4436049f7552,0d624a202f6e2ea15cd4ff4fca03a26924e7bf5685c404a0cc892c08223dd699,915bedc898c4a63fff6d74c9da29c14f21d1a6b0a7877cba4f915509a86b273c,28e3f0e88742b79f23e207717e804594dc9075191db40cb3df24f97fe388f7bf,2026-09-20T11:56:43+00:00,24474030_207,laurel,"gr10497b,gr10609b,gr10672b",p=1:t=14:c=14:m=64000M,1800.0,1800.0,64000
BBM/model_006.bnet,cyber/forward-baseline,timeout,1793.37,1800.01,,,,1796116,,,,,true,false,68,,,,,,,,,,,,,,,,,final-comparison-and-ablation,0f8d662,ab16a8cf-7b73-4a8d-9bf5-4436049f7552,0d624a202f6e2ea15cd4ff4fca03a26924e7bf5685c404a0cc892c08223dd699,915bedc898c4a63fff6d74c9da29c14f21d1a6b0a7877cba4f915509a86b273c,28e3f0e88742b79f23e207717e804594dc9075191db40cb3df24f97fe388f7bf,2026-09-20T11:56:43+00:00,24474030_62,laurel,"gr10497b,gr10609b,gr10672b",p=1:t=14:c=14:m=64000M,1800.0,1800.0,64000
BBM/model_007.bnet,cyber/forward-baseline,completed,0.055307,0.166781,,,,12628,,,,,false,false,5,16,9,3,19,,5,0,5,0,,,,,,lexical,cyber-forward-baseline,final-comparison-and-ablation,0f8d662,ab16a8cf-7b73-4a8d-9bf5-4436049f7552,0d624a202f6e2ea15cd4ff4fca03a26924e7bf5685c404a0cc892c08223dd699,915bedc898c4a63fff6d74c9da29c14f21d1a6b0a7877cba4f915509a86b273c,28e3f0e88742b79f23e207717e804594dc9075191db40cb3df24f97fe388f7bf,2026-09-20T11:56:43+00:00,24474030_84,laurel,"gr10497b,gr10609b,gr10672b",p=1:t=14:c=14:m=64000M,1800.0,1800.0,64000
BBM/model_008.bnet,cyber/forward-baseline,completed,0.585706,0.70132,,,,12656,,,,,false,false,28,41824,47,67,2936,,28,0,28,0,,,,,,lexical,cyber-forward-baseline,final-comparison-and-ablation,0f8d662,ab16a8cf-7b73-4a8d-9bf5-4436049f7552,0d624a202f6e2ea15cd4ff4fca03a26924e7bf5685c404a0cc892c08223dd699,915bedc898c4a63fff6d74c9da29c14f21d1a6b0a7877cba4f915509a86b273c,28e3f0e88742b79f23e207717e804594dc9075191db40cb3df24f97fe388f7bf,2026-09-20T11:56:43+00:00,24474030_188,laurel,"gr10497b,gr10609b,gr10672b",p=1:t=14:c=14:m=64000M,1800.0,1800.0,64000
BBM/model_009.bnet,cyber/forward-baseline,timeout,1792.42,1800.01,,,,1415148,,,,,true,false,73,,,,,,,,,,,,,,,,,final-comparison-and-ablation,0f8d662,ab16a8cf-7b73-4a8d-9bf5-4436049f7552,0d624a202f6e2ea15cd4ff4fca03a26924e7bf5685c404a0cc892c08223dd699,915bedc898c4a63fff6d74c9da29c14f21d1a6b0a7877cba4f915509a86b273c,28e3f0e88742b79f23e207717e804594dc9075191db40cb3df24f97fe388f7bf,2026-09-20T11:56:43+00:00,24474030_205,laurel,"gr10497b,gr10609b,gr10672b",p=1:t=14:c=14:m=64000M,1800.0,1800.0,64000
BBM/model_010.bnet,cyber/forward-baseline,completed,0.067388,0.178022,,,,12632,,,,,false,false,15,368,17,20,185,,15,0,15,0,,,,,,lexical,cyber-forward-baseline,final-comparison-and-ablation,0f8d662,ab16a8cf-7b73-4a8d-9bf5-4436049f7552,0d624a202f6e2ea15cd4ff4fca03a26924e7bf5685c404a0cc892c08223dd699,915bedc898c4a63fff6d74c9da29c14f21d1a6b0a7877cba4f915509a86b273c,28e3f0e88742b79f23e207717e804594dc9075191db40cb3df24f97fe388f7bf,2026-09-20T11:56:43+00:00,24474030_86,laurel,"gr10497b,gr10609b,gr10672b",p=1:t=14:c=14:m=64000M,1800.0,1800.0,64000
BBM/model_011.bnet,cyber/forward-baseline,completed,9.8636,10.0197,,,,12756,,,,,false,false,44,72482816,49,218,23354,,44,0,44,0,,,,,,lexical,cyber-forward-baseline,final-comparison-and-ablation,0f8d662,ab16a8cf-7b73-4a8d-9bf5-4436049f7552,0d624a202f6e2ea15cd4ff4fca03a26924e7bf5685c404a0cc892c08223dd699,915bedc898c4a63fff6d74c9da29c14f21d1a6b0a7877cba4f915509a86b273c,28e3f0e88742b79f23e207717e804594dc9075191db40cb3df24f97fe388f7bf,2026-09-20T11:56:43+00:00,24474030_183,laurel,"gr10497b,gr10609b,gr10672b",p=1:t=14:c=14:m=64000M,1800.0,1800.0,64000
BBM/model_012.bnet,cyber/forward-baseline,timeout,1790.51,1800.02,,,,1809548,,,,,true,false,101,,,,,,,,,,,,,,,,,final-comparison-and-ablation,0f8d662,ab16a8cf-7b73-4a8d-9bf5-4436049f7552,0d624a202f6e2ea15cd4ff4fca03a26924e7bf5685c404a0cc892c08223dd699,915bedc898c4a63fff6d74c9da29c14f21d1a6b0a7877cba4f915509a86b273c,28e3f0e88742b79f23e207717e804594dc9075191db40cb3df24f97fe388f7bf,2026-09-20T11:56:43+00:00,24474030_6,laurel,"gr10497b,gr10609b,gr10672b",p=1:t=14:c=14:m=64000M,1800.0,1800.0,64000
BBM/model_013.bnet,cyber/forward-baseline,completed,3.1995,3.31976,,,,12588,,,,,false,false,34,524288,106,17,4449,,34,0,34,0,,,,,,lexical,cyber-forward-baseline,final-comparison-and-ablation,0f8d662,ab16a8cf-7b73-4a8d-9bf5-4436049f7552,0d624a202f6e2ea15cd4ff4fca03a26924e7bf5685c404a0cc892c08223dd699,915bedc898c4a63fff6d74c9da29c14f21d1a6b0a7877cba4f915509a86b273c,28e3f0e88742b79f23e207717e804594dc9075191db40cb3df24f97fe388f7bf,2026-09-20T11:56:43+00:00,24474030_181,laurel,"gr10497b,gr10609b,gr10672b",p=1:t=14:c=14:m=64000M,1800.0,1800.0,64000
BBM/model_014.bnet,cyber/forward-baseline,completed,6.86238,7.00771,,,,18052,,,,,false,false,61,98205696,32,251,15509,,61,0,61,0,,,,,,lexical,cyber-forward-baseline,final-comparison-and-ablation,0f8d662,ab16a8cf-7b73-4a8d-9bf5-4436049f7552,0d624a202f6e2ea15cd4ff4fca03a26924e7bf5685c404a0cc892c08223dd699,915bedc898c4a63fff6d74c9da29c14f21d1a6b0a7877cba4f915509a86b273c,28e3f0e88742b79f23e207717e804594dc9075191db40cb3df24f97fe388f7bf,2026-09-20T11:56:43+00:00,24474030_88,laurel,"gr10497b,gr10609b,gr10672b",p=1:t=14:c=14:m=64000M,1800.0,1800.0,64000
BBM/model_015.bnet,cyber/forward-baseline,completed,0.246433,0.360003,,,,12628,,,,,false,false,16,16384,60,4,1368,,16,0,16,0,,,,,,lexical,cyber-forward-baseline,final-comparison-and-ablation,0f8d662,ab16a8cf-7b73-4a8d-9bf5-4436049f7552,0d624a202f6e2ea15cd4ff4fca03a26924e7bf5685c404a0cc892c08223dd699,915bedc898c4a63fff6d74c9da29c14f21d1a6b0a7877cba4f915509a86b273c,28e3f0e88742b79f23e207717e804594dc9075191db40cb3df24f97fe388f7bf,2026-09-20T11:56:43+00:00,24474030_53,laurel,"gr10497b,gr10609b,gr10672b",p=1:t=14:c=14:m=64000M,1800.0,1800.0,64000
BBM/model_016.bnet,cyber/forward-baseline,timeout,1792.47,1800.01,,,,1847892,,,,,true,false,118,,,,,,,,,,,,,,,,,final-comparison-and-ablation,0f8d662,ab16a8cf-7b73-4a8d-9bf5-4436049f7552,0d624a202f6e2ea15cd4ff4fca03a26924e7bf5685c404a0cc892c08223dd699,915bedc898c4a63fff6d74c9da29c14f21d1a6b0a7877cba4f915509a86b273c,28e3f0e88742b79f23e207717e804594dc9075191db40cb3df24f97fe388f7bf,2026-09-20T11:56:43+00:00,24474030_35,laurel,"gr10497b,gr10609b,gr10672b",p=1:t=14:c=14:m=64000M,1800.0,1800.0,64000
BBM/model_017.bnet,cyber/forward-baseline,completed,1.06024,1.17763,,,,12660,,,,,false,false,50,4096,22,40,723,,50,0,50,0,,,,,,lexical,cyber-forward-baseline,final-comparison-and-ablation,0f8d662,ab16a8cf-7b73-4a8d-9bf5-4436049f7552,0d624a202f6e2ea15cd4ff4fca03a26924e7bf5685c404a0cc892c08223dd699,915bedc898c4a63fff6d74c9da29c14f21d1a6b0a7877cba4f915509a86b273c,28e3f0e88742b79f23e207717e804594dc9075191db40cb3df24f97fe388f7bf,2026-09-20T11:56:43+00:00,24474030_60,laurel,"gr10497b,gr10609b,gr10672b",p=1:t=14:c=14:m=64000M,1800.0,1800.0,64000
BBM/model_018.bnet,cyber/forward-baseline,timeout,1792.45,1800.01,,,,1823292,,,,,true,false,104,,,,,,,,,,,,,,,,,final-comparison-and-ablation,0f8d662,ab16a8cf-7b73-4a8d-9bf5-4436049f7552,0d624a202f6e2ea15cd4ff4fca03a26924e7bf5685c404a0cc892c08223dd699,915bedc898c4a63fff6d74c9da29c14f21d1a6b0a7877cba4f915509a86b273c,28e3f0e88742b79f23e207717e804594dc9075191db40cb3df24f97fe388f7bf,2026-09-20T11:56:43+00:00,24474030_39,laurel,"gr10497b,gr10609b,gr10672b",p=1:t=14:c=14:m=64000M,1800.0,1800.0,64000
BBM/model_019.bnet,cyber/forward-baseline,timeout,1793.24,1800.01,,,,1773508,,,,,true,false,86,,,,,,,,,,,,,,,,,final-comparison-and-ablation,0f8d662,ab16a8cf-7b73-4a8d-9bf5-4436049f7552,0d624a202f6e2ea15cd4ff4fca03a26924e7bf5685c404a0cc892c08223dd699,915bedc898c4a63fff6d74c9da29c14f21d1a6b0a7877cba4f915509a86b273c,28e3f0e88742b79f23e207717e804594dc9075191db40cb3df24f97fe388f7bf,2026-09-20T11:56:43+00:00,24474030_140,laurel,"gr10497b,gr10609b,gr10672b",p=1:t=14:c=14:m=64000M,1800.0,1800.0,64000
BBM/model_021.bnet,cyber/forward-baseline,completed,0.242004,0.353584,,,,12664,,,,,false,false,17,16384,57,5,1292,,17,0,17,0,,,,,,lexical,cyber-forward-baseline,final-comparison-and-ablation,0f8d662,ab16a8cf-7b73-4a8d-9bf5-4436049f7552,0d624a202f6e2ea15cd4ff4fca03a26924e7bf5685c404a0cc892c08223dd699,915bedc898c4a63fff6d74c9da29c14f21d1a6b0a7877cba4f915509a86b273c,28e3f0e88742b79f23e207717e804594dc9075191db40cb3df24f97fe388f7bf,2026-09-20T11:56:43+00:00,24474030_152,laurel,"gr10497b,gr10609b,gr10672b",p=1:t=14:c=14:m=64000M,1800.0,1800.0,64000
BBM/model_022.bnet,cyber/forward-baseline,completed,0.833354,0.947209,,,,12552,,,,,false,false,22,131072,51,7,6659,,22,0,22,0,,,,,,lexical,cyber-forward-baseline,final-comparison-and-ablation,0f8d662,ab16a8cf-7b73-4a8d-9bf5-4436049f7552,0d624a202f6e2ea15cd4ff4fca03a26924e7bf5685c404a0cc892c08223dd699,915bedc898c4a63fff6d74c9da29c14f21d1a6b0a7877cba4f915509a86b273c,28e3f0e88742b79f23e207717e804594dc9075191db40cb3df24f97fe388f7bf,2026-09-20T11:56:43+00:00,24474030_161,laurel,"gr10497b,gr10609b,gr10672b",p=1:t=14:c=14:m=64000M,1800.0,1800.0,64000
BBM/model_023.bnet,cyber/forward-baseline,completed,0.056131,0.166814,,,,12624,,,,,false,false,10,32,5,13,63,,10,0,10,0,,,,,,lexical,cyber-forward-baseline,final-comparison-and-ablation,0f8d662,ab16a8cf-7b73-4a8d-9bf5-4436049f7552,0d624a202f6e2ea15cd4ff4fca03a26924e7bf5685c404a0cc892c08223dd699,915bedc898c4a63fff6d74c9da29c14f21d1a6b0a7877cba4f915509a86b273c,28e3f0e88742b79f23e207717e804594dc9075191db40cb3df24f97fe388f7bf,2026-09-20T11:56:43+00:00,24474030_209,laurel,"gr10497b,gr10609b,gr10672b",p=1:t=14:c=14:m=64000M,1800.0,1800.0,64000
BBM/model_024.bnet,cyber/forward-baseline,completed,0.174635,0.287194,,,,12620,,,,,false,false,20,5056,36,35,1170,,20,0,20,0,,,,,,lexical,cyber-forward-baseline,final-comparison-and-ablation,0f8d662,ab16a8cf-7b73-4a8d-9bf5-4436049f7552,0d624a202f6e2ea15cd4ff4fca03a26924e7bf5685c404a0cc892c08223dd699,915bedc898c4a63fff6d74c9da29c14f21d1a6b0a7877cba4f915509a86b273c,28e3f0e88742b79f23e207717e804594dc9075191db40cb3df24f97fe388f7bf,2026-09-20T11:56:43+00:00,24474030_81,laurel,"gr10497b,gr10609b,gr10672b",p=1:t=14:c=14:m=64000M,1800.0,1800.0,64000
BBM/model_025.bnet,cyber/forward-baseline,completed,3.89959,4.03334,,,,12656,,,,,false,false,60,90243072,32,132,6813,,60,0,60,0,,,,,,lexical,cyber-forward-baseline,final-comparison-and-ablation,0f8d662,ab16a8cf-7b73-4a8d-9bf5-4436049f7552,0d624a202f6e2ea15cd4ff4fca03a26924e7bf5685c404a0cc892c08223dd699,915bedc898c4a63fff6d74c9da29c14f21d1a6b0a7877cba4f915509a86b273c,28e3f0e88742b79f23e207717e804594dc9075191db40cb3df24f97fe388f7bf,2026-09-20T11:56:43+00:00,24474030_104,laurel,"gr10497b,gr10609b,gr10672b",p=1:t=14:c=14:m=64000M,1800.0,1800.0,64000
BBM/model_027.bnet,cyber/forward-baseline,completed,0.086844,0.19853,,,,12624,,,,,false,false,26,2048,20,17,324,,26,0,26,0,,,,,,lexical,cyber-forward-baseline,final-comparison-and-ablation,0f8d662,ab16a8cf-7b73-4a8d-9bf5-4436049f7552,0d624a202f6e2ea15cd4ff4fca03a26924e7bf5685c404a0cc892c08223dd699,915bedc898c4a63fff6d74c9da29c14f21d1a6b0a7877cba4f915509a86b273c,28e3f0e88742b79f23e207717e804594dc9075191db40cb3df24f97fe388f7bf,2026-09-20T11:56:43+00:00,24474030_163,laurel,"gr10497b,gr10609b,gr10672b",p=1:t=14:c=14:m=64000M,1800.0,1800.0,64000
BBM/model_028.bnet,cyber/forward-baseline,completed,0.133987,0.257266,,,,12628,,,,,false,false,18,1024,30,10,293,,18,0,18,0,,,,,,lexical,cyber-forward-baseline,final-comparison-and-ablation,0f8d662,ab16a8cf-7b73-4a8d-9bf5-4436049f7552,0d624a202f6e2ea15cd4ff4fca03a26924e7bf5685c404a0cc892c08223dd699,915bedc898c4a63fff6d74c9da29c14f21d1a6b0a7877cba4f915509a86b273c,28e3f0e88742b79f23e207717e804594dc9075191db40cb3df24f97fe388f7bf,2026-09-20T11:56:43+00:00,24474030_197,laurel,"gr10497b,gr10609b,gr10672b",p=1:t=14:c=14:m=64000M,1800.0,1800.0,64000
BBM/model_029.bnet,cyber/forward-baseline,completed,0.063225,0.17384,,,,12628,,,,,false,false,11,512,24,4,170,,11,0,11,0,,,,,,lexical,cyber-forward-baseline,final-comparison-and-ablation,0f8d662,ab16a8cf-7b73-4a8d-9bf5-4436049f7552,0d624a202f6e2ea15cd4ff4fca03a26924e7bf5685c404a0cc892c08223dd699,915bedc898c4a63fff6d74c9da29c14f21d1a6b0a7877cba4f915509a86b273c,28e3f0e88742b79f23e207717e804594dc9075191db40cb3df24f97fe388f7bf,2026-09-20T11:56:43+00:00,24474030_71,laurel,"gr10497b,gr10609b,gr10672b",p=1:t=14:c=14:m=64000M,1800.0,1800.0,64000
BBM/model_030.bnet,cyber/forward-baseline,completed,0.423451,0.535026,,,,12652,,,,,false,false,24,262144,60,8,2059,,24,0,24,0,,,,,,lexical,cyber-forward-baseline,final-comparison-and-ablation,0f8d662,ab16a8cf-7b73-4a8d-9bf5-4436049f7552,0d624a202f6e2ea15cd4ff4fca03a26924e7bf5685c404a0cc892c08223dd699,915bedc898c4a63fff6d74c9da29c14f21d1a6b0a7877cba4f915509a86b273c,28e3f0e88742b79f23e207717e804594dc9075191db40cb3df24f97fe388f7bf,2026-09-20T11:56:43+00:00,24474030_85,laurel,"gr10497b,gr10609b,gr10672b",p=1:t=14:c=14:m=64000M,1800.0,1800.0,64000
BBM/model_031.bnet,cyber/forward-baseline,completed,0.087508,0.209465,,,,12656,,,,,false,false,9,60,7,24,80,,9,0,9,0,,,,,,lexical,cyber-forward-baseline,final-comparison-and-ablation,0f8d662,ab16a8cf-7b73-4a8d-9bf5-4436049f7552,0d624a202f6e2ea15cd4ff4fca03a26924e7bf5685c404a0cc892c08223dd699,915bedc898c4a63fff6d74c9da29c14f21d1a6b0a7877cba4f915509a86b273c,28e3f0e88742b79f23e207717e804594dc9075191db40cb3df24f97fe388f7bf,2026-09-20T11:56:43+00:00,24474030_95,laurel,"gr10497b,gr10609b,gr10672b",p=1:t=14:c=14:m=64000M,1800.0,1800.0,64000
BBM/model_032.bnet,cyber/forward-baseline,timeout,1793.27,1800.01,,,,793088,,,,,true,false,40,,,,,,,,,,,,,,,,cyber-forward-baseline,final-comparison-and-ablation,0f8d662,ab16a8cf-7b73-4a8d-9bf5-4436049f7552,0d624a202f6e2ea15cd4ff4fca03a26924e7bf5685c404a0cc892c08223dd699,915bedc898c4a63fff6d74c9da29c14f21d1a6b0a7877cba4f915509a86b273c,28e3f0e88742b79f23e207717e804594dc9075191db40cb3df24f97fe388f7bf,2026-09-20T11:56:43+00:00,24474030_158,laurel,"gr10497b,gr10609b,gr10672b",p=1:t=14:c=14:m=64000M,1800.0,1800.0,64000
BBM/model_033.bnet,cyber/forward-baseline,completed,0.056054,0.168759,,,,12628,,,,,false,false,24,1,1,26,52,,24,0,24,0,,,,,,lexical,cyber-forward-baseline,final-comparison-and-ablation,0f8d662,ab16a8cf-7b73-4a8d-9bf5-4436049f7552,0d624a202f6e2ea15cd4ff4fca03a26924e7bf5685c404a0cc892c08223dd699,915bedc898c4a63fff6d74c9da29c14f21d1a6b0a7877cba4f915509a86b273c,28e3f0e88742b79f23e207717e804594dc9075191db40cb3df24f97fe388f7bf,2026-09-20T11:56:43+00:00,24474030_216,laurel,"gr10497b,gr10609b,gr10672b",p=1:t=14:c=14:m=64000M,1800.0,1800.0,64000
BBM/model_034.bnet,cyber/forward-baseline,completed,0.059353,0.173343,,,,12552,,,,,false,false,23,1,1,25,50,,23,0,23,0,,,,,,lexical,cyber-forward-baseline,final-comparison-and-ablation,0f8d662,ab16a8cf-7b73-4a8d-9bf5-4436049f7552,0d624a202f6e2ea15cd4ff4fca03a26924e7bf5685c404a0cc892c08223dd699,915bedc898c4a63fff6d74c9da29c14f21d1a6b0a7877cba4f915509a86b273c,28e3f0e88742b79f23e207717e804594dc9075191db40cb3df24f97fe388f7bf,2026-09-20T11:56:43+00:00,24474030_27,laurel,"gr10497b,gr10609b,gr10672b",p=1:t=14:c=14:m=64000M,1800.0,1800.0,64000
BBM/model_035.bnet,cyber/forward-baseline,completed,0.056134,0.167781,,,,12628,,,,,false,false,16,1,1,18,36,,16,0,16,0,,,,,,lexical,cyber-forward-baseline,final-comparison-and-ablation,0f8d662,ab16a8cf-7b73-4a8d-9bf5-4436049f7552,0d624a202f6e2ea15cd4ff4fca03a26924e7bf5685c404a0cc892c08223dd699,915bedc898c4a63fff6d74c9da29c14f21d1a6b0a7877cba4f915509a86b273c,28e3f0e88742b79f23e207717e804594dc9075191db40cb3df24f97fe388f7bf,2026-09-20T11:56:43+00:00,24474030_171,laurel,"gr10497b,gr10609b,gr10672b",p=1:t=14:c=14:m=64000M,1800.0,1800.0,64000
BBM/model_036.bnet,cyber/forward-baseline,completed,0.18485,0.304101,,,,12572,,,,,false,false,16,1,1,18,36,,16,0,16,0,,,,,,lexical,cyber-forward-baseline,final-comparison-and-ablation,0f8d662,ab16a8cf-7b73-4a8d-9bf5-4436049f7552,0d624a202f6e2ea15cd4ff4fca03a26924e7bf5685c404a0cc892c08223dd699,915bedc898c4a63fff6d74c9da29c14f21d1a6b0a7877cba4f915509a86b273c,28e3f0e88742b79f23e207717e804594dc9075191db40cb3df24f97fe388f7bf,2026-09-20T11:56:43+00:00,24474030_94,laurel,"gr10497b,gr10609b,gr10672b",p=1:t=14:c=14:m=64000M,1800.0,1800.0,64000
BBM/model_037.bnet,cyber/forward-baseline,completed,0.059186,0.17008,,,,12636,,,,,false,false,16,1024,11,8,99,,16,0,16,0,,,,,,lexical,cyber-forward-baseline,final-comparison-and-ablation,0f8d662,ab16a8cf-7b73-4a8d-9bf5-4436049f7552,0d624a202f6e2ea15cd4ff4fca03a26924e7bf5685c404a0cc892c08223dd699,915bedc898c4a63fff6d74c9da29c14f21d1a6b0a7877cba4f915509a86b273c,28e3f0e88742b79f23e207717e804594dc9075191db40cb3df24f97fe388f7bf,2026-09-20T11:56:43+00:00,24474030_119,laurel,"gr10497b,gr10609b,gr10672b",p=1:t=14:c=14:m=64000M,1800.0,1800.0,64000
BBM/model_038.bnet,cyber/forward-baseline,completed,0.056486,0.16833,,,,12580,,,,,false,false,25,1,1,27,54,,25,0,25,0,,,,,,lexical,cyber-forward-baseline,final-comparison-and-ablation,0f8d662,ab16a8cf-7b73-4a8d-9bf5-4436049f7552,0d624a202f6e2ea15cd4ff4fca03a26924e7bf5685c404a0cc892c08223dd699,915bedc898c4a63fff6d74c9da29c14f21d1a6b0a7877cba4f915509a86b273c,28e3f0e88742b79f23e207717e804594dc9075191db40cb3df24f97fe388f7bf,2026-09-20T11:56:43+00:00,24474030_106,laurel,"gr10497b,gr10609b,gr10672b",p=1:t=14:c=14:m=64000M,1800.0,1800.0,64000
BBM/model_039.bnet,cyber/forward-baseline,timeout,1792.57,1800.03,,,,18930176,,,,,true,false,136,,,,,,,,,,,,,,,,,final-comparison-and-ablation,0f8d662,ab16a8cf-7b73-4a8d-9bf5-4436049f7552,0d624a202f6e2ea15cd4ff4fca03a26924e7bf5685c404a0cc892c08223dd699,915bedc898c4a63fff6d74c9da29c14f21d1a6b0a7877cba4f915509a86b273c,28e3f0e88742b79f23e207717e804594dc9075191db40cb3df24f97fe388f7bf,2026-09-20T11:56:43+00:00,24474030_19,laurel,"gr10497b,gr10609b,gr10672b",p=1:t=14:c=14:m=64000M,1800.0,1800.0,64000
BBM/model_040.bnet,cyber/forward-baseline,completed,0.833447,0.947149,,,,12620,,,,,false,false,23,67584,67,16,3410,,23,0,23,0,,,,,,lexical,cyber-forward-baseline,final-comparison-and-ablation,0f8d662,ab16a8cf-7b73-4a8d-9bf5-4436049f7552,0d624a202f6e2ea15cd4ff4fca03a26924e7bf5685c404a0cc892c08223dd699,915bedc898c4a63fff6d74c9da29c14f21d1a6b0a7877cba4f915509a86b273c,28e3f0e88742b79f23e207717e804594dc9075191db40cb3df24f97fe388f7bf,2026-09-20T11:56:43+00:00,24474030_172,laurel,"gr10497b,gr10609b,gr10672b",p=1:t=14:c=14:m=64000M,1800.0,1800.0,64000
BBM/model_041.bnet,cyber/forward-baseline,timeout,1793.1,1800.01,,,,1852740,,,,,true,false,131,,,,,,,,,,,,,,,,,final-comparison-and-ablation,0f8d662,ab16a8cf-7b73-4a8d-9bf5-4436049f7552,0d624a202f6e2ea15cd4ff4fca03a26924e7bf5685c404a0cc892c08223dd699,915bedc898c4a63fff6d74c9da29c14f21d1a6b0a7877cba4f915509a86b273c,28e3f0e88742b79f23e207717e804594dc9075191db40cb3df24f97fe388f7bf,2026-09-20T11:56:43+00:00,24474030_162,laurel,"gr10497b,gr10609b,gr10672b",p=1:t=14:c=14:m=64000M,1800.0,1800.0,64000
BBM/model_042.bnet,cyber/forward-baseline,completed,0.150306,0.261158,,,,12624,,,,,false,false,24,16384,31,12,1041,,24,0,24,0,,,,,,lexical,cyber-forward-baseline,final-comparison-and-ablation,0f8d662,ab16a8cf-7b73-4a8d-9bf5-4436049f7552,0d624a202f6e2ea15cd4ff4fca03a26924e7bf5685c404a0cc892c08223dd699,915bedc898c4a63fff6d74c9da29c14f21d1a6b0a7877cba4f915509a86b273c,28e3f0e88742b79f23e207717e804594dc9075191db40cb3df24f97fe388f7bf,2026-09-20T11:56:43+00:00,24474030_42,laurel,"gr10497b,gr10609b,gr10672b",p=1:t=14:c=14:m=64000M,1800.0,1800.0,64000
BBM/model_043.bnet,cyber/forward-baseline,completed,5.56114,5.70258,,,,12628,,,,,false,false,33,40341504,62,107,11789,,33,0,33,0,,,,,,lexical,cyber-forward-baseline,final-comparison-and-ablation,0f8d662,ab16a8cf-7b73-4a8d-9bf5-4436049f7552,0d624a202f6e2ea15cd4ff4fca03a26924e7bf5685c404a0cc892c08223dd699,915bedc898c4a63fff6d74c9da29c14f21d1a6b0a7877cba4f915509a86b273c,28e3f0e88742b79f23e207717e804594dc9075191db40cb3df24f97fe388f7bf,2026-09-20T11:56:43+00:00,24474030_16,laurel,"gr10497b,gr10609b,gr10672b",p=1:t=14:c=14:m=64000M,1800.0,1800.0,64000
BBM/model_044.bnet,cyber/forward-baseline,completed,0.190085,0.30316,,,,12628,,,,,false,false,26,20480,26,18,1049,,26,0,26,0,,,,,,lexical,cyber-forward-baseline,final-comparison-and-ablation,0f8d662,ab16a8cf-7b73-4a8d-9bf5-4436049f7552,0d624a202f6e2ea15cd4ff4fca03a26924e7bf5685c404a0cc892c08223dd699,915bedc898c4a63fff6d74c9da29c14f21d1a6b0a7877cba4f915509a86b273c,28e3f0e88742b79f23e207717e804594dc9075191db40cb3df24f97fe388f7bf,2026-09-20T11:56:43+00:00,24474030_177,laurel,"gr10497b,gr10609b,gr10672b",p=1:t=14:c=14:m=64000M,1800.0,1800.0,64000
BBM/model_045.bnet,cyber/forward-baseline,completed,0.112151,0.224215,,,,12588,,,,,false,false,24,2048,29,15,517,,24,0,24,0,,,,,,lexical,cyber-forward-baseline,final-comparison-and-ablation,0f8d662,ab16a8cf-7b73-4a8d-9bf5-4436049f7552,0d624a202f6e2ea15cd4ff4fca03a26924e7bf5685c404a0cc892c08223dd699,915bedc898c4a63fff6d74c9da29c14f21d1a6b0a7877cba4f915509a86b273c,28e3f0e88742b79f23e207717e804594dc9075191db40cb3df24f97fe388f7bf,2026-09-20T11:56:43+00:00,24474030_21,laurel,"gr10497b,gr10609b,gr10672b",p=1:t=14:c=14:m=64000M,1800.0,1800.0,64000
BBM/model_046.bnet,cyber/forward-baseline,timeout,1792.69,1800.01,,,,515636,,,,,true,false,53,,,,,,,,,,,,,,,,,final-comparison-and-ablation,0f8d662,ab16a8cf-7b73-4a8d-9bf5-4436049f7552,0d624a202f6e2ea15cd4ff4fca03a26924e7bf5685c404a0cc892c08223dd699,915bedc898c4a63fff6d74c9da29c14f21d1a6b0a7877cba4f915509a86b273c,28e3f0e88742b79f23e207717e804594dc9075191db40cb3df24f97fe388f7bf,2026-09-20T11:56:43+00:00,24474030_44,laurel,"gr10497b,gr10609b,gr10672b",p=1:t=14:c=14:m=64000M,1800.0,1800.0,64000
BBM/model_047.bnet,cyber/forward-baseline,completed,0.219635,0.33098,,,,12632,,,,,false,false,23,16384,47,11,1178,,23,0,23,0,,,,,,lexical,cyber-forward-baseline,final-comparison-and-ablation,0f8d662,ab16a8cf-7b73-4a8d-9bf5-4436049f7552,0d624a202f6e2ea15cd4ff4fca03a26924e7bf5685c404a0cc892c08223dd699,915bedc898c4a63fff6d74c9da29c14f21d1a6b0a7877cba4f915509a86b273c,28e3f0e88742b79f23e207717e804594dc9075191db40cb3df24f97fe388f7bf,2026-09-20T11:56:43+00:00,24474030_154,laurel,"gr10497b,gr10609b,gr10672b",p=1:t=14:c=14:m=64000M,1800.0,1800.0,64000
BBM/model_048.bnet,cyber/forward-baseline,timeout,1792.46,1800.02,,,,1689152,,,,,true,false,73,,,,,,,,,,,,,,,,,final-comparison-and-ablation,0f8d662,ab16a8cf-7b73-4a8d-9bf5-4436049f7552,0d624a202f6e2ea15cd4ff4fca03a26924e7bf5685c404a0cc892c08223dd699,915bedc898c4a63fff6d74c9da29c14f21d1a6b0a7877cba4f915509a86b273c,28e3f0e88742b79f23e207717e804594dc9075191db40cb3df24f97fe388f7bf,2026-09-20T11:56:43+00:00,24474030_38,laurel,"gr10497b,gr10609b,gr10672b",p=1:t=14:c=14:m=64000M,1800.0,1800.0,64000
BBM/model_049.bnet,cyber/forward-baseline,completed,0.44655,0.567255,,,,12580,,,,,false,false,19,70720,59,24,1750,,19,0,19,0,,,,,,lexical,cyber-forward-baseline,final-comparison-and-ablation,0f8d662,ab16a8cf-7b73-4a8d-9bf5-4436049f7552,0d624a202f6e2ea15cd4ff4fca03a26924e7bf5685c404a0cc892c08223dd699,915bedc898c4a63fff6d74c9da29c14f21d1a6b0a7877cba4f915509a86b273c,28e3f0e88742b79f23e207717e804594dc9075191db40cb3df24f97fe388f7bf,2026-09-20T11:56:43+00:00,24474030_191,laurel,"gr10497b,gr10609b,gr10672b",p=1:t=14:c=14:m=64000M,1800.0,1800.0,64000
BBM/model_050.bnet,cyber/forward-baseline,oom,1718.8,1724.7,,,,65318120,,,,,false,true,188,,,,,,,,,,,,,,,,cyber-forward-baseline,final-comparison-and-ablation,0f8d662,ab16a8cf-7b73-4a8d-9bf5-4436049f7552,0d624a202f6e2ea15cd4ff4fca03a26924e7bf5685c404a0cc892c08223dd699,915bedc898c4a63fff6d74c9da29c14f21d1a6b0a7877cba4f915509a86b273c,28e3f0e88742b79f23e207717e804594dc9075191db40cb3df24f97fe388f7bf,2026-09-20T11:56:43+00:00,24474030_51,laurel,"gr10497b,gr10609b,gr10672b",p=1:t=14:c=14:m=64000M,1800.0,1800.0,64000
BBM/model_051.bnet,cyber/forward-baseline,timeout,1792.72,1800.01,,,,420144,,,,,true,false,70,,,,,,,,,,,,,,,,cyber-forward-baseline,final-comparison-and-ablation,0f8d662,ab16a8cf-7b73-4a8d-9bf5-4436049f7552,0d624a202f6e2ea15cd4ff4fca03a26924e7bf5685c404a0cc892c08223dd699,915bedc898c4a63fff6d74c9da29c14f21d1a6b0a7877cba4f915509a86b273c,28e3f0e88742b79f23e207717e804594dc9075191db40cb3df24f97fe388f7bf,2026-09-20T11:56:43+00:00,24474030_164,laurel,"gr10497b,gr10609b,gr10672b",p=1:t=14:c=14:m=64000M,1800.0,1800.0,64000
BBM/model_052.bnet,cyber/forward-baseline,completed,0.192756,0.306285,,,,12668,,,,,false,false,31,8192,21,20,615,,31,0,31,0,,,,,,lexical,cyber-forward-baseline,final-comparison-and-ablation,0f8d662,ab16a8cf-7b73-4a8d-9bf5-4436049f7552,0d624a202f6e2ea15cd4ff4fca03a26924e7bf5685c404a0cc892c08223dd699,915bedc898c4a63fff6d74c9da29c14f21d1a6b0a7877cba4f915509a86b273c,28e3f0e88742b79f23e207717e804594dc9075191db40cb3df24f97fe388f7bf,2026-09-20T11:56:43+00:00,24474030_173,laurel,"gr10497b,gr10609b,gr10672b",p=1:t=14:c=14:m=64000M,1800.0,1800.0,64000
BBM/model_053.bnet,cyber/forward-baseline,completed,0.075682,0.194928,,,,12616,,,,,false,false,15,368,17,20,185,,15,0,15,0,,,,,,lexical,cyber-forward-baseline,final-comparison-and-ablation,0f8d662,ab16a8cf-7b73-4a8d-9bf5-4436049f7552,0d624a202f6e2ea15cd4ff4fca03a26924e7bf5685c404a0cc892c08223dd699,915bedc898c4a63fff6d74c9da29c14f21d1a6b0a7877cba4f915509a86b273c,28e3f0e88742b79f23e207717e804594dc9075191db40cb3df24f97fe388f7bf,2026-09-20T11:56:43+00:00,24474030_10,laurel,"gr10497b,gr10609b,gr10672b",p=1:t=14:c=14:m=64000M,1800.0,1800.0,64000
BBM/model_054.bnet,cyber/forward-baseline,timeout,1794.86,1800.01,,,,2654212,,,,,true,false,62,,,,,,,,,,,,,,,,,final-comparison-and-ablation,0f8d662,ab16a8cf-7b73-4a8d-9bf5-4436049f7552,0d624a202f6e2ea15cd4ff4fca03a26924e7bf5685c404a0cc892c08223dd699,915bedc898c4a63fff6d74c9da29c14f21d1a6b0a7877cba4f915509a86b273c,28e3f0e88742b79f23e207717e804594dc9075191db40cb3df24f97fe388f7bf,2026-09-20T11:56:43+00:00,24474030_107,laurel,"gr10497b,gr10609b,gr10672b",p=1:t=14:c=14:m=64000M,1800.0,1800.0,64000
BBM/model_055.bnet,cyber/forward-baseline,completed,0.797812,0.914918,,,,12620,,,,,false,false,19,118032,58,80,3579,,19,0,19,0,,,,,,lexical,cyber-forward-baseline,final-comparison-and-ablation,0f8d662,ab16a8cf-7b73-4a8d-9bf5-4436049f7552,0d624a202f6e2ea15cd4ff4fca03a26924e7bf5685c404a0cc892c08223dd699,915bedc898c4a63fff6d74c9da29c14f21d1a6b0a7877cba4f915509a86b273c,28e3f0e88742b79f23e207717e804594dc9075191db40cb3df24f97fe388f7bf,2026-09-20T11:56:43+00:00,24474030_46,laurel,"gr10497b,gr10609b,gr10672b",p=1:t=14:c=14:m=64000M,1800.0,1800.0,64000
BBM/model_056.bnet,cyber/forward-baseline,timeout,1791.09,1800.01,,,,1492060,,,,,true,false,91,,,,,,,,,,,,,,,,,final-comparison-and-ablation,0f8d662,ab16a8cf-7b73-4a8d-9bf5-4436049f7552,0d624a202f6e2ea15cd4ff4fca03a26924e7bf5685c404a0cc892c08223dd699,915bedc898c4a63fff6d74c9da29c14f21d1a6b0a7877cba4f915509a86b273c,28e3f0e88742b79f23e207717e804594dc9075191db40cb3df24f97fe388f7bf,2026-09-20T11:56:43+00:00,24474030_7,laurel,"gr10497b,gr10609b,gr10672b",p=1:t=14:c=14:m=64000M,1800.0,1800.0,64000
BBM/model_059.bnet,cyber/forward-baseline,completed,1076.35,1081.3,,,,162004,,,,,false,false,67,115964116992,144,58,216555,,67,0,67,0,,,,,,lexical,cyber-forward-baseline,final-comparison-and-ablation,0f8d662,ab16a8cf-7b73-4a8d-9bf5-4436049f7552,0d624a202f6e2ea15cd4ff4fca03a26924e7bf5685c404a0cc892c08223dd699,915bedc898c4a63fff6d74c9da29c14f21d1a6b0a7877cba4f915509a86b273c,28e3f0e88742b79f23e207717e804594dc9075191db40cb3df24f97fe388f7bf,2026-09-20T11:56:43+00:00,24474030_101,laurel,"gr10497b,gr10609b,gr10672b",p=1:t=14:c=14:m=64000M,1800.0,1800.0,64000
BBM/model_060.bnet,cyber/forward-baseline,completed,87.9514,88.5486,,,,77432,,,,,false,false,49,34359738368,83,16,55436,,49,0,49,0,,,,,,lexical,cyber-forward-baseline,final-comparison-and-ablation,0f8d662,ab16a8cf-7b73-4a8d-9bf5-4436049f7552,0d624a202f6e2ea15cd4ff4fca03a26924e7bf5685c404a0cc892c08223dd699,915bedc898c4a63fff6d74c9da29c14f21d1a6b0a7877cba4f915509a86b273c,28e3f0e88742b79f23e207717e804594dc9075191db40cb3df24f97fe388f7bf,2026-09-20T11:56:43+00:00,24474030_89,laurel,"gr10497b,gr10609b,gr10672b",p=1:t=14:c=14:m=64000M,1800.0,1800.0,64000
BBM/model_061.bnet,cyber/forward-baseline,completed,0.597512,0.709563,,,,12600,,,,,false,false,26,16384,78,14,1599,,26,0,26,0,,,,,,lexical,cyber-forward-baseline,final-comparison-and-ablation,0f8d662,ab16a8cf-7b73-4a8d-9bf5-4436049f7552,0d624a202f6e2ea15cd4ff4fca03a26924e7bf5685c404a0cc892c08223dd699,915bedc898c4a63fff6d74c9da29c14f21d1a6b0a7877cba4f915509a86b273c,28e3f0e88742b79f23e207717e804594dc9075191db40cb3df24f97fe388f7bf,2026-09-20T11:56:43+00:00,24474030_201,laurel,"gr10497b,gr10609b,gr10672b",p=1:t=14:c=14:m=64000M,1800.0,1800.0,64000
BBM/model_062.bnet,cyber/forward-baseline,completed,0.057926,0.169507,,,,12620,,,,,false,false,18,8,4,17,55,,18,0,18,0,,,,,,lexical,cyber-forward-baseline,final-comparison-and-ablation,0f8d662,ab16a8cf-7b73-4a8d-9bf5-4436049f7552,0d624a202f6e2ea15cd4ff4fca03a26924e7bf5685c404a0cc892c08223dd699,915bedc898c4a63fff6d74c9da29c14f21d1a6b0a7877cba4f915509a86b273c,28e3f0e88742b79f23e207717e804594dc9075191db40cb3df24f97fe388f7bf,2026-09-20T11:56:43+00:00,24474030_58,laurel,"gr10497b,gr10609b,gr10672b",p=1:t=14:c=14:m=64000M,1800.0,1800.0,64000
BBM/model_063.bnet,cyber/forward-baseline,completed,0.069158,0.180428,,,,12588,,,,,false,false,13,304,25,43,220,,13,0,13,0,,,,,,lexical,cyber-forward-baseline,final-comparison-and-ablation,0f8d662,ab16a8cf-7b73-4a8d-9bf5-4436049f7552,0d624a202f6e2ea15cd4ff4fca03a26924e7bf5685c404a0cc892c08223dd699,915bedc898c4a63fff6d74c9da29c14f21d1a6b0a7877cba4f915509a86b273c,28e3f0e88742b79f23e207717e804594dc9075191db40cb3df24f97fe388f7bf,2026-09-20T11:56:43+00:00,24474030_111,laurel,"gr10497b,gr10609b,gr10672b",p=1:t=14:c=14:m=64000M,1800.0,1800.0,64000
BBM/model_064.bnet,cyber/forward-baseline,completed,0.057131,0.16839,,,,12656,,,,,false,false,12,224,8,10,73,,12,0,12,0,,,,,,lexical,cyber-forward-baseline,final-comparison-and-ablation,0f8d662,ab16a8cf-7b73-4a8d-9bf5-4436049f7552,0d624a202f6e2ea15cd4ff4fca03a26924e7bf5685c404a0cc892c08223dd699,915bedc898c4a63fff6d74c9da29c14f21d1a6b0a7877cba4f915509a86b273c,28e3f0e88742b79f23e207717e804594dc9075191db40cb3df24f97fe388f7bf,2026-09-20T11:56:43+00:00,24474030_73,laurel,"gr10497b,gr10609b,gr10672b",p=1:t=14:c=14:m=64000M,1800.0,1800.0,64000
BBM/model_065.bnet,cyber/forward-baseline,completed,2.44318,2.56082,,,,12628,,,,,false,false,32,2097152,76,13,3680,,32,0,32,0,,,,,,lexical,cyber-forward-baseline,final-comparison-and-ablation,0f8d662,ab16a8cf-7b73-4a8d-9bf5-4436049f7552,0d624a202f6e2ea15cd4ff4fca03a26924e7bf5685c404a0cc892c08223dd699,915bedc898c4a63fff6d74c9da29c14f21d1a6b0a7877cba4f915509a86b273c,28e3f0e88742b79f23e207717e804594dc9075191db40cb3df24f97fe388f7bf,2026-09-20T11:56:43+00:00,24474030_87,laurel,"gr10497b,gr10609b,gr10672b",p=1:t=14:c=14:m=64000M,1800.0,1800.0,64000
BBM/model_066.bnet,cyber/forward-baseline,completed,4.79763,4.92639,,,,12624,,,,,false,false,38,262224,70,130,11359,,38,0,38,0,,,,,,lexical,cyber-forward-baseline,final-comparison-and-ablation,0f8d662,ab16a8cf-7b73-4a8d-9bf5-4436049f7552,0d624a202f6e2ea15cd4ff4fca03a26924e7bf5685c404a0cc892c08223dd699,915bedc898c4a63fff6d74c9da29c14f21d1a6b0a7877cba4f915509a86b273c,28e3f0e88742b79f23e207717e804594dc9075191db40cb3df24f97fe388f7bf,2026-09-20T11:56:43+00:00,24474030_13,laurel,"gr10497b,gr10609b,gr10672b",p=1:t=14:c=14:m=64000M,1800.0,1800.0,64000
BBM/model_067.bnet,cyber/forward-baseline,completed,0.063753,0.173856,,,,12552,,,,,false,false,13,280,19,22,158,,13,0,13,0,,,,,,lexical,cyber-forward-baseline,final-comparison-and-ablation,0f8d662,ab16a8cf-7b73-4a8d-9bf5-4436049f7552,0d624a202f6e2ea15cd4ff4fca03a26924e7bf5685c404a0cc892c08223dd699,915bedc898c4a63fff6d74c9da29c14f21d1a6b0a7877cba4f915509a86b273c,28e3f0e88742b79f23e207717e804594dc9075191db40cb3df24f97fe388f7bf,2026-09-20T11:56:43+00:00,24474030_31,laurel,"gr10497b,gr10609b,gr10672b",p=1:t=14:c=14:m=64000M,1800.0,1800.0,64000
BBM/model_068.bnet,cyber/forward-baseline,completed,0.165155,0.279201,,,,12624,,,,,false,false,23,4112,35,27,827,,23,0,23,0,,,,,,lexical,cyber-forward-baseline,final-comparison-and-ablation,0f8d662,ab16a8cf-7b73-4a8d-9bf5-4436049f7552,0d624a202f6e2ea15cd4ff4fca03a26924e7bf5685c404a0cc892c08223dd699,915bedc898c4a63fff6d74c9da29c14f21d1a6b0a7877cba4f915509a86b273c,28e3f0e88742b79f23e207717e804594dc9075191db40cb3df24f97fe388f7bf,2026-09-20T11:56:43+00:00,24474030_29,laurel,"gr10497b,gr10609b,gr10672b",p=1:t=14:c=14:m=64000M,1800.0,1800.0,64000
BBM/model_070.bnet,cyber/forward-baseline,completed,18.7252,18.8945,,,,18372,,,,,false,false,53,33554432,64,30,15202,,53,0,53,0,,,,,,lexical,cyber-forward-baseline,final-comparison-and-ablation,0f8d662,ab16a8cf-7b73-4a8d-9bf5-4436049f7552,0d624a202f6e2ea15cd4ff4fca03a26924e7bf5685c404a0cc892c08223dd699,915bedc898c4a63fff6d74c9da29c14f21d1a6b0a7877cba4f915509a86b273c,28e3f0e88742b79f23e207717e804594dc9075191db40cb3df24f97fe388f7bf,2026-09-20T11:56:43+00:00,24474030_126,laurel,"gr10497b,gr10609b,gr10672b",p=1:t=14:c=14:m=64000M,1800.0,1800.0,64000
BBM/model_071.bnet,cyber/forward-baseline,completed,40.6898,40.9713,,,,32808,,,,,false,false,42,268435456,91,16,59525,,42,0,42,0,,,,,,lexical,cyber-forward-baseline,final-comparison-and-ablation,0f8d662,ab16a8cf-7b73-4a8d-9bf5-4436049f7552,0d624a202f6e2ea15cd4ff4fca03a26924e7bf5685c404a0cc892c08223dd699,915bedc898c4a63fff6d74c9da29c14f21d1a6b0a7877cba4f915509a86b273c,28e3f0e88742b79f23e207717e804594dc9075191db40cb3df24f97fe388f7bf,2026-09-20T11:56:43+00:00,24474030_30,laurel,"gr10497b,gr10609b,gr10672b",p=1:t=14:c=14:m=64000M,1800.0,1800.0,64000
BBM/model_072.bnet,cyber/forward-baseline,timeout,1792.94,1800.02,,,,3333772,,,,,true,false,81,,,,,,,,,,,,,,,,,final-comparison-and-ablation,0f8d662,ab16a8cf-7b73-4a8d-9bf5-4436049f7552,0d624a202f6e2ea15cd4ff4fca03a26924e7bf5685c404a0cc892c08223dd699,915bedc898c4a63fff6d74c9da29c14f21d1a6b0a7877cba4f915509a86b273c,28e3f0e88742b79f23e207717e804594dc9075191db40cb3df24f97fe388f7bf,2026-09-20T11:56:43+00:00,24474030_213,laurel,"gr10497b,gr10609b,gr10672b",p=1:t=14:c=14:m=64000M,1800.0,1800.0,64000
BBM/model_073.bnet,cyber/forward-baseline,completed,0.395714,0.508111,,,,12632,,,,,false,false,33,87552,30,90,1785,,33,0,33,0,,,,,,lexical,cyber-forward-baseline,final-comparison-and-ablation,0f8d662,ab16a8cf-7b73-4a8d-9bf5-4436049f7552,0d624a202f6e2ea15cd4ff4fca03a26924e7bf5685c404a0cc892c08223dd699,915bedc898c4a63fff6d74c9da29c14f21d1a6b0a7877cba4f915509a86b273c,28e3f0e88742b79f23e207717e804594dc9075191db40cb3df24f97fe388f7bf,2026-09-20T11:56:43+00:00,24474030_144,laurel,"gr10497b,gr10609b,gr10672b",p=1:t=14:c=14:m=64000M,1800.0,1800.0,64000
BBM/model_074.bnet,cyber/forward-baseline,completed,0.070716,0.183072,,,,12512,,,,,false,false,18,131072,18,3,176,,18,0,18,0,,,,,,lexical,cyber-forward-baseline,final-comparison-and-ablation,0f8d662,ab16a8cf-7b73-4a8d-9bf5-4436049f7552,0d624a202f6e2ea15cd4ff4fca03a26924e7bf5685c404a0cc892c08223dd699,915bedc898c4a63fff6d74c9da29c14f21d1a6b0a7877cba4f915509a86b273c,28e3f0e88742b79f23e207717e804594dc9075191db40cb3df24f97fe388f7bf,2026-09-20T11:56:43+00:00,24474030_80,laurel,"gr10497b,gr10609b,gr10672b",p=1:t=14:c=14:m=64000M,1800.0,1800.0,64000
BBM/model_076.bnet,cyber/forward-baseline,timeout,1795.24,1800.01,,,,2645060,,,,,true,false,51,,,,,,,,,,,,,,,,,final-comparison-and-ablation,0f8d662,ab16a8cf-7b73-4a8d-9bf5-4436049f7552,0d624a202f6e2ea15cd4ff4fca03a26924e7bf5685c404a0cc892c08223dd699,915bedc898c4a63fff6d74c9da29c14f21d1a6b0a7877cba4f915509a86b273c,28e3f0e88742b79f23e207717e804594dc9075191db40cb3df24f97fe388f7bf,2026-09-20T11:56:43+00:00,24474030_200,laurel,"gr10497b,gr10609b,gr10672b",p=1:t=14:c=14:m=64000M,1800.0,1800.0,64000
BBM/model_077.bnet,cyber/forward-baseline,timeout,1791.97,1800.01,,,,1327972,,,,,true,false,66,,,,,,,,,,,,,,,,,final-comparison-and-ablation,0f8d662,ab16a8cf-7b73-4a8d-9bf5-4436049f7552,0d624a202f6e2ea15cd4ff4fca03a26924e7bf5685c404a0cc892c08223dd699,915bedc898c4a63fff6d74c9da29c14f21d1a6b0a7877cba4f915509a86b273c,28e3f0e88742b79f23e207717e804594dc9075191db40cb3df24f97fe388f7bf,2026-09-20T11:56:43+00:00,24474030_210,laurel,"gr10497b,gr10609b,gr10672b",p=1:t=14:c=14:m=64000M,1800.0,1800.0,64000
BBM/model_078.bnet,cyber/forward-baseline,oom,1677.05,1688.88,,,,65325852,,,,,false,true,164,,,,,,,,,,,,,,,,cyber-forward-baseline,final-comparison-and-ablation,0f8d662,ab16a8cf-7b73-4a8d-9bf5-4436049f7552,0d624a202f6e2ea15cd4ff4fca03a26924e7bf5685c404a0cc892c08223dd699,915bedc898c4a63fff6d74c9da29c14f21d1a6b0a7877cba4f915509a86b273c,28e3f0e88742b79f23e207717e804594dc9075191db40cb3df24f97fe388f7bf,2026-09-20T11:56:43+00:00,24474030_212,laurel,"gr10497b,gr10609b,gr10672b",p=1:t=14:c=14:m=64000M,1800.0,1800.0,64000
BBM/model_079.bnet,cyber/forward-baseline,oom,1293.71,1302.41,,,,65333608,,,,,false,true,197,,,,,,,,,,,,,,,,cyber-forward-baseline,final-comparison-and-ablation,0f8d662,ab16a8cf-7b73-4a8d-9bf5-4436049f7552,0d624a202f6e2ea15cd4ff4fca03a26924e7bf5685c404a0cc892c08223dd699,915bedc898c4a63fff6d74c9da29c14f21d1a6b0a7877cba4f915509a86b273c,28e3f0e88742b79f23e207717e804594dc9075191db40cb3df24f97fe388f7bf,2026-09-20T11:56:43+00:00,24474030_96,laurel,"gr10497b,gr10609b,gr10672b",p=1:t=14:c=14:m=64000M,1800.0,1800.0,64000
BBM/model_080.bnet,cyber/forward-baseline,timeout,1793.12,1800.01,,,,1838076,,,,,true,false,110,,,,,,,,,,,,,,,,,final-comparison-and-ablation,0f8d662,ab16a8cf-7b73-4a8d-9bf5-4436049f7552,0d624a202f6e2ea15cd4ff4fca03a26924e7bf5685c404a0cc892c08223dd699,915bedc898c4a63fff6d74c9da29c14f21d1a6b0a7877cba4f915509a86b273c,28e3f0e88742b79f23e207717e804594dc9075191db40cb3df24f97fe388f7bf,2026-09-20T11:56:43+00:00,24474030_76,laurel,"gr10497b,gr10609b,gr10672b",p=1:t=14:c=14:m=64000M,1800.0,1800.0,64000
BBM/model_081.bnet,cyber/forward-baseline,completed,1506.66,1512.48,,,,300580,,,,,false,false,42,2952790016,219,57,246303,,42,0,42,0,,,,,,lexical,cyber-forward-baseline,final-comparison-and-ablation,0f8d662,ab16a8cf-7b73-4a8d-9bf5-4436049f7552,0d624a202f6e2ea15cd4ff4fca03a26924e7bf5685c404a0cc892c08223dd699,915bedc898c4a63fff6d74c9da29c14f21d1a6b0a7877cba4f915509a86b273c,28e3f0e88742b79f23e207717e804594dc9075191db40cb3df24f97fe388f7bf,2026-09-20T11:56:43+00:00,24474030_64,laurel,"gr10497b,gr10609b,gr10672b",p=1:t=14:c=14:m=64000M,1800.0,1800.0,64000
BBM/model_082.bnet,cyber/forward-baseline,timeout,1793.85,1800.01,,,,1782480,,,,,true,false,128,,,,,,,,,,,,,,,,cyber-forward-baseline,final-comparison-and-ablation,0f8d662,ab16a8cf-7b73-4a8d-9bf5-4436049f7552,0d624a202f6e2ea15cd4ff4fca03a26924e7bf5685c404a0cc892c08223dd699,915bedc898c4a63fff6d74c9da29c14f21d1a6b0a7877cba4f915509a86b273c,28e3f0e88742b79f23e207717e804594dc9075191db40cb3df24f97fe388f7bf,2026-09-20T11:56:43+00:00,24474030_127,laurel,"gr10497b,gr10609b,gr10672b",p=1:t=14:c=14:m=64000M,1800.0,1800.0,64000
BBM/model_083.bnet,cyber/forward-baseline,timeout,1793.95,1800.1,,,,24755132,,,,,true,false,133,,,,,,,,,,,,,,,,,final-comparison-and-ablation,0f8d662,ab16a8cf-7b73-4a8d-9bf5-4436049f7552,0d624a202f6e2ea15cd4ff4fca03a26924e7bf5685c404a0cc892c08223dd699,915bedc898c4a63fff6d74c9da29c14f21d1a6b0a7877cba4f915509a86b273c,28e3f0e88742b79f23e207717e804594dc9075191db40cb3df24f97fe388f7bf,2026-09-20T11:56:43+00:00,24474030_49,laurel,"gr10497b,gr10609b,gr10672b",p=1:t=14:c=14:m=64000M,1800.0,1800.0,64000
BBM/model_084.bnet,cyber/forward-baseline,timeout,1794.29,1800.01,,,,1341468,,,,,true,false,81,,,,,,,,,,,,,,,,,final-comparison-and-ablation,0f8d662,ab16a8cf-7b73-4a8d-9bf5-4436049f7552,0d624a202f6e2ea15cd4ff4fca03a26924e7bf5685c404a0cc892c08223dd699,915bedc898c4a63fff6d74c9da29c14f21d1a6b0a7877cba4f915509a86b273c,28e3f0e88742b79f23e207717e804594dc9075191db40cb3df24f97fe388f7bf,2026-09-20T11:56:43+00:00,24474030_196,laurel,"gr10497b,gr10609b,gr10672b",p=1:t=14:c=14:m=64000M,1800.0,1800.0,64000
BBM/model_085.bnet,cyber/forward-baseline,completed,1.17862,1.29871,,,,12520,,,,,false,false,27,98304,60,36,4869,,27,0,27,0,,,,,,lexical,cyber-forward-baseline,final-comparison-and-ablation,0f8d662,ab16a8cf-7b73-4a8d-9bf5-4436049f7552,0d624a202f6e2ea15cd4ff4fca03a26924e7bf5685c404a0cc892c08223dd699,915bedc898c4a63fff6d74c9da29c14f21d1a6b0a7877cba4f915509a86b273c,28e3f0e88742b79f23e207717e804594dc9075191db40cb3df24f97fe388f7bf,2026-09-20T11:56:43+00:00,24474030_47,laurel,"gr10497b,gr10609b,gr10672b",p=1:t=14:c=14:m=64000M,1800.0,1800.0,64000
BBM/model_086.bnet,cyber/forward-baseline,completed,0.129722,0.240826,,,,12616,,,,,false,false,20,11264,27,19,634,,20,0,20,0,,,,,,lexical,cyber-forward-baseline,final-comparison-and-ablation,0f8d662,ab16a8cf-7b73-4a8d-9bf5-4436049f7552,0d624a202f6e2ea15cd4ff4fca03a26924e7bf5685c404a0cc892c08223dd699,915bedc898c4a63fff6d74c9da29c14f21d1a6b0a7877cba4f915509a86b273c,28e3f0e88742b79f23e207717e804594dc9075191db40cb3df24f97fe388f7bf,2026-09-20T11:56:43+00:00,24474030_170,laurel,"gr10497b,gr10609b,gr10672b",p=1:t=14:c=14:m=64000M,1800.0,1800.0,64000
BBM/model_087.bnet,cyber/forward-baseline,timeout,1794.6,1800.01,,,,1528208,,,,,true,false,133,,,,,,,,,,,,,,,,,final-comparison-and-ablation,0f8d662,ab16a8cf-7b73-4a8d-9bf5-4436049f7552,0d624a202f6e2ea15cd4ff4fca03a26924e7bf5685c404a0cc892c08223dd699,915bedc898c4a63fff6d74c9da29c14f21d1a6b0a7877cba4f915509a86b273c,28e3f0e88742b79f23e207717e804594dc9075191db40cb3df24f97fe388f7bf,2026-09-20T11:56:43+00:00,24474030_41,laurel,"gr10497b,gr10609b,gr10672b",p=1:t=14:c=14:m=64000M,1800.0,1800.0,64000
BBM/model_088.bnet,cyber/forward-baseline,completed,0.055195,0.166663,,,,12628,,,,,false,false,6,1,1,8,16,,6,0,6,0,,,,,,lexical,cyber-forward-baseline,final-comparison-and-ablation,0f8d662,ab16a8cf-7b73-4a8d-9bf5-4436049f7552,0d624a202f6e2ea15cd4ff4fca03a26924e7bf5685c404a0cc892c08223dd699,915bedc898c4a63fff6d74c9da29c14f21d1a6b0a7877cba4f915509a86b273c,28e3f0e88742b79f23e207717e804594dc9075191db40cb3df24f97fe388f7bf,2026-09-20T11:56:43+00:00,24474030_138,laurel,"gr10497b,gr10609b,gr10672b",p=1:t=14:c=14:m=64000M,1800.0,1800.0,64000
BBM/model_089.bnet,cyber/forward-baseline,completed,0.061671,0.173498,,,,12508,,,,,false,false,17,128,9,12,124,,17,0,17,0,,,,,,lexical,cyber-forward-baseline,final-comparison-and-ablation,0f8d662,ab16a8cf-7b73-4a8d-9bf5-4436049f7552,0d624a202f6e2ea15cd4ff4fca03a26924e7bf5685c404a0cc892c08223dd699,915bedc898c4a63fff6d74c9da29c14f21d1a6b0a7877cba4f915509a86b273c,28e3f0e88742b79f23e207717e804594dc9075191db40cb3df24f97fe388f7bf,2026-09-20T11:56:43+00:00,24474030_131,laurel,"gr10497b,gr10609b,gr10672b",p=1:t=14:c=14:m=64000M,1800.0,1800.0,64000
BBM/model_090.bnet,cyber/forward-baseline,completed,0.060698,0.173116,,,,12556,,,,,false,false,18,32,7,15,93,,18,0,18,0,,,,,,lexical,cyber-forward-baseline,final-comparison-and-ablation,0f8d662,ab16a8cf-7b73-4a8d-9bf5-4436049f7552,0d624a202f6e2ea15cd4ff4fca03a26924e7bf5685c404a0cc892c08223dd699,915bedc898c4a63fff6d74c9da29c14f21d1a6b0a7877cba4f915509a86b273c,28e3f0e88742b79f23e207717e804594dc9075191db40cb3df24f97fe388f7bf,2026-09-20T11:56:43+00:00,24474030_2,laurel,"gr10497b,gr10609b,gr10672b",p=1:t=14:c=14:m=64000M,1800.0,1800.0,64000
BBM/model_091.bnet,cyber/forward-baseline,completed,0.064817,0.17962,,,,12508,,,,,false,false,16,32,6,13,62,,16,0,16,0,,,,,,lexical,cyber-forward-baseline,final-comparison-and-ablation,0f8d662,ab16a8cf-7b73-4a8d-9bf5-4436049f7552,0d624a202f6e2ea15cd4ff4fca03a26924e7bf5685c404a0cc892c08223dd699,915bedc898c4a63fff6d74c9da29c14f21d1a6b0a7877cba4f915509a86b273c,28e3f0e88742b79f23e207717e804594dc9075191db40cb3df24f97fe388f7bf,2026-09-20T11:56:43+00:00,24474030_142,laurel,"gr10497b,gr10609b,gr10672b",p=1:t=14:c=14:m=64000M,1800.0,1800.0,64000
BBM/model_092.bnet,cyber/forward-baseline,timeout,1793.28,1800.02,,,,3416820,,,,,true,false,69,,,,,,,,,,,,,,,,,final-comparison-and-ablation,0f8d662,ab16a8cf-7b73-4a8d-9bf5-4436049f7552,0d624a202f6e2ea15cd4ff4fca03a26924e7bf5685c404a0cc892c08223dd699,915bedc898c4a63fff6d74c9da29c14f21d1a6b0a7877cba4f915509a86b273c,28e3f0e88742b79f23e207717e804594dc9075191db40cb3df24f97fe388f7bf,2026-09-20T11:56:43+00:00,24474030_175,laurel,"gr10497b,gr10609b,gr10672b",p=1:t=14:c=14:m=64000M,1800.0,1800.0,64000
BBM/model_093.bnet,cyber/forward-baseline,timeout,1794.53,1800.01,,,,958712,,,,,true,false,66,,,,,,,,,,,,,,,,,final-comparison-and-ablation,0f8d662,ab16a8cf-7b73-4a8d-9bf5-4436049f7552,0d624a202f6e2ea15cd4ff4fca03a26924e7bf5685c404a0cc892c08223dd699,915bedc898c4a63fff6d74c9da29c14f21d1a6b0a7877cba4f915509a86b273c,28e3f0e88742b79f23e207717e804594dc9075191db40cb3df24f97fe388f7bf,2026-09-20T11:56:43+00:00,24474030_43,laurel,"gr10497b,gr10609b,gr10672b",p=1:t=14:c=14:m=64000M,1800.0,1800.0,64000
BBM/model_094.bnet,cyber/forward-baseline,completed,0.145408,0.257429,,,,12568,,,,,false,false,30,1024,27,22,599,,30,0,30,0,,,,,,lexical,cyber-forward-baseline,final-comparison-and-ablation,0f8d662,ab16a8cf-7b73-4a8d-9bf5-4436049f7552,0d624a202f6e2ea15cd4ff4fca03a26924e7bf5685c404a0cc892c08223dd699,915bedc898c4a63fff6d74c9da29c14f21d1a6b0a7877cba4f915509a86b273c,28e3f0e88742b79f23e207717e804594dc9075191db40cb3df24f97fe388f7bf,2026-09-20T11:56:43+00:00,24474030_0,laurel,"gr10497b,gr10609b,gr10672b",p=1:t=14:c=14:m=64000M,1800.0,1800.0,64000
BBM/model_095.bnet,cyber/forward-baseline,completed,0.055825,0.167808,,,,12624,,,,,false,false,10,1,1,12,24,,10,0,10,0,,,,,,lexical,cyber-forward-baseline,final-comparison-and-ablation,0f8d662,ab16a8cf-7b73-4a8d-9bf5-4436049f7552,0d624a202f6e2ea15cd4ff4fca03a26924e7bf5685c404a0cc892c08223dd699,915bedc898c4a63fff6d74c9da29c14f21d1a6b0a7877cba4f915509a86b273c,28e3f0e88742b79f23e207717e804594dc9075191db40cb3df24f97fe388f7bf,2026-09-20T11:56:43+00:00,24474030_108,laurel,"gr10497b,gr10609b,gr10672b",p=1:t=14:c=14:m=64000M,1800.0,1800.0,64000
BBM/model_096.bnet,cyber/forward-baseline,completed,0.9811,1.09448,,,,12660,,,,,false,false,20,337920,56,26,6166,,20,0,20,0,,,,,,lexical,cyber-forward-baseline,final-comparison-and-ablation,0f8d662,ab16a8cf-7b73-4a8d-9bf5-4436049f7552,0d624a202f6e2ea15cd4ff4fca03a26924e7bf5685c404a0cc892c08223dd699,915bedc898c4a63fff6d74c9da29c14f21d1a6b0a7877cba4f915509a86b273c,28e3f0e88742b79f23e207717e804594dc9075191db40cb3df24f97fe388f7bf,2026-09-20T11:56:43+00:00,24474030_160,laurel,"gr10497b,gr10609b,gr10672b",p=1:t=14:c=14:m=64000M,1800.0,1800.0,64000
BBM/model_097.bnet,cyber/forward-baseline,completed,0.057437,0.168938,,,,12624,,,,,false,false,10,256,13,4,97,,10,0,10,0,,,,,,lexical,cyber-forward-baseline,final-comparison-and-ablation,0f8d662,ab16a8cf-7b73-4a8d-9bf5-4436049f7552,0d624a202f6e2ea15cd4ff4fca03a26924e7bf5685c404a0cc892c08223dd699,915bedc898c4a63fff6d74c9da29c14f21d1a6b0a7877cba4f915509a86b273c,28e3f0e88742b79f23e207717e804594dc9075191db40cb3df24f97fe388f7bf,2026-09-20T11:56:43+00:00,24474030_180,laurel,"gr10497b,gr10609b,gr10672b",p=1:t=14:c=14:m=64000M,1800.0,1800.0,64000
BBM/model_098.bnet,cyber/forward-baseline,completed,0.306594,0.421531,,,,12628,,,,,false,false,42,1280,17,45,357,,42,0,42,0,,,,,,lexical,cyber-forward-baseline,final-comparison-and-ablation,0f8d662,ab16a8cf-7b73-4a8d-9bf5-4436049f7552,0d624a202f6e2ea15cd4ff4fca03a26924e7bf5685c404a0cc892c08223dd699,915bedc898c4a63fff6d74c9da29c14f21d1a6b0a7877cba4f915509a86b273c,28e3f0e88742b79f23e207717e804594dc9075191db40cb3df24f97fe388f7bf,2026-09-20T11:56:43+00:00,24474030_26,laurel,"gr10497b,gr10609b,gr10672b",p=1:t=14:c=14:m=64000M,1800.0,1800.0,64000
BBM/model_099.bnet,cyber/forward-baseline,completed,0.091093,0.202067,,,,12664,,,,,false,false,19,2048,20,10,579,,19,0,19,0,,,,,,lexical,cyber-forward-baseline,final-comparison-and-ablation,0f8d662,ab16a8cf-7b73-4a8d-9bf5-4436049f7552,0d624a202f6e2ea15cd4ff4fca03a26924e7bf5685c404a0cc892c08223dd699,915bedc898c4a63fff6d74c9da29c14f21d1a6b0a7877cba4f915509a86b273c,28e3f0e88742b79f23e207717e804594dc9075191db40cb3df24f97fe388f7bf,2026-09-20T11:56:43+00:00,24474030_195,laurel,"gr10497b,gr10609b,gr10672b",p=1:t=14:c=14:m=64000M,1800.0,1800.0,64000
BBM/model_100.bnet,cyber/forward-baseline,completed,0.894603,1.00968,,,,12632,,,,,false,false,21,262144,42,5,10055,,21,0,21,0,,,,,,lexical,cyber-forward-baseline,final-comparison-and-ablation,0f8d662,ab16a8cf-7b73-4a8d-9bf5-4436049f7552,0d624a202f6e2ea15cd4ff4fca03a26924e7bf5685c404a0cc892c08223dd699,915bedc898c4a63fff6d74c9da29c14f21d1a6b0a7877cba4f915509a86b273c,28e3f0e88742b79f23e207717e804594dc9075191db40cb3df24f97fe388f7bf,2026-09-20T11:56:43+00:00,24474030_168,laurel,"gr10497b,gr10609b,gr10672b",p=1:t=14:c=14:m=64000M,1800.0,1800.0,64000
BBM/model_101.bnet,cyber/forward-baseline,timeout,1792.92,1800.01,,,,1368072,,,,,true,false,85,,,,,,,,,,,,,,,,,final-comparison-and-ablation,0f8d662,ab16a8cf-7b73-4a8d-9bf5-4436049f7552,0d624a202f6e2ea15cd4ff4fca03a26924e7bf5685c404a0cc892c08223dd699,915bedc898c4a63fff6d74c9da29c14f21d1a6b0a7877cba4f915509a86b273c,28e3f0e88742b79f23e207717e804594dc9075191db40cb3df24f97fe388f7bf,2026-09-20T11:56:43+00:00,24474030_135,laurel,"gr10497b,gr10609b,gr10672b",p=1:t=14:c=14:m=64000M,1800.0,1800.0,64000
BBM/model_102.bnet,cyber/forward-baseline,completed,0.078341,0.190001,,,,12564,,,,,false,false,22,1024,14,14,263,,22,0,22,0,,,,,,lexical,cyber-forward-baseline,final-comparison-and-ablation,0f8d662,ab16a8cf-7b73-4a8d-9bf5-4436049f7552,0d624a202f6e2ea15cd4ff4fca03a26924e7bf5685c404a0cc892c08223dd699,915bedc898c4a63fff6d74c9da29c14f21d1a6b0a7877cba4f915509a86b273c,28e3f0e88742b79f23e207717e804594dc9075191db40cb3df24f97fe388f7bf,2026-09-20T11:56:43+00:00,24474030_117,laurel,"gr10497b,gr10609b,gr10672b",p=1:t=14:c=14:m=64000M,1800.0,1800.0,64000
BBM/model_103.bnet,cyber/forward-baseline,timeout,1793.2,1800.01,,,,1808148,,,,,true,false,69,,,,,,,,,,,,,,,,,final-comparison-and-ablation,0f8d662,ab16a8cf-7b73-4a8d-9bf5-4436049f7552,0d624a202f6e2ea15cd4ff4fca03a26924e7bf5685c404a0cc892c08223dd699,915bedc898c4a63fff6d74c9da29c14f21d1a6b0a7877cba4f915509a86b273c,28e3f0e88742b79f23e207717e804594dc9075191db40cb3df24f97fe388f7bf,2026-09-20T11:56:43+00:00,24474030_74,laurel,"gr10497b,gr10609b,gr10672b",p=1:t=14:c=14:m=64000M,1800.0,1800.0,64000
BBM/model_104.bnet,cyber/forward-baseline,completed,0.0586,0.16904,,,,12628,,,,,false,false,14,128,9,17,91,,14,0,14,0,,,,,,lexical,cyber-forward-baseline,final-comparison-and-ablation,0f8d662,ab16a8cf-7b73-4a8d-9bf5-4436049f7552,0d624a202f6e2ea15cd4ff4fca03a26924e7bf5685c404a0cc892c08223dd699,915bedc898c4a63fff6d74c9da29c14f21d1a6b0a7877cba4f915509a86b273c,28e3f0e88742b79f23e207717e804594dc9075191db40cb3df24f97fe388f7bf,2026-09-20T11:56:43+00:00,24474030_185,laurel,"gr10497b,gr10609b,gr10672b",p=1:t=14:c=14:m=64000M,1800.0,1800.0,64000
BBM/model_105.bnet,cyber/forward-baseline,completed,46.0248,46.2673,,,,43192,,,,,false,false,49,140443648,66,77,62537,,49,0,49,0,,,,,,lexical,cyber-forward-baseline,final-comparison-and-ablation,0f8d662,ab16a8cf-7b73-4a8d-9bf5-4436049f7552,0d624a202f6e2ea15cd4ff4fca03a26924e7bf5685c404a0cc892c08223dd699,915bedc898c4a63fff6d74c9da29c14f21d1a6b0a7877cba4f915509a86b273c,28e3f0e88742b79f23e207717e804594dc9075191db40cb3df24f97fe388f7bf,2026-09-20T11:56:43+00:00,24474030_116,laurel,"gr10497b,gr10609b,gr10672b",p=1:t=14:c=14:m=64000M,1800.0,1800.0,64000
BBM/model_106.bnet,cyber/forward-baseline,timeout,1792.49,1800.01,,,,1353892,,,,,true,false,80,,,,,,,,,,,,,,,,,final-comparison-and-ablation,0f8d662,ab16a8cf-7b73-4a8d-9bf5-4436049f7552,0d624a202f6e2ea15cd4ff4fca03a26924e7bf5685c404a0cc892c08223dd699,915bedc898c4a63fff6d74c9da29c14f21d1a6b0a7877cba4f915509a86b273c,28e3f0e88742b79f23e207717e804594dc9075191db40cb3df24f97fe388f7bf,2026-09-20T11:56:43+00:00,24474030_198,laurel,"gr10497b,gr10609b,gr10672b",p=1:t=14:c=14:m=64000M,1800.0,1800.0,64000
BBM/model_107.bnet,cyber/forward-baseline,completed,6.66195,6.80402,,,,15348,,,,,false,false,33,2785280,45,74,26182,,33,0,33,0,,,,,,lexical,cyber-forward-baseline,final-comparison-and-ablation,0f8d662,ab16a8cf-7b73-4a8d-9bf5-4436049f7552,0d624a202f6e2ea15cd4ff4fca03a26924e7bf5685c404a0cc892c08223dd699,915bedc898c4a63fff6d74c9da29c14f21d1a6b0a7877cba4f915509a86b273c,28e3f0e88742b79f23e207717e804594dc9075191db40cb3df24f97fe388f7bf,2026-09-20T11:56:43+00:00,24474030_98,laurel,"gr10497b,gr10609b,gr10672b",p=1:t=14:c=14:m=64000M,1800.0,1800.0,64000
BBM/model_108.bnet,cyber/forward-baseline,completed,0.550237,0.661843,,,,12652,,,,,false,false,25,17472,53,43,1930,,25,0,25,0,,,,,,lexical,cyber-forward-baseline,final-comparison-and-ablation,0f8d662,ab16a8cf-7b73-4a8d-9bf5-4436049f7552,0d624a202f6e2ea15cd4ff4fca03a26924e7bf5685c404a0cc892c08223dd699,915bedc898c4a63fff6d74c9da29c14f21d1a6b0a7877cba4f915509a86b273c,28e3f0e88742b79f23e207717e804594dc9075191db40cb3df24f97fe388f7bf,2026-09-20T11:56:43+00:00,24474030_206,laurel,"gr10497b,gr10609b,gr10672b",p=1:t=14:c=14:m=64000M,1800.0,1800.0,64000
BBM/model_109.bnet,cyber/forward-baseline,completed,0.055613,0.166908,,,,12624,,,,,false,false,5,5,3,10,21,,5,0,5,0,,,,,,lexical,cyber-forward-baseline,final-comparison-and-ablation,0f8d662,ab16a8cf-7b73-4a8d-9bf5-4436049f7552,0d624a202f6e2ea15cd4ff4fca03a26924e7bf5685c404a0cc892c08223dd699,915bedc898c4a63fff6d74c9da29c14f21d1a6b0a7877cba4f915509a86b273c,28e3f0e88742b79f23e207717e804594dc9075191db40cb3df24f97fe388f7bf,2026-09-20T11:56:43+00:00,24474030_17,laurel,"gr10497b,gr10609b,gr10672b",p=1:t=14:c=14:m=64000M,1800.0,1800.0,64000
BBM/model_110.bnet,cyber/forward-baseline,completed,0.059156,0.169391,,,,12672,,,,,false,false,9,192,25,6,59,,9,0,9,0,,,,,,lexical,cyber-forward-baseline,final-comparison-and-ablation,0f8d662,ab16a8cf-7b73-4a8d-9bf5-4436049f7552,0d624a202f6e2ea15cd4ff4fca03a26924e7bf5685c404a0cc892c08223dd699,915bedc898c4a63fff6d74c9da29c14f21d1a6b0a7877cba4f915509a86b273c,28e3f0e88742b79f23e207717e804594dc9075191db40cb3df24f97fe388f7bf,2026-09-20T11:56:43+00:00,24474030_77,laurel,"gr10497b,gr10609b,gr10672b",p=1:t=14:c=14:m=64000M,1800.0,1800.0,64000
BBM/model_111.bnet,cyber/forward-baseline,completed,0.75147,0.863516,,,,12668,,,,,false,false,33,262144,64,17,2614,,33,0,33,0,,,,,,lexical,cyber-forward-baseline,final-comparison-and-ablation,0f8d662,ab16a8cf-7b73-4a8d-9bf5-4436049f7552,0d624a202f6e2ea15cd4ff4fca03a26924e7bf5685c404a0cc892c08223dd699,915bedc898c4a63fff6d74c9da29c14f21d1a6b0a7877cba4f915509a86b273c,28e3f0e88742b79f23e207717e804594dc9075191db40cb3df24f97fe388f7bf,2026-09-20T11:56:43+00:00,24474030_136,laurel,"gr10497b,gr10609b,gr10672b",p=1:t=14:c=14:m=64000M,1800.0,1800.0,64000
BBM/model_112.bnet,cyber/forward-baseline,timeout,1788.08,1800.01,,,,1849616,,,,,true,false,112,,,,,,,,,,,,,,,,,final-comparison-and-ablation,0f8d662,ab16a8cf-7b73-4a8d-9bf5-4436049f7552,0d624a202f6e2ea15cd4ff4fca03a26924e7bf5685c404a0cc892c08223dd699,915bedc898c4a63fff6d74c9da29c14f21d1a6b0a7877cba4f915509a86b273c,28e3f0e88742b79f23e207717e804594dc9075191db40cb3df24f97fe388f7bf,2026-09-20T11:56:43+00:00,24474030_59,laurel,"gr10497b,gr10609b,gr10672b",p=1:t=14:c=14:m=64000M,1800.0,1800.0,64000
BBM/model_113.bnet,cyber/forward-baseline,oom,1500.13,1507.94,,,,64847068,,,,,false,true,182,,,,,,,,,,,,,,,,cyber-forward-baseline,final-comparison-and-ablation,0f8d662,ab16a8cf-7b73-4a8d-9bf5-4436049f7552,0d624a202f6e2ea15cd4ff4fca03a26924e7bf5685c404a0cc892c08223dd699,915bedc898c4a63fff6d74c9da29c14f21d1a6b0a7877cba4f915509a86b273c,28e3f0e88742b79f23e207717e804594dc9075191db40cb3df24f97fe388f7bf,2026-09-20T11:56:43+00:00,24474030_189,laurel,"gr10497b,gr10609b,gr10672b",p=1:t=14:c=14:m=64000M,1800.0,1800.0,64000
BBM/model_114.bnet,cyber/forward-baseline,completed,350.693,352.734,,,,91356,,,,,false,false,84,34359738368,76,51,36022,,84,0,84,0,,,,,,lexical,cyber-forward-baseline,final-comparison-and-ablation,0f8d662,ab16a8cf-7b73-4a8d-9bf5-4436049f7552,0d624a202f6e2ea15cd4ff4fca03a26924e7bf5685c404a0cc892c08223dd699,915bedc898c4a63fff6d74c9da29c14f21d1a6b0a7877cba4f915509a86b273c,28e3f0e88742b79f23e207717e804594dc9075191db40cb3df24f97fe388f7bf,2026-09-20T11:56:43+00:00,24474030_99,laurel,"gr10497b,gr10609b,gr10672b",p=1:t=14:c=14:m=64000M,1800.0,1800.0,64000
BBM/model_115.bnet,cyber/forward-baseline,completed,0.371637,0.483615,,,,12616,,,,,false,false,35,16384,26,23,2219,,35,0,35,0,,,,,,lexical,cyber-forward-baseline,final-comparison-and-ablation,0f8d662,ab16a8cf-7b73-4a8d-9bf5-4436049f7552,0d624a202f6e2ea15cd4ff4fca03a26924e7bf5685c404a0cc892c08223dd699,915bedc898c4a63fff6d74c9da29c14f21d1a6b0a7877cba4f915509a86b273c,28e3f0e88742b79f23e207717e804594dc9075191db40cb3df24f97fe388f7bf,2026-09-20T11:56:43+00:00,24474030_151,laurel,"gr10497b,gr10609b,gr10672b",p=1:t=14:c=14:m=64000M,1800.0,1800.0,64000
BBM/model_116.bnet,cyber/forward-baseline,timeout,1792.66,1800.01,,,,6108588,,,,,true,false,144,,,,,,,,,,,,,,,,,final-comparison-and-ablation,0f8d662,ab16a8cf-7b73-4a8d-9bf5-4436049f7552,0d624a202f6e2ea15cd4ff4fca03a26924e7bf5685c404a0cc892c08223dd699,915bedc898c4a63fff6d74c9da29c14f21d1a6b0a7877cba4f915509a86b273c,28e3f0e88742b79f23e207717e804594dc9075191db40cb3df24f97fe388f7bf,2026-09-20T11:56:43+00:00,24474030_20,laurel,"gr10497b,gr10609b,gr10672b",p=1:t=14:c=14:m=64000M,1800.0,1800.0,64000
BBM/model_117.bnet,cyber/forward-baseline,completed,38.309,38.5748,,,,37112,,,,,false,false,47,33554432,67,24,56814,,47,0,47,0,,,,,,lexical,cyber-forward-baseline,final-comparison-and-ablation,0f8d662,ab16a8cf-7b73-4a8d-9bf5-4436049f7552,0d624a202f6e2ea15cd4ff4fca03a26924e7bf5685c404a0cc892c08223dd699,915bedc898c4a63fff6d74c9da29c14f21d1a6b0a7877cba4f915509a86b273c,28e3f0e88742b79f23e207717e804594dc9075191db40cb3df24f97fe388f7bf,2026-09-20T11:56:43+00:00,24474030_203,laurel,"gr10497b,gr10609b,gr10672b",p=1:t=14:c=14:m=64000M,1800.0,1800.0,64000
BBM/model_118.bnet,cyber/forward-baseline,timeout,1791.03,1800.02,,,,6232504,,,,,true,false,121,,,,,,,,,,,,,,,,,final-comparison-and-ablation,0f8d662,ab16a8cf-7b73-4a8d-9bf5-4436049f7552,0d624a202f6e2ea15cd4ff4fca03a26924e7bf5685c404a0cc892c08223dd699,915bedc898c4a63fff6d74c9da29c14f21d1a6b0a7877cba4f915509a86b273c,28e3f0e88742b79f23e207717e804594dc9075191db40cb3df24f97fe388f7bf,2026-09-20T11:56:43+00:00,24474030_97,laurel,"gr10497b,gr10609b,gr10672b",p=1:t=14:c=14:m=64000M,1800.0,1800.0,64000
BBM/model_119.bnet,cyber/forward-baseline,completed,0.07668,0.188156,,,,12656,,,,,false,false,19,8192,24,8,275,,19,0,19,0,,,,,,lexical,cyber-forward-baseline,final-comparison-and-ablation,0f8d662,ab16a8cf-7b73-4a8d-9bf5-4436049f7552,0d624a202f6e2ea15cd4ff4fca03a26924e7bf5685c404a0cc892c08223dd699,915bedc898c4a63fff6d74c9da29c14f21d1a6b0a7877cba4f915509a86b273c,28e3f0e88742b79f23e207717e804594dc9075191db40cb3df24f97fe388f7bf,2026-09-20T11:56:43+00:00,24474030_199,laurel,"gr10497b,gr10609b,gr10672b",p=1:t=14:c=14:m=64000M,1800.0,1800.0,64000
BBM/model_120.bnet,cyber/forward-baseline,oom,1356.27,1362.13,,,,65333340,,,,,false,true,150,,,,,,,,,,,,,,,,cyber-forward-baseline,final-comparison-and-ablation,0f8d662,ab16a8cf-7b73-4a8d-9bf5-4436049f7552,0d624a202f6e2ea15cd4ff4fca03a26924e7bf5685c404a0cc892c08223dd699,915bedc898c4a63fff6d74c9da29c14f21d1a6b0a7877cba4f915509a86b273c,28e3f0e88742b79f23e207717e804594dc9075191db40cb3df24f97fe388f7bf,2026-09-20T11:56:43+00:00,24474030_153,laurel,"gr10497b,gr10609b,gr10672b",p=1:t=14:c=14:m=64000M,1800.0,1800.0,64000
BBM/model_121.bnet,cyber/forward-baseline,completed,956.024,959.222,,,,327448,,,,,false,false,57,446676598784,111,42,203022,,57,0,57,0,,,,,,lexical,cyber-forward-baseline,final-comparison-and-ablation,0f8d662,ab16a8cf-7b73-4a8d-9bf5-4436049f7552,0d624a202f6e2ea15cd4ff4fca03a26924e7bf5685c404a0cc892c08223dd699,915bedc898c4a63fff6d74c9da29c14f21d1a6b0a7877cba4f915509a86b273c,28e3f0e88742b79f23e207717e804594dc9075191db40cb3df24f97fe388f7bf,2026-09-20T11:56:43+00:00,24474030_114,laurel,"gr10497b,gr10609b,gr10672b",p=1:t=14:c=14:m=64000M,1800.0,1800.0,64000
BBM/model_122.bnet,cyber/forward-baseline,timeout,1793.79,1800.22,,,,37730204,,,,,true,false,168,,,,,,,,,,,,,,,,,final-comparison-and-ablation,0f8d662,ab16a8cf-7b73-4a8d-9bf5-4436049f7552,0d624a202f6e2ea15cd4ff4fca03a26924e7bf5685c404a0cc892c08223dd699,915bedc898c4a63fff6d74c9da29c14f21d1a6b0a7877cba4f915509a86b273c,28e3f0e88742b79f23e207717e804594dc9075191db40cb3df24f97fe388f7bf,2026-09-20T11:56:43+00:00,24474030_48,laurel,"gr10497b,gr10609b,gr10672b",p=1:t=14:c=14:m=64000M,1800.0,1800.0,64000
BBM/model_123.bnet,cyber/forward-baseline,completed,24.0512,24.2254,,,,16332,,,,,false,false,60,137438953472,66,25,9918,,60,0,60,0,,,,,,lexical,cyber-forward-baseline,final-comparison-and-ablation,0f8d662,ab16a8cf-7b73-4a8d-9bf5-4436049f7552,0d624a202f6e2ea15cd4ff4fca03a26924e7bf5685c404a0cc892c08223dd699,915bedc898c4a63fff6d74c9da29c14f21d1a6b0a7877cba4f915509a86b273c,28e3f0e88742b79f23e207717e804594dc9075191db40cb3df24f97fe388f7bf,2026-09-20T11:56:43+00:00,24474030_113,laurel,"gr10497b,gr10609b,gr10672b",p=1:t=14:c=14:m=64000M,1800.0,1800.0,64000
BBM/model_124.bnet,cyber/forward-baseline,oom,1174.82,1181.3,,,,65332040,,,,,false,true,252,,,,,,,,,,,,,,,,cyber-forward-baseline,final-comparison-and-ablation,0f8d662,ab16a8cf-7b73-4a8d-9bf5-4436049f7552,0d624a202f6e2ea15cd4ff4fca03a26924e7bf5685c404a0cc892c08223dd699,915bedc898c4a63fff6d74c9da29c14f21d1a6b0a7877cba4f915509a86b273c,28e3f0e88742b79f23e207717e804594dc9075191db40cb3df24f97fe388f7bf,2026-09-20T11:56:43+00:00,24474030_93,laurel,"gr10497b,gr10609b,gr10672b",p=1:t=14:c=14:m=64000M,1800.0,1800.0,64000
BBM/model_125.bnet,cyber/forward-baseline,timeout,1792.04,1800.01,,,,958460,,,,,true,false,51,,,,,,,,,,,,,,,,,final-comparison-and-ablation,0f8d662,ab16a8cf-7b73-4a8d-9bf5-4436049f7552,0d624a202f6e2ea15cd4ff4fca03a26924e7bf5685c404a0cc892c08223dd699,915bedc898c4a63fff6d74c9da29c14f21d1a6b0a7877cba4f915509a86b273c,28e3f0e88742b79f23e207717e804594dc9075191db40cb3df24f97fe388f7bf,2026-09-20T11:56:43+00:00,24474030_91,laurel,"gr10497b,gr10609b,gr10672b",p=1:t=14:c=14:m=64000M,1800.0,1800.0,64000
BBM/model_126.bnet,cyber/forward-baseline,completed,0.264839,0.376055,,,,12624,,,,,false,false,42,512,10,35,170,,42,0,42,0,,,,,,lexical,cyber-forward-baseline,final-comparison-and-ablation,0f8d662,ab16a8cf-7b73-4a8d-9bf5-4436049f7552,0d624a202f6e2ea15cd4ff4fca03a26924e7bf5685c404a0cc892c08223dd699,915bedc898c4a63fff6d74c9da29c14f21d1a6b0a7877cba4f915509a86b273c,28e3f0e88742b79f23e207717e804594dc9075191db40cb3df24f97fe388f7bf,2026-09-20T11:56:43+00:00,24474030_215,laurel,"gr10497b,gr10609b,gr10672b",p=1:t=14:c=14:m=64000M,1800.0,1800.0,64000
BBM/model_127.bnet,cyber/forward-baseline,timeout,1792.29,1800.01,,,,1284876,,,,,true,false,79,,,,,,,,,,,,,,,,,final-comparison-and-ablation,0f8d662,ab16a8cf-7b73-4a8d-9bf5-4436049f7552,0d624a202f6e2ea15cd4ff4fca03a26924e7bf5685c404a0cc892c08223dd699,915bedc898c4a63fff6d74c9da29c14f21d1a6b0a7877cba4f915509a86b273c,28e3f0e88742b79f23e207717e804594dc9075191db40cb3df24f97fe388f7bf,2026-09-20T11:56:43+00:00,24474030_69,laurel,"gr10497b,gr10609b,gr10672b",p=1:t=14:c=14:m=64000M,1800.0,1800.0,64000
BBM/model_128.bnet,cyber/forward-baseline,timeout,1791.85,1800.01,,,,867204,,,,,true,false,90,,,,,,,,,,,,,,,,,final-comparison-and-ablation,0f8d662,ab16a8cf-7b73-4a8d-9bf5-4436049f7552,0d624a202f6e2ea15cd4ff4fca03a26924e7bf5685c404a0cc892c08223dd699,915bedc898c4a63fff6d74c9da29c14f21d1a6b0a7877cba4f915509a86b273c,28e3f0e88742b79f23e207717e804594dc9075191db40cb3df24f97fe388f7bf,2026-09-20T11:56:43+00:00,24474030_36,laurel,"gr10497b,gr10609b,gr10672b",p=1:t=14:c=14:m=64000M,1800.0,1800.0,64000
BBM/model_129.bnet,cyber/forward-baseline,completed,69.4815,69.8689,,,,31696,,,,,false,false,34,8589934592,187,3,61495,,34,0,34,0,,,,,,lexical,cyber-forward-baseline,final-comparison-and-ablation,0f8d662,ab16a8cf-7b73-4a8d-9bf5-4436049f7552,0d624a202f6e2ea15cd4ff4fca03a26924e7bf5685c404a0cc892c08223dd699,915bedc898c4a63fff6d74c9da29c14f21d1a6b0a7877cba4f915509a86b273c,28e3f0e88742b79f23e207717e804594dc9075191db40cb3df24f97fe388f7bf,2026-09-20T11:56:43+00:00,24474030_190,laurel,"gr10497b,gr10609b,gr10672b",p=1:t=14:c=14:m=64000M,1800.0,1800.0,64000
BBM/model_130.bnet,cyber/forward-baseline,timeout,1792.92,1800.01,,,,554184,,,,,true,false,77,,,,,,,,,,,,,,,,cyber-forward-baseline,final-comparison-and-ablation,0f8d662,ab16a8cf-7b73-4a8d-9bf5-4436049f7552,0d624a202f6e2ea15cd4ff4fca03a26924e7bf5685c404a0cc892c08223dd699,915bedc898c4a63fff6d74c9da29c14f21d1a6b0a7877cba4f915509a86b273c,28e3f0e88742b79f23e207717e804594dc9075191db40cb3df24f97fe388f7bf,2026-09-20T11:56:43+00:00,24474030_166,laurel,"gr10497b,gr10609b,gr10672b",p=1:t=14:c=14:m=64000M,1800.0,1800.0,64000
BBM/model_131.bnet,cyber/forward-baseline,completed,0.060516,0.172473,,,,12580,,,,,false,false,21,128,10,16,93,,21,0,21,0,,,,,,lexical,cyber-forward-baseline,final-comparison-and-ablation,0f8d662,ab16a8cf-7b73-4a8d-9bf5-4436049f7552,0d624a202f6e2ea15cd4ff4fca03a26924e7bf5685c404a0cc892c08223dd699,915bedc898c4a63fff6d74c9da29c14f21d1a6b0a7877cba4f915509a86b273c,28e3f0e88742b79f23e207717e804594dc9075191db40cb3df24f97fe388f7bf,2026-09-20T11:56:43+00:00,24474030_133,laurel,"gr10497b,gr10609b,gr10672b",p=1:t=14:c=14:m=64000M,1800.0,1800.0,64000
BBM/model_132.bnet,cyber/forward-baseline,timeout,1793.09,1800.02,,,,924500,,,,,true,false,148,,,,,,,,,,,,,,,,,final-comparison-and-ablation,0f8d662,ab16a8cf-7b73-4a8d-9bf5-4436049f7552,0d624a202f6e2ea15cd4ff4fca03a26924e7bf5685c404a0cc892c08223dd699,915bedc898c4a63fff6d74c9da29c14f21d1a6b0a7877cba4f915509a86b273c,28e3f0e88742b79f23e207717e804594dc9075191db40cb3df24f97fe388f7bf,2026-09-20T11:56:43+00:00,24474030_145,laurel,"gr10497b,gr10609b,gr10672b",p=1:t=14:c=14:m=64000M,1800.0,1800.0,64000
BBM/model_133.bnet,cyber/forward-baseline,completed,0.057274,0.16991,,,,12580,,,,,false,false,10,64,11,6,61,,10,0,10,0,,,,,,lexical,cyber-forward-baseline,final-comparison-and-ablation,0f8d662,ab16a8cf-7b73-4a8d-9bf5-4436049f7552,0d624a202f6e2ea15cd4ff4fca03a26924e7bf5685c404a0cc892c08223dd699,915bedc898c4a63fff6d74c9da29c14f21d1a6b0a7877cba4f915509a86b273c,28e3f0e88742b79f23e207717e804594dc9075191db40cb3df24f97fe388f7bf,2026-09-20T11:56:43+00:00,24474030_75,laurel,"gr10497b,gr10609b,gr10672b",p=1:t=14:c=14:m=64000M,1800.0,1800.0,64000
BBM/model_134.bnet,cyber/forward-baseline,timeout,1793.44,1800.01,,,,719552,,,,,true,false,38,,,,,,,,,,,,,,,,cyber-forward-baseline,final-comparison-and-ablation,0f8d662,ab16a8cf-7b73-4a8d-9bf5-4436049f7552,0d624a202f6e2ea15cd4ff4fca03a26924e7bf5685c404a0cc892c08223dd699,915bedc898c4a63fff6d74c9da29c14f21d1a6b0a7877cba4f915509a86b273c,28e3f0e88742b79f23e207717e804594dc9075191db40cb3df24f97fe388f7bf,2026-09-20T11:56:43+00:00,24474030_132,laurel,"gr10497b,gr10609b,gr10672b",p=1:t=14:c=14:m=64000M,1800.0,1800.0,64000
BBM/model_135.bnet,cyber/forward-baseline,completed,9.76787,9.91222,,,,12564,,,,,false,false,30,4194304,81,10,21037,,30,0,30,0,,,,,,lexical,cyber-forward-baseline,final-comparison-and-ablation,0f8d662,ab16a8cf-7b73-4a8d-9bf5-4436049f7552,0d624a202f6e2ea15cd4ff4fca03a26924e7bf5685c404a0cc892c08223dd699,915bedc898c4a63fff6d74c9da29c14f21d1a6b0a7877cba4f915509a86b273c,28e3f0e88742b79f23e207717e804594dc9075191db40cb3df24f97fe388f7bf,2026-09-20T11:56:43+00:00,24474030_211,laurel,"gr10497b,gr10609b,gr10672b",p=1:t=14:c=14:m=64000M,1800.0,1800.0,64000
BBM/model_136.bnet,cyber/forward-baseline,completed,0.335655,0.44735,,,,12620,,,,,false,false,28,16384,32,16,2082,,28,0,28,0,,,,,,lexical,cyber-forward-baseline,final-comparison-and-ablation,0f8d662,ab16a8cf-7b73-4a8d-9bf5-4436049f7552,0d624a202f6e2ea15cd4ff4fca03a26924e7bf5685c404a0cc892c08223dd699,915bedc898c4a63fff6d74c9da29c14f21d1a6b0a7877cba4f915509a86b273c,28e3f0e88742b79f23e207717e804594dc9075191db40cb3df24f97fe388f7bf,2026-09-20T11:56:43+00:00,24474030_150,laurel,"gr10497b,gr10609b,gr10672b",p=1:t=14:c=14:m=64000M,1800.0,1800.0,64000
BBM/model_137.bnet,cyber/forward-baseline,timeout,1791.5,1800.02,,,,2770368,,,,,true,false,82,,,,,,,,,,,,,,,,,final-comparison-and-ablation,0f8d662,ab16a8cf-7b73-4a8d-9bf5-4436049f7552,0d624a202f6e2ea15cd4ff4fca03a26924e7bf5685c404a0cc892c08223dd699,915bedc898c4a63fff6d74c9da29c14f21d1a6b0a7877cba4f915509a86b273c,28e3f0e88742b79f23e207717e804594dc9075191db40cb3df24f97fe388f7bf,2026-09-20T11:56:43+00:00,24474030_92,laurel,"gr10497b,gr10609b,gr10672b",p=1:t=14:c=14:m=64000M,1800.0,1800.0,64000
BBM/model_138.bnet,cyber/forward-baseline,completed,0.417988,0.531688,,,,12664,,,,,false,false,31,131072,51,16,1468,,31,0,31,0,,,,,,lexical,cyber-forward-baseline,final-comparison-and-ablation,0f8d662,ab16a8cf-7b73-4a8d-9bf5-4436049f7552,0d624a202f6e2ea15cd4ff4fca03a26924e7bf5685c404a0cc892c08223dd699,915bedc898c4a63fff6d74c9da29c14f21d1a6b0a7877cba4f915509a86b273c,28e3f0e88742b79f23e207717e804594dc9075191db40cb3df24f97fe388f7bf,2026-09-20T11:56:43+00:00,24474030_109,laurel,"gr10497b,gr10609b,gr10672b",p=1:t=14:c=14:m=64000M,1800.0,1800.0,64000
BBM/model_139.bnet,cyber/forward-baseline,completed,0.059781,0.170352,,,,12548,,,,,false,false,19,24,7,25,111,,19,0,19,0,,,,,,lexical,cyber-forward-baseline,final-comparison-and-ablation,0f8d662,ab16a8cf-7b73-4a8d-9bf5-4436049f7552,0d624a202f6e2ea15cd4ff4fca03a26924e7bf5685c404a0cc892c08223dd699,915bedc898c4a63fff6d74c9da29c14f21d1a6b0a7877cba4f915509a86b273c,28e3f0e88742b79f23e207717e804594dc9075191db40cb3df24f97fe388f7bf,2026-09-20T11:56:43+00:00,24474030_78,laurel,"gr10497b,gr10609b,gr10672b",p=1:t=14:c=14:m=64000M,1800.0,1800.0,64000
BBM/model_140.bnet,cyber/forward-baseline,timeout,1791.85,1800.01,,,,754808,,,,,true,false,80,,,,,,,,,,,,,,,,,final-comparison-and-ablation,0f8d662,ab16a8cf-7b73-4a8d-9bf5-4436049f7552,0d624a202f6e2ea15cd4ff4fca03a26924e7bf5685c404a0cc892c08223dd699,915bedc898c4a63fff6d74c9da29c14f21d1a6b0a7877cba4f915509a86b273c,28e3f0e88742b79f23e207717e804594dc9075191db40cb3df24f97fe388f7bf,2026-09-20T11:56:43+00:00,24474030_56,laurel,"gr10497b,gr10609b,gr10672b",p=1:t=14:c=14:m=64000M,1800.0,1800.0,64000
BBM/model_141.bnet,cyber/forward-baseline,completed,15.1387,15.2945,,,,17468,,,,,false,false,45,59659780096,76,21,10926,,45,0,45,0,,,,,,lexical,cyber-forward-baseline,final-comparison-and-ablation,0f8d662,ab16a8cf-7b73-4a8d-9bf5-4436049f7552,0d624a202f6e2ea15cd4ff4fca03a26924e7bf5685c404a0cc892c08223dd699,915bedc898c4a63fff6d74c9da29c14f21d1a6b0a7877cba4f915509a86b273c,28e3f0e88742b79f23e207717e804594dc9075191db40cb3df24f97fe388f7bf,2026-09-20T11:56:43+00:00,24474030_115,laurel,"gr10497b,gr10609b,gr10672b",p=1:t=14:c=14:m=64000M,1800.0,1800.0,64000
BBM/model_142.bnet,cyber/forward-baseline,completed,1.7037,1.82225,,,,12628,,,,,false,false,29,2097152,47,10,10331,,29,0,29,0,,,,,,lexical,cyber-forward-baseline,final-comparison-and-ablation,0f8d662,ab16a8cf-7b73-4a8d-9bf5-4436049f7552,0d624a202f6e2ea15cd4ff4fca03a26924e7bf5685c404a0cc892c08223dd699,915bedc898c4a63fff6d74c9da29c14f21d1a6b0a7877cba4f915509a86b273c,28e3f0e88742b79f23e207717e804594dc9075191db40cb3df24f97fe388f7bf,2026-09-20T11:56:43+00:00,24474030_57,laurel,"gr10497b,gr10609b,gr10672b",p=1:t=14:c=14:m=64000M,1800.0,1800.0,64000
BBM/model_143.bnet,cyber/forward-baseline,timeout,1791.38,1800.01,,,,1741004,,,,,true,false,97,,,,,,,,,,,,,,,,,final-comparison-and-ablation,0f8d662,ab16a8cf-7b73-4a8d-9bf5-4436049f7552,0d624a202f6e2ea15cd4ff4fca03a26924e7bf5685c404a0cc892c08223dd699,915bedc898c4a63fff6d74c9da29c14f21d1a6b0a7877cba4f915509a86b273c,28e3f0e88742b79f23e207717e804594dc9075191db40cb3df24f97fe388f7bf,2026-09-20T11:56:43+00:00,24474030_28,laurel,"gr10497b,gr10609b,gr10672b",p=1:t=14:c=14:m=64000M,1800.0,1800.0,64000
BBM/model_144.bnet,cyber/forward-baseline,oom,1089.59,1095.46,,,,65336680,,,,,false,true,202,,,,,,,,,,,,,,,,cyber-forward-baseline,final-comparison-and-ablation,0f8d662,ab16a8cf-7b73-4a8d-9bf5-4436049f7552,0d624a202f6e2ea15cd4ff4fca03a26924e7bf5685c404a0cc892c08223dd699,915bedc898c4a63fff6d74c9da29c14f21d1a6b0a7877cba4f915509a86b273c,28e3f0e88742b79f23e207717e804594dc9075191db40cb3df24f97fe388f7bf,2026-09-20T11:56:43+00:00,24474030_194,laurel,"gr10497b,gr10609b,gr10672b",p=1:t=14:c=14:m=64000M,1800.0,1800.0,64000
BBM/model_145.bnet,cyber/forward-baseline,timeout,1793.5,1800.01,,,,561896,,,,,true,false,62,,,,,,,,,,,,,,,,cyber-forward-baseline,final-comparison-and-ablation,0f8d662,ab16a8cf-7b73-4a8d-9bf5-4436049f7552,0d624a202f6e2ea15cd4ff4fca03a26924e7bf5685c404a0cc892c08223dd699,915bedc898c4a63fff6d74c9da29c14f21d1a6b0a7877cba4f915509a86b273c,28e3f0e88742b79f23e207717e804594dc9075191db40cb3df24f97fe388f7bf,2026-09-20T11:56:43+00:00,24474030_156,laurel,"gr10497b,gr10609b,gr10672b",p=1:t=14:c=14:m=64000M,1800.0,1800.0,64000
BBM/model_146.bnet,cyber/forward-baseline,completed,140.28,141.186,,,,52824,,,,,false,false,50,103275520,111,1051,92827,,50,0,50,0,,,,,,lexical,cyber-forward-baseline,final-comparison-and-ablation,0f8d662,ab16a8cf-7b73-4a8d-9bf5-4436049f7552,0d624a202f6e2ea15cd4ff4fca03a26924e7bf5685c404a0cc892c08223dd699,915bedc898c4a63fff6d74c9da29c14f21d1a6b0a7877cba4f915509a86b273c,28e3f0e88742b79f23e207717e804594dc9075191db40cb3df24f97fe388f7bf,2026-09-20T11:56:43+00:00,24474030_54,laurel,"gr10497b,gr10609b,gr10672b",p=1:t=14:c=14:m=64000M,1800.0,1800.0,64000
BBM/model_147.bnet,cyber/forward-baseline,completed,0.062371,0.174284,,,,12512,,,,,false,false,16,128,14,11,105,,16,0,16,0,,,,,,lexical,cyber-forward-baseline,final-comparison-and-ablation,0f8d662,ab16a8cf-7b73-4a8d-9bf5-4436049f7552,0d624a202f6e2ea15cd4ff4fca03a26924e7bf5685c404a0cc892c08223dd699,915bedc898c4a63fff6d74c9da29c14f21d1a6b0a7877cba4f915509a86b273c,28e3f0e88742b79f23e207717e804594dc9075191db40cb3df24f97fe388f7bf,2026-09-20T11:56:43+00:00,24474030_67,laurel,"gr10497b,gr10609b,gr10672b",p=1:t=14:c=14:m=64000M,1800.0,1800.0,64000
BBM/model_148.bnet,cyber/forward-baseline,timeout,1792.35,1800.02,,,,2615404,,,,,true,false,83,,,,,,,,,,,,,,,,,final-comparison-and-ablation,0f8d662,ab16a8cf-7b73-4a8d-9bf5-4436049f7552,0d624a202f6e2ea15cd4ff4fca03a26924e7bf5685c404a0cc892c08223dd699,915bedc898c4a63fff6d74c9da29c14f21d1a6b0a7877cba4f915509a86b273c,28e3f0e88742b79f23e207717e804594dc9075191db40cb3df24f97fe388f7bf,2026-09-20T11:56:43+00:00,24474030_12,laurel,"gr10497b,gr10609b,gr10672b",p=1:t=14:c=14:m=64000M,1800.0,1800.0,64000
BBM/model_149.bnet,cyber/forward-baseline,completed,0.068856,0.180736,,,,12572,,,,,false,false,14,896,25,13,169,,14,0,14,0,,,,,,lexical,cyber-forward-baseline,final-comparison-and-ablation,0f8d662,ab16a8cf-7b73-4a8d-9bf5-4436049f7552,0d624a202f6e2ea15cd4ff4fca03a26924e7bf5685c404a0cc892c08223dd699,915bedc898c4a63fff6d74c9da29c14f21d1a6b0a7877cba4f915509a86b273c,28e3f0e88742b79f23e207717e804594dc9075191db40cb3df24f97fe388f7bf,2026-09-20T11:56:43+00:00,24474030_159,laurel,"gr10497b,gr10609b,gr10672b",p=1:t=14:c=14:m=64000M,1800.0,1800.0,64000
BBM/model_150.bnet,cyber/forward-baseline,completed,9.82161,9.9712,,,,12652,,,,,false,false,33,1331456,88,76,25121,,33,0,33,0,,,,,,lexical,cyber-forward-baseline,final-comparison-and-ablation,0f8d662,ab16a8cf-7b73-4a8d-9bf5-4436049f7552,0d624a202f6e2ea15cd4ff4fca03a26924e7bf5685c404a0cc892c08223dd699,915bedc898c4a63fff6d74c9da29c14f21d1a6b0a7877cba4f915509a86b273c,28e3f0e88742b79f23e207717e804594dc9075191db40cb3df24f97fe388f7bf,2026-09-20T11:56:43+00:00,24474030_72,laurel,"gr10497b,gr10609b,gr10672b",p=1:t=14:c=14:m=64000M,1800.0,1800.0,64000
BBM/model_151.bnet,cyber/forward-baseline,timeout,1791.08,1800.03,,,,4489068,,,,,true,false,133,,,,,,,,,,,,,,,,,final-comparison-and-ablation,0f8d662,ab16a8cf-7b73-4a8d-9bf5-4436049f7552,0d624a202f6e2ea15cd4ff4fca03a26924e7bf5685c404a0cc892c08223dd699,915bedc898c4a63fff6d74c9da29c14f21d1a6b0a7877cba4f915509a86b273c,28e3f0e88742b79f23e207717e804594dc9075191db40cb3df24f97fe388f7bf,2026-09-20T11:56:43+00:00,24474030_25,laurel,"gr10497b,gr10609b,gr10672b",p=1:t=14:c=14:m=64000M,1800.0,1800.0,64000
BBM/model_152.bnet,cyber/forward-baseline,timeout,1794.08,1800.01,,,,1732156,,,,,true,false,53,,,,,,,,,,,,,,,,,final-comparison-and-ablation,0f8d662,ab16a8cf-7b73-4a8d-9bf5-4436049f7552,0d624a202f6e2ea15cd4ff4fca03a26924e7bf5685c404a0cc892c08223dd699,915bedc898c4a63fff6d74c9da29c14f21d1a6b0a7877cba4f915509a86b273c,28e3f0e88742b79f23e207717e804594dc9075191db40cb3df24f97fe388f7bf,2026-09-20T11:56:43+00:00,24474030_149,laurel,"gr10497b,gr10609b,gr10672b",p=1:t=14:c=14:m=64000M,1800.0,1800.0,64000
BBM/model_153.bnet,cyber/forward-baseline,completed,0.081393,0.193503,,,,12576,,,,,false,false,18,640,23,15,254,,18,0,18,0,,,,,,lexical,cyber-forward-baseline,final-comparison-and-ablation,0f8d662,ab16a8cf-7b73-4a8d-9bf5-4436049f7552,0d624a202f6e2ea15cd4ff4fca03a26924e7bf5685c404a0cc892c08223dd699,915bedc898c4a63fff6d74c9da29c14f21d1a6b0a7877cba4f915509a86b273c,28e3f0e88742b79f23e207717e804594dc9075191db40cb3df24f97fe388f7bf,2026-09-20T11:56:43+00:00,24474030_11,laurel,"gr10497b,gr10609b,gr10672b",p=1:t=14:c=14:m=64000M,1800.0,1800.0,64000
BBM/model_154.bnet,cyber/forward-baseline,completed,0.062543,0.173188,,,,12620,,,,,false,false,21,128,9,16,117,,21,0,21,0,,,,,,lexical,cyber-forward-baseline,final-comparison-and-ablation,0f8d662,ab16a8cf-7b73-4a8d-9bf5-4436049f7552,0d624a202f6e2ea15cd4ff4fca03a26924e7bf5685c404a0cc892c08223dd699,915bedc898c4a63fff6d74c9da29c14f21d1a6b0a7877cba4f915509a86b273c,28e3f0e88742b79f23e207717e804594dc9075191db40cb3df24f97fe388f7bf,2026-09-20T11:56:43+00:00,24474030_214,laurel,"gr10497b,gr10609b,gr10672b",p=1:t=14:c=14:m=64000M,1800.0,1800.0,64000
BBM/model_155.bnet,cyber/forward-baseline,timeout,1793.52,1800.01,,,,979904,,,,,true,false,71,,,,,,,,,,,,,,,,,final-comparison-and-ablation,0f8d662,ab16a8cf-7b73-4a8d-9bf5-4436049f7552,0d624a202f6e2ea15cd4ff4fca03a26924e7bf5685c404a0cc892c08223dd699,915bedc898c4a63fff6d74c9da29c14f21d1a6b0a7877cba4f915509a86b273c,28e3f0e88742b79f23e207717e804594dc9075191db40cb3df24f97fe388f7bf,2026-09-20T11:56:43+00:00,24474030_157,laurel,"gr10497b,gr10609b,gr10672b",p=1:t=14:c=14:m=64000M,1800.0,1800.0,64000
BBM/model_156.bnet,cyber/forward-baseline,completed,0.326241,0.437952,,,,12636,,,,,false,false,36,262144,24,20,1139,,36,0,36,0,,,,,,lexical,cyber-forward-baseline,final-comparison-and-ablation,0f8d662,ab16a8cf-7b73-4a8d-9bf5-4436049f7552,0d624a202f6e2ea15cd4ff4fca03a26924e7bf5685c404a0cc892c08223dd699,915bedc898c4a63fff6d74c9da29c14f21d1a6b0a7877cba4f915509a86b273c,28e3f0e88742b79f23e207717e804594dc9075191db40cb3df24f97fe388f7bf,2026-09-20T11:56:43+00:00,24474030_33,laurel,"gr10497b,gr10609b,gr10672b",p=1:t=14:c=14:m=64000M,1800.0,1800.0,64000
BBM/model_157.bnet,cyber/forward-baseline,timeout,1792.03,1800.01,,,,859040,,,,,true,false,103,,,,,,,,,,,,,,,,,final-comparison-and-ablation,0f8d662,ab16a8cf-7b73-4a8d-9bf5-4436049f7552,0d624a202f6e2ea15cd4ff4fca03a26924e7bf5685c404a0cc892c08223dd699,915bedc898c4a63fff6d74c9da29c14f21d1a6b0a7877cba4f915509a86b273c,28e3f0e88742b79f23e207717e804594dc9075191db40cb3df24f97fe388f7bf,2026-09-20T11:56:43+00:00,24474030_143,laurel,"gr10497b,gr10609b,gr10672b",p=1:t=14:c=14:m=64000M,1800.0,1800.0,64000
BBM/model_158.bnet,cyber/forward-baseline,completed,0.055983,0.168031,,,,12556,,,,,false,false,7,16,5,5,30,,7,0,7,0,,,,,,lexical,cyber-forward-baseline,final-comparison-and-ablation,0f8d662,ab16a8cf-7b73-4a8d-9bf5-4436049f7552,0d624a202f6e2ea15cd4ff4fca03a26924e7bf5685c404a0cc892c08223dd699,915bedc898c4a63fff6d74c9da29c14f21d1a6b0a7877cba4f915509a86b273c,28e3f0e88742b79f23e207717e804594dc9075191db40cb3df24f97fe388f7bf,2026-09-20T11:56:43+00:00,24474030_139,laurel,"gr10497b,gr10609b,gr10672b",p=1:t=14:c=14:m=64000M,1800.0,1800.0,64000
BBM/model_159.bnet,cyber/forward-baseline,completed,23.7152,23.9195,,,,19816,,,,,false,false,39,10673152,115,194,29754,,39,0,39,0,,,,,,lexical,cyber-forward-baseline,final-comparison-and-ablation,0f8d662,ab16a8cf-7b73-4a8d-9bf5-4436049f7552,0d624a202f6e2ea15cd4ff4fca03a26924e7bf5685c404a0cc892c08223dd699,915bedc898c4a63fff6d74c9da29c14f21d1a6b0a7877cba4f915509a86b273c,28e3f0e88742b79f23e207717e804594dc9075191db40cb3df24f97fe388f7bf,2026-09-20T11:56:43+00:00,24474030_70,laurel,"gr10497b,gr10609b,gr10672b",p=1:t=14:c=14:m=64000M,1800.0,1800.0,64000
BBM/model_160.bnet,cyber/forward-baseline,timeout,1794.15,1800.01,,,,2687964,,,,,true,false,92,,,,,,,,,,,,,,,,,final-comparison-and-ablation,0f8d662,ab16a8cf-7b73-4a8d-9bf5-4436049f7552,0d624a202f6e2ea15cd4ff4fca03a26924e7bf5685c404a0cc892c08223dd699,915bedc898c4a63fff6d74c9da29c14f21d1a6b0a7877cba4f915509a86b273c,28e3f0e88742b79f23e207717e804594dc9075191db40cb3df24f97fe388f7bf,2026-09-20T11:56:43+00:00,24474030_123,laurel,"gr10497b,gr10609b,gr10672b",p=1:t=14:c=14:m=64000M,1800.0,1800.0,64000
BBM/model_161.bnet,cyber/forward-baseline,timeout,1793.83,1800.01,,,,1742252,,,,,true,false,96,,,,,,,,,,,,,,,,,final-comparison-and-ablation,0f8d662,ab16a8cf-7b73-4a8d-9bf5-4436049f7552,0d624a202f6e2ea15cd4ff4fca03a26924e7bf5685c404a0cc892c08223dd699,915bedc898c4a63fff6d74c9da29c14f21d1a6b0a7877cba4f915509a86b273c,28e3f0e88742b79f23e207717e804594dc9075191db40cb3df24f97fe388f7bf,2026-09-20T11:56:43+00:00,24474030_124,laurel,"gr10497b,gr10609b,gr10672b",p=1:t=14:c=14:m=64000M,1800.0,1800.0,64000
BBM/model_162.bnet,cyber/forward-baseline,completed,0.065007,0.175809,,,,12572,,,,,false,false,18,768,15,12,208,,18,0,18,0,,,,,,lexical,cyber-forward-baseline,final-comparison-and-ablation,0f8d662,ab16a8cf-7b73-4a8d-9bf5-4436049f7552,0d624a202f6e2ea15cd4ff4fca03a26924e7bf5685c404a0cc892c08223dd699,915bedc898c4a63fff6d74c9da29c14f21d1a6b0a7877cba4f915509a86b273c,28e3f0e88742b79f23e207717e804594dc9075191db40cb3df24f97fe388f7bf,2026-09-20T11:56:43+00:00,24474030_130,laurel,"gr10497b,gr10609b,gr10672b",p=1:t=14:c=14:m=64000M,1800.0,1800.0,64000
BBM/model_163.bnet,cyber/forward-baseline,completed,10.6713,10.8232,,,,14684,,,,,false,false,34,8388608,73,13,33271,,34,0,34,0,,,,,,lexical,cyber-forward-baseline,final-comparison-and-ablation,0f8d662,ab16a8cf-7b73-4a8d-9bf5-4436049f7552,0d624a202f6e2ea15cd4ff4fca03a26924e7bf5685c404a0cc892c08223dd699,915bedc898c4a63fff6d74c9da29c14f21d1a6b0a7877cba4f915509a86b273c,28e3f0e88742b79f23e207717e804594dc9075191db40cb3df24f97fe388f7bf,2026-09-20T11:56:43+00:00,24474030_122,laurel,"gr10497b,gr10609b,gr10672b",p=1:t=14:c=14:m=64000M,1800.0,1800.0,64000
BBM/model_164.bnet,cyber/forward-baseline,completed,0.098754,0.209767,,,,12628,,,,,false,false,24,4096,23,14,595,,24,0,24,0,,,,,,lexical,cyber-forward-baseline,final-comparison-and-ablation,0f8d662,ab16a8cf-7b73-4a8d-9bf5-4436049f7552,0d624a202f6e2ea15cd4ff4fca03a26924e7bf5685c404a0cc892c08223dd699,915bedc898c4a63fff6d74c9da29c14f21d1a6b0a7877cba4f915509a86b273c,28e3f0e88742b79f23e207717e804594dc9075191db40cb3df24f97fe388f7bf,2026-09-20T11:56:43+00:00,24474030_165,laurel,"gr10497b,gr10609b,gr10672b",p=1:t=14:c=14:m=64000M,1800.0,1800.0,64000
BBM/model_165.bnet,cyber/forward-baseline,completed,0.054791,0.16485,,,,12568,,,,,false,false,8,8,4,7,23,,8,0,8,0,,,,,,lexical,cyber-forward-baseline,final-comparison-and-ablation,0f8d662,ab16a8cf-7b73-4a8d-9bf5-4436049f7552,0d624a202f6e2ea15cd4ff4fca03a26924e7bf5685c404a0cc892c08223dd699,915bedc898c4a63fff6d74c9da29c14f21d1a6b0a7877cba4f915509a86b273c,28e3f0e88742b79f23e207717e804594dc9075191db40cb3df24f97fe388f7bf,2026-09-20T11:56:43+00:00,24474030_34,laurel,"gr10497b,gr10609b,gr10672b",p=1:t=14:c=14:m=64000M,1800.0,1800.0,64000
BBM/model_166.bnet,cyber/forward-baseline,completed,0.070794,0.186783,,,,12512,,,,,false,false,19,128,9,14,121,,19,0,19,0,,,,,,lexical,cyber-forward-baseline,final-comparison-and-ablation,0f8d662,ab16a8cf-7b73-4a8d-9bf5-4436049f7552,0d624a202f6e2ea15cd4ff4fca03a26924e7bf5685c404a0cc892c08223dd699,915bedc898c4a63fff6d74c9da29c14f21d1a6b0a7877cba4f915509a86b273c,28e3f0e88742b79f23e207717e804594dc9075191db40cb3df24f97fe388f7bf,2026-09-20T11:56:43+00:00,24474030_192,laurel,"gr10497b,gr10609b,gr10672b",p=1:t=14:c=14:m=64000M,1800.0,1800.0,64000
BBM/model_167.bnet,cyber/forward-baseline,timeout,1791.12,1800.01,,,,1257968,,,,,true,false,57,,,,,,,,,,,,,,,,,final-comparison-and-ablation,0f8d662,ab16a8cf-7b73-4a8d-9bf5-4436049f7552,0d624a202f6e2ea15cd4ff4fca03a26924e7bf5685c404a0cc892c08223dd699,915bedc898c4a63fff6d74c9da29c14f21d1a6b0a7877cba4f915509a86b273c,28e3f0e88742b79f23e207717e804594dc9075191db40cb3df24f97fe388f7bf,2026-09-20T11:56:43+00:00,24474030_169,laurel,"gr10497b,gr10609b,gr10672b",p=1:t=14:c=14:m=64000M,1800.0,1800.0,64000
BBM/model_168.bnet,cyber/forward-baseline,completed,0.06282,0.17672,,,,12656,,,,,false,false,13,128,19,8,112,,13,0,13,0,,,,,,lexical,cyber-forward-baseline,final-comparison-and-ablation,0f8d662,ab16a8cf-7b73-4a8d-9bf5-4436049f7552,0d624a202f6e2ea15cd4ff4fca03a26924e7bf5685c404a0cc892c08223dd699,915bedc898c4a63fff6d74c9da29c14f21d1a6b0a7877cba4f915509a86b273c,28e3f0e88742b79f23e207717e804594dc9075191db40cb3df24f97fe388f7bf,2026-09-20T11:56:43+00:00,24474030_1,laurel,"gr10497b,gr10609b,gr10672b",p=1:t=14:c=14:m=64000M,1800.0,1800.0,64000
BBM/model_169.bnet,cyber/forward-baseline,completed,0.05565,0.166611,,,,12628,,,,,false,false,7,32,8,4,41,,7,0,7,0,,,,,,lexical,cyber-forward-baseline,final-comparison-and-ablation,0f8d662,ab16a8cf-7b73-4a8d-9bf5-4436049f7552,0d624a202f6e2ea15cd4ff4fca03a26924e7bf5685c404a0cc892c08223dd699,915bedc898c4a63fff6d74c9da29c14f21d1a6b0a7877cba4f915509a86b273c,28e3f0e88742b79f23e207717e804594dc9075191db40cb3df24f97fe388f7bf,2026-09-20T11:56:43+00:00,24474030_179,laurel,"gr10497b,gr10609b,gr10672b",p=1:t=14:c=14:m=64000M,1800.0,1800.0,64000
BBM/model_170.bnet,cyber/forward-baseline,completed,0.05601,0.168353,,,,12576,,,,,false,false,7,16,6,5,34,,7,0,7,0,,,,,,lexical,cyber-forward-baseline,final-comparison-and-ablation,0f8d662,ab16a8cf-7b73-4a8d-9bf5-4436049f7552,0d624a202f6e2ea15cd4ff4fca03a26924e7bf5685c404a0cc892c08223dd699,915bedc898c4a63fff6d74c9da29c14f21d1a6b0a7877cba4f915509a86b273c,28e3f0e88742b79f23e207717e804594dc9075191db40cb3df24f97fe388f7bf,2026-09-20T11:56:43+00:00,24474030_82,laurel,"gr10497b,gr10609b,gr10672b",p=1:t=14:c=14:m=64000M,1800.0,1800.0,64000
BBM/model_171.bnet,cyber/forward-baseline,completed,0.055338,0.165171,,,,12620,,,,,false,false,7,16,6,5,30,,7,0,7,0,,,,,,lexical,cyber-forward-baseline,final-comparison-and-ablation,0f8d662,ab16a8cf-7b73-4a8d-9bf5-4436049f7552,0d624a202f6e2ea15cd4ff4fca03a26924e7bf5685c404a0cc892c08223dd699,915bedc898c4a63fff6d74c9da29c14f21d1a6b0a7877cba4f915509a86b273c,28e3f0e88742b79f23e207717e804594dc9075191db40cb3df24f97fe388f7bf,2026-09-20T11:56:43+00:00,24474030_65,laurel,"gr10497b,gr10609b,gr10672b",p=1:t=14:c=14:m=64000M,1800.0,1800.0,64000
BBM/model_172.bnet,cyber/forward-baseline,completed,0.055432,0.166473,,,,12568,,,,,false,false,7,12,7,7,24,,7,0,7,0,,,,,,lexical,cyber-forward-baseline,final-comparison-and-ablation,0f8d662,ab16a8cf-7b73-4a8d-9bf5-4436049f7552,0d624a202f6e2ea15cd4ff4fca03a26924e7bf5685c404a0cc892c08223dd699,915bedc898c4a63fff6d74c9da29c14f21d1a6b0a7877cba4f915509a86b273c,28e3f0e88742b79f23e207717e804594dc9075191db40cb3df24f97fe388f7bf,2026-09-20T11:56:43+00:00,24474030_5,laurel,"gr10497b,gr10609b,gr10672b",p=1:t=14:c=14:m=64000M,1800.0,1800.0,64000
BBM/model_173.bnet,cyber/forward-baseline,timeout,1793.82,1800.01,,,,3340468,,,,,true,false,76,,,,,,,,,,,,,,,,,final-comparison-and-ablation,0f8d662,ab16a8cf-7b73-4a8d-9bf5-4436049f7552,0d624a202f6e2ea15cd4ff4fca03a26924e7bf5685c404a0cc892c08223dd699,915bedc898c4a63fff6d74c9da29c14f21d1a6b0a7877cba4f915509a86b273c,28e3f0e88742b79f23e207717e804594dc9075191db40cb3df24f97fe388f7bf,2026-09-20T11:56:43+00:00,24474030_83,laurel,"gr10497b,gr10609b,gr10672b",p=1:t=14:c=14:m=64000M,1800.0,1800.0,64000
BBM/model_174.bnet,cyber/forward-baseline,completed,0.811387,0.924684,,,,12596,,,,,false,false,19,335872,61,11,4114,,19,0,19,0,,,,,,lexical,cyber-forward-baseline,final-comparison-and-ablation,0f8d662,ab16a8cf-7b73-4a8d-9bf5-4436049f7552,0d624a202f6e2ea15cd4ff4fca03a26924e7bf5685c404a0cc892c08223dd699,915bedc898c4a63fff6d74c9da29c14f21d1a6b0a7877cba4f915509a86b273c,28e3f0e88742b79f23e207717e804594dc9075191db40cb3df24f97fe388f7bf,2026-09-20T11:56:43+00:00,24474030_186,laurel,"gr10497b,gr10609b,gr10672b",p=1:t=14:c=14:m=64000M,1800.0,1800.0,64000
BBM/model_175.bnet,cyber/forward-baseline,completed,7.41148,7.55492,,,,17012,,,,,false,false,41,12582912,38,46,23906,,41,0,41,0,,,,,,lexical,cyber-forward-baseline,final-comparison-and-ablation,0f8d662,ab16a8cf-7b73-4a8d-9bf5-4436049f7552,0d624a202f6e2ea15cd4ff4fca03a26924e7bf5685c404a0cc892c08223dd699,915bedc898c4a63fff6d74c9da29c14f21d1a6b0a7877cba4f915509a86b273c,28e3f0e88742b79f23e207717e804594dc9075191db40cb3df24f97fe388f7bf,2026-09-20T11:56:43+00:00,24474030_24,laurel,"gr10497b,gr10609b,gr10672b",p=1:t=14:c=14:m=64000M,1800.0,1800.0,64000
BBM/model_177.bnet,cyber/forward-baseline,completed,0.194222,0.306575,,,,12656,,,,,false,false,34,5376,25,64,845,,34,0,34,0,,,,,,lexical,cyber-forward-baseline,final-comparison-and-ablation,0f8d662,ab16a8cf-7b73-4a8d-9bf5-4436049f7552,0d624a202f6e2ea15cd4ff4fca03a26924e7bf5685c404a0cc892c08223dd699,915bedc898c4a63fff6d74c9da29c14f21d1a6b0a7877cba4f915509a86b273c,28e3f0e88742b79f23e207717e804594dc9075191db40cb3df24f97fe388f7bf,2026-09-20T11:56:43+00:00,24474030_178,laurel,"gr10497b,gr10609b,gr10672b",p=1:t=14:c=14:m=64000M,1800.0,1800.0,64000
BBM/model_178.bnet,cyber/forward-baseline,timeout,1792.47,1800.01,,,,1714928,,,,,true,false,48,,,,,,,,,,,,,,,,,final-comparison-and-ablation,0f8d662,ab16a8cf-7b73-4a8d-9bf5-4436049f7552,0d624a202f6e2ea15cd4ff4fca03a26924e7bf5685c404a0cc892c08223dd699,915bedc898c4a63fff6d74c9da29c14f21d1a6b0a7877cba4f915509a86b273c,28e3f0e88742b79f23e207717e804594dc9075191db40cb3df24f97fe388f7bf,2026-09-20T11:56:43+00:00,24474030_18,laurel,"gr10497b,gr10609b,gr10672b",p=1:t=14:c=14:m=64000M,1800.0,1800.0,64000
BBM/model_179.bnet,cyber/forward-baseline,timeout,1793.4,1800.01,,,,343380,,,,,true,false,56,,,,,,,,,,,,,,,,cyber-forward-baseline,final-comparison-and-ablation,0f8d662,ab16a8cf-7b73-4a8d-9bf5-4436049f7552,0d624a202f6e2ea15cd4ff4fca03a26924e7bf5685c404a0cc892c08223dd699,915bedc898c4a63fff6d74c9da29c14f21d1a6b0a7877cba4f915509a86b273c,28e3f0e88742b79f23e207717e804594dc9075191db40cb3df24f97fe388f7bf,2026-09-20T11:56:43+00:00,24474030_63,laurel,"gr10497b,gr10609b,gr10672b",p=1:t=14:c=14:m=64000M,1800.0,1800.0,64000
BBM/model_180.bnet,cyber/forward-baseline,completed,0.069077,0.180732,,,,12552,,,,,false,false,12,1024,28,4,241,,12,0,12,0,,,,,,lexical,cyber-forward-baseline,final-comparison-and-ablation,0f8d662,ab16a8cf-7b73-4a8d-9bf5-4436049f7552,0d624a202f6e2ea15cd4ff4fca03a26924e7bf5685c404a0cc892c08223dd699,915bedc898c4a63fff6d74c9da29c14f21d1a6b0a7877cba4f915509a86b273c,28e3f0e88742b79f23e207717e804594dc9075191db40cb3df24f97fe388f7bf,2026-09-20T11:56:43+00:00,24474030_45,laurel,"gr10497b,gr10609b,gr10672b",p=1:t=14:c=14:m=64000M,1800.0,1800.0,64000
BBM/model_181.bnet,cyber/forward-baseline,completed,0.067004,0.186353,,,,12624,,,,,false,false,13,180,11,32,165,,13,0,13,0,,,,,,lexical,cyber-forward-baseline,final-comparison-and-ablation,0f8d662,ab16a8cf-7b73-4a8d-9bf5-4436049f7552,0d624a202f6e2ea15cd4ff4fca03a26924e7bf5685c404a0cc892c08223dd699,915bedc898c4a63fff6d74c9da29c14f21d1a6b0a7877cba4f915509a86b273c,28e3f0e88742b79f23e207717e804594dc9075191db40cb3df24f97fe388f7bf,2026-09-20T11:56:43+00:00,24474030_61,laurel,"gr10497b,gr10609b,gr10672b",p=1:t=14:c=14:m=64000M,1800.0,1800.0,64000
BBM/model_182.bnet,cyber/forward-baseline,completed,0.05856,0.171437,,,,12632,,,,,false,false,14,16,5,12,56,,14,0,14,0,,,,,,lexical,cyber-forward-baseline,final-comparison-and-ablation,0f8d662,ab16a8cf-7b73-4a8d-9bf5-4436049f7552,0d624a202f6e2ea15cd4ff4fca03a26924e7bf5685c404a0cc892c08223dd699,915bedc898c4a63fff6d74c9da29c14f21d1a6b0a7877cba4f915509a86b273c,28e3f0e88742b79f23e207717e804594dc9075191db40cb3df24f97fe388f7bf,2026-09-20T11:56:43+00:00,24474030_32,laurel,"gr10497b,gr10609b,gr10672b",p=1:t=14:c=14:m=64000M,1800.0,1800.0,64000
BBM/model_183.bnet,cyber/forward-baseline,completed,117.989,118.407,,,,50576,,,,,false,false,35,48131776,181,480,84046,,35,0,35,0,,,,,,lexical,cyber-forward-baseline,final-comparison-and-ablation,0f8d662,ab16a8cf-7b73-4a8d-9bf5-4436049f7552,0d624a202f6e2ea15cd4ff4fca03a26924e7bf5685c404a0cc892c08223dd699,915bedc898c4a63fff6d74c9da29c14f21d1a6b0a7877cba4f915509a86b273c,28e3f0e88742b79f23e207717e804594dc9075191db40cb3df24f97fe388f7bf,2026-09-20T11:56:43+00:00,24474030_134,laurel,"gr10497b,gr10609b,gr10672b",p=1:t=14:c=14:m=64000M,1800.0,1800.0,64000
BBM/model_184.bnet,cyber/forward-baseline,completed,0.055465,0.165769,,,,12628,,,,,false,false,6,4,3,6,21,,6,0,6,0,,,,,,lexical,cyber-forward-baseline,final-comparison-and-ablation,0f8d662,ab16a8cf-7b73-4a8d-9bf5-4436049f7552,0d624a202f6e2ea15cd4ff4fca03a26924e7bf5685c404a0cc892c08223dd699,915bedc898c4a63fff6d74c9da29c14f21d1a6b0a7877cba4f915509a86b273c,28e3f0e88742b79f23e207717e804594dc9075191db40cb3df24f97fe388f7bf,2026-09-20T11:56:43+00:00,24474030_174,laurel,"gr10497b,gr10609b,gr10672b",p=1:t=14:c=14:m=64000M,1800.0,1800.0,64000
BBM/model_185.bnet,cyber/forward-baseline,completed,0.061953,0.172602,,,,12588,,,,,false,false,15,72,14,21,86,,15,0,15,0,,,,,,lexical,cyber-forward-baseline,final-comparison-and-ablation,0f8d662,ab16a8cf-7b73-4a8d-9bf5-4436049f7552,0d624a202f6e2ea15cd4ff4fca03a26924e7bf5685c404a0cc892c08223dd699,915bedc898c4a63fff6d74c9da29c14f21d1a6b0a7877cba4f915509a86b273c,28e3f0e88742b79f23e207717e804594dc9075191db40cb3df24f97fe388f7bf,2026-09-20T11:56:43+00:00,24474030_79,laurel,"gr10497b,gr10609b,gr10672b",p=1:t=14:c=14:m=64000M,1800.0,1800.0,64000
BBM/model_186.bnet,cyber/forward-baseline,completed,0.055208,0.16708,,,,12504,,,,,false,false,10,3,3,13,25,,10,0,10,0,,,,,,lexical,cyber-forward-baseline,final-comparison-and-ablation,0f8d662,ab16a8cf-7b73-4a8d-9bf5-4436049f7552,0d624a202f6e2ea15cd4ff4fca03a26924e7bf5685c404a0cc892c08223dd699,915bedc898c4a63fff6d74c9da29c14f21d1a6b0a7877cba4f915509a86b273c,28e3f0e88742b79f23e207717e804594dc9075191db40cb3df24f97fe388f7bf,2026-09-20T11:56:43+00:00,24474030_110,laurel,"gr10497b,gr10609b,gr10672b",p=1:t=14:c=14:m=64000M,1800.0,1800.0,64000
BBM/model_187.bnet,cyber/forward-baseline,completed,0.069568,0.18,,,,12656,,,,,false,false,19,576,18,15,134,,19,0,19,0,,,,,,lexical,cyber-forward-baseline,final-comparison-and-ablation,0f8d662,ab16a8cf-7b73-4a8d-9bf5-4436049f7552,0d624a202f6e2ea15cd4ff4fca03a26924e7bf5685c404a0cc892c08223dd699,915bedc898c4a63fff6d74c9da29c14f21d1a6b0a7877cba4f915509a86b273c,28e3f0e88742b79f23e207717e804594dc9075191db40cb3df24f97fe388f7bf,2026-09-20T11:56:43+00:00,24474030_176,laurel,"gr10497b,gr10609b,gr10672b",p=1:t=14:c=14:m=64000M,1800.0,1800.0,64000
BBM/model_188.bnet,cyber/forward-baseline,completed,1.69772,1.81553,,,,12636,,,,,false,false,37,5308416,49,29,4293,,37,0,37,0,,,,,,lexical,cyber-forward-baseline,final-comparison-and-ablation,0f8d662,ab16a8cf-7b73-4a8d-9bf5-4436049f7552,0d624a202f6e2ea15cd4ff4fca03a26924e7bf5685c404a0cc892c08223dd699,915bedc898c4a63fff6d74c9da29c14f21d1a6b0a7877cba4f915509a86b273c,28e3f0e88742b79f23e207717e804594dc9075191db40cb3df24f97fe388f7bf,2026-09-20T11:56:43+00:00,24474030_9,laurel,"gr10497b,gr10609b,gr10672b",p=1:t=14:c=14:m=64000M,1800.0,1800.0,64000
BBM/model_189.bnet,cyber/forward-baseline,completed,0.055301,0.166131,,,,12576,,,,,false,false,6,16,9,4,22,,6,0,6,0,,,,,,lexical,cyber-forward-baseline,final-comparison-and-ablation,0f8d662,ab16a8cf-7b73-4a8d-9bf5-4436049f7552,0d624a202f6e2ea15cd4ff4fca03a26924e7bf5685c404a0cc892c08223dd699,915bedc898c4a63fff6d74c9da29c14f21d1a6b0a7877cba4f915509a86b273c,28e3f0e88742b79f23e207717e804594dc9075191db40cb3df24f97fe388f7bf,2026-09-20T11:56:43+00:00,24474030_128,laurel,"gr10497b,gr10609b,gr10672b",p=1:t=14:c=14:m=64000M,1800.0,1800.0,64000
BBM/model_190.bnet,cyber/forward-baseline,completed,143.393,144.095,,,,46360,,,,,false,false,37,33554432,230,14,68466,,37,0,37,0,,,,,,lexical,cyber-forward-baseline,final-comparison-and-ablation,0f8d662,ab16a8cf-7b73-4a8d-9bf5-4436049f7552,0d624a202f6e2ea15cd4ff4fca03a26924e7bf5685c404a0cc892c08223dd699,915bedc898c4a63fff6d74c9da29c14f21d1a6b0a7877cba4f915509a86b273c,28e3f0e88742b79f23e207717e804594dc9075191db40cb3df24f97fe388f7bf,2026-09-20T11:56:43+00:00,24474030_14,laurel,"gr10497b,gr10609b,gr10672b",p=1:t=14:c=14:m=64000M,1800.0,1800.0,64000
BBM/model_191.bnet,cyber/forward-baseline,completed,0.111726,0.224713,,,,12632,,,,,false,false,19,8192,33,8,544,,19,0,19,0,,,,,,lexical,cyber-forward-baseline,final-comparison-and-ablation,0f8d662,ab16a8cf-7b73-4a8d-9bf5-4436049f7552,0d624a202f6e2ea15cd4ff4fca03a26924e7bf5685c404a0cc892c08223dd699,915bedc898c4a63fff6d74c9da29c14f21d1a6b0a7877cba4f915509a86b273c,28e3f0e88742b79f23e207717e804594dc9075191db40cb3df24f97fe388f7bf,2026-09-20T11:56:43+00:00,24474030_105,laurel,"gr10497b,gr10609b,gr10672b",p=1:t=14:c=14:m=64000M,1800.0,1800.0,64000
BBM/model_192.bnet,cyber/forward-baseline,timeout,1793.95,1800.01,,,,1813996,,,,,true,false,102,,,,,,,,,,,,,,,,,final-comparison-and-ablation,0f8d662,ab16a8cf-7b73-4a8d-9bf5-4436049f7552,0d624a202f6e2ea15cd4ff4fca03a26924e7bf5685c404a0cc892c08223dd699,915bedc898c4a63fff6d74c9da29c14f21d1a6b0a7877cba4f915509a86b273c,28e3f0e88742b79f23e207717e804594dc9075191db40cb3df24f97fe388f7bf,2026-09-20T11:56:43+00:00,24474030_23,laurel,"gr10497b,gr10609b,gr10672b",p=1:t=14:c=14:m=64000M,1800.0,1800.0,64000
BBM/model_193.bnet,cyber/forward-baseline,completed,2.61132,2.72812,,,,12668,,,,,false,false,30,2686976,69,81,8347,,30,0,30,0,,,,,,lexical,cyber-forward-baseline,final-comparison-and-ablation,0f8d662,ab16a8cf-7b73-4a8d-9bf5-4436049f7552,0d624a202f6e2ea15cd4ff4fca03a26924e7bf5685c404a0cc892c08223dd699,915bedc898c4a63fff6d74c9da29c14f21d1a6b0a7877cba4f915509a86b273c,28e3f0e88742b79f23e207717e804594dc9075191db40cb3df24f97fe388f7bf,2026-09-20T11:56:43+00:00,24474030_208,laurel,"gr10497b,gr10609b,gr10672b",p=1:t=14:c=14:m=64000M,1800.0,1800.0,64000
BBM/model_194.bnet,cyber/forward-baseline,timeout,1795.35,1800.01,,,,1788836,,,,,true,false,106,,,,,,,,,,,,,,,,,final-comparison-and-ablation,0f8d662,ab16a8cf-7b73-4a8d-9bf5-4436049f7552,0d624a202f6e2ea15cd4ff4fca03a26924e7bf5685c404a0cc892c08223dd699,915bedc898c4a63fff6d74c9da29c14f21d1a6b0a7877cba4f915509a86b273c,28e3f0e88742b79f23e207717e804594dc9075191db40cb3df24f97fe388f7bf,2026-09-20T11:56:43+00:00,24474030_112,laurel,"gr10497b,gr10609b,gr10672b",p=1:t=14:c=14:m=64000M,1800.0,1800.0,64000
BBM/model_195.bnet,cyber/forward-baseline,oom,883.913,889.394,,,,65333880,,,,,false,true,216,,,,,,,,,,,,,,,,cyber-forward-baseline,final-comparison-and-ablation,0f8d662,ab16a8cf-7b73-4a8d-9bf5-4436049f7552,0d624a202f6e2ea15cd4ff4fca03a26924e7bf5685c404a0cc892c08223dd699,915bedc898c4a63fff6d74c9da29c14f21d1a6b0a7877cba4f915509a86b273c,28e3f0e88742b79f23e207717e804594dc9075191db40cb3df24f97fe388f7bf,2026-09-20T11:56:43+00:00,24474030_15,laurel,"gr10497b,gr10609b,gr10672b",p=1:t=14:c=14:m=64000M,1800.0,1800.0,64000
BBM/model_196.bnet,cyber/forward-baseline,timeout,1791.62,1800.01,,,,2491440,,,,,true,false,61,,,,,,,,,,,,,,,,,final-comparison-and-ablation,0f8d662,ab16a8cf-7b73-4a8d-9bf5-4436049f7552,0d624a202f6e2ea15cd4ff4fca03a26924e7bf5685c404a0cc892c08223dd699,915bedc898c4a63fff6d74c9da29c14f21d1a6b0a7877cba4f915509a86b273c,28e3f0e88742b79f23e207717e804594dc9075191db40cb3df24f97fe388f7bf,2026-09-20T11:56:43+00:00,24474030_37,laurel,"gr10497b,gr10609b,gr10672b",p=1:t=14:c=14:m=64000M,1800.0,1800.0,64000
BBM/model_197.bnet,cyber/forward-baseline,timeout,1793.76,1800.01,,,,2488212,,,,,true,false,56,,,,,,,,,,,,,,,,,final-comparison-and-ablation,0f8d662,ab16a8cf-7b73-4a8d-9bf5-4436049f7552,0d624a202f6e2ea15cd4ff4fca03a26924e7bf5685c404a0cc892c08223dd699,915bedc898c4a63fff6d74c9da29c14f21d1a6b0a7877cba4f915509a86b273c,28e3f0e88742b79f23e207717e804594dc9075191db40cb3df24f97fe388f7bf,2026-09-20T11:56:43+00:00,24474030_202,laurel,"gr10497b,gr10609b,gr10672b",p=1:t=14:c=14:m=64000M,1800.0,1800.0,64000
BBM/model_198.bnet,cyber/forward-baseline,completed,0.579245,0.697028,,,,12652,,,,,false,false,11,32,7,8,48,,11,0,11,0,,,,,,lexical,cyber-forward-baseline,final-comparison-and-ablation,0f8d662,ab16a8cf-7b73-4a8d-9bf5-4436049f7552,0d624a202f6e2ea15cd4ff4fca03a26924e7bf5685c404a0cc892c08223dd699,915bedc898c4a63fff6d74c9da29c14f21d1a6b0a7877cba4f915509a86b273c,28e3f0e88742b79f23e207717e804594dc9075191db40cb3df24f97fe388f7bf,2026-09-20T11:56:43+00:00,24474030_102,laurel,"gr10497b,gr10609b,gr10672b",p=1:t=14:c=14:m=64000M,1800.0,1800.0,64000
BBM/model_199.bnet,cyber/forward-baseline,completed,74.1638,74.575,,,,26836,,,,,false,false,30,53796224,240,285,35856,,30,0,30,0,,,,,,lexical,cyber-forward-baseline,final-comparison-and-ablation,0f8d662,ab16a8cf-7b73-4a8d-9bf5-4436049f7552,0d624a202f6e2ea15cd4ff4fca03a26924e7bf5685c404a0cc892c08223dd699,915bedc898c4a63fff6d74c9da29c14f21d1a6b0a7877cba4f915509a86b273c,28e3f0e88742b79f23e207717e804594dc9075191db40cb3df24f97fe388f7bf,2026-09-20T11:56:43+00:00,24474030_4,laurel,"gr10497b,gr10609b,gr10672b",p=1:t=14:c=14:m=64000M,1800.0,1800.0,64000
BBM/model_200.bnet,cyber/forward-baseline,completed,0.828788,0.942902,,,,12516,,,,,false,false,26,94208,46,79,3515,,26,0,26,0,,,,,,lexical,cyber-forward-baseline,final-comparison-and-ablation,0f8d662,ab16a8cf-7b73-4a8d-9bf5-4436049f7552,0d624a202f6e2ea15cd4ff4fca03a26924e7bf5685c404a0cc892c08223dd699,915bedc898c4a63fff6d74c9da29c14f21d1a6b0a7877cba4f915509a86b273c,28e3f0e88742b79f23e207717e804594dc9075191db40cb3df24f97fe388f7bf,2026-09-20T11:56:43+00:00,24474030_22,laurel,"gr10497b,gr10609b,gr10672b",p=1:t=14:c=14:m=64000M,1800.0,1800.0,64000
BBM/model_201.bnet,cyber/forward-baseline,completed,7.90252,8.05142,,,,12672,,,,,false,false,33,6356992,69,98,18174,,33,0,33,0,,,,,,lexical,cyber-forward-baseline,final-comparison-and-ablation,0f8d662,ab16a8cf-7b73-4a8d-9bf5-4436049f7552,0d624a202f6e2ea15cd4ff4fca03a26924e7bf5685c404a0cc892c08223dd699,915bedc898c4a63fff6d74c9da29c14f21d1a6b0a7877cba4f915509a86b273c,28e3f0e88742b79f23e207717e804594dc9075191db40cb3df24f97fe388f7bf,2026-09-20T11:56:43+00:00,24474030_52,laurel,"gr10497b,gr10609b,gr10672b",p=1:t=14:c=14:m=64000M,1800.0,1800.0,64000
BBM/model_202.bnet,cyber/forward-baseline,completed,2.79469,2.92754,,,,12660,,,,,false,false,31,249856,69,43,9441,,31,0,31,0,,,,,,lexical,cyber-forward-baseline,final-comparison-and-ablation,0f8d662,ab16a8cf-7b73-4a8d-9bf5-4436049f7552,0d624a202f6e2ea15cd4ff4fca03a26924e7bf5685c404a0cc892c08223dd699,915bedc898c4a63fff6d74c9da29c14f21d1a6b0a7877cba4f915509a86b273c,28e3f0e88742b79f23e207717e804594dc9075191db40cb3df24f97fe388f7bf,2026-09-20T11:56:43+00:00,24474030_217,laurel,"gr10497b,gr10609b,gr10672b",p=1:t=14:c=14:m=64000M,1800.0,1800.0,64000
BBM/model_203.bnet,cyber/forward-baseline,completed,29.7628,29.9978,,,,32784,,,,,false,false,40,83361792,76,50,44109,,40,0,40,0,,,,,,lexical,cyber-forward-baseline,final-comparison-and-ablation,0f8d662,ab16a8cf-7b73-4a8d-9bf5-4436049f7552,0d624a202f6e2ea15cd4ff4fca03a26924e7bf5685c404a0cc892c08223dd699,915bedc898c4a63fff6d74c9da29c14f21d1a6b0a7877cba4f915509a86b273c,28e3f0e88742b79f23e207717e804594dc9075191db40cb3df24f97fe388f7bf,2026-09-20T11:56:43+00:00,24474030_68,laurel,"gr10497b,gr10609b,gr10672b",p=1:t=14:c=14:m=64000M,1800.0,1800.0,64000
BBM/model_205.bnet,cyber/forward-baseline,completed,25.1347,25.3161,,,,27996,,,,,false,false,45,68115496960,53,38,67730,,45,0,45,0,,,,,,lexical,cyber-forward-baseline,final-comparison-and-ablation,0f8d662,ab16a8cf-7b73-4a8d-9bf5-4436049f7552,0d624a202f6e2ea15cd4ff4fca03a26924e7bf5685c404a0cc892c08223dd699,915bedc898c4a63fff6d74c9da29c14f21d1a6b0a7877cba4f915509a86b273c,28e3f0e88742b79f23e207717e804594dc9075191db40cb3df24f97fe388f7bf,2026-09-20T11:56:43+00:00,24474030_147,laurel,"gr10497b,gr10609b,gr10672b",p=1:t=14:c=14:m=64000M,1800.0,1800.0,64000
BBM/model_206.bnet,cyber/forward-baseline,completed,2.75355,2.87344,,,,12672,,,,,false,false,41,75497472,38,24,11768,,41,0,41,0,,,,,,lexical,cyber-forward-baseline,final-comparison-and-ablation,0f8d662,ab16a8cf-7b73-4a8d-9bf5-4436049f7552,0d624a202f6e2ea15cd4ff4fca03a26924e7bf5685c404a0cc892c08223dd699,915bedc898c4a63fff6d74c9da29c14f21d1a6b0a7877cba4f915509a86b273c,28e3f0e88742b79f23e207717e804594dc9075191db40cb3df24f97fe388f7bf,2026-09-20T11:56:43+00:00,24474030_141,laurel,"gr10497b,gr10609b,gr10672b",p=1:t=14:c=14:m=64000M,1800.0,1800.0,64000
BBM/model_207.bnet,cyber/forward-baseline,completed,32.7071,32.9625,,,,42836,,,,,false,false,103,2199023255552,51,64,9624,,103,0,103,0,,,,,,lexical,cyber-forward-baseline,final-comparison-and-ablation,0f8d662,ab16a8cf-7b73-4a8d-9bf5-4436049f7552,0d624a202f6e2ea15cd4ff4fca03a26924e7bf5685c404a0cc892c08223dd699,915bedc898c4a63fff6d74c9da29c14f21d1a6b0a7877cba4f915509a86b273c,28e3f0e88742b79f23e207717e804594dc9075191db40cb3df24f97fe388f7bf,2026-09-20T11:56:43+00:00,24474030_55,laurel,"gr10497b,gr10609b,gr10672b",p=1:t=14:c=14:m=64000M,1800.0,1800.0,64000
BBM/model_208.bnet,cyber/forward-baseline,completed,0.060655,0.195797,,,,12576,,,,,false,false,15,128,9,10,112,,15,0,15,0,,,,,,lexical,cyber-forward-baseline,final-comparison-and-ablation,0f8d662,ab16a8cf-7b73-4a8d-9bf5-4436049f7552,0d624a202f6e2ea15cd4ff4fca03a26924e7bf5685c404a0cc892c08223dd699,915bedc898c4a63fff6d74c9da29c14f21d1a6b0a7877cba4f915509a86b273c,28e3f0e88742b79f23e207717e804594dc9075191db40cb3df24f97fe388f7bf,2026-09-20T11:56:43+00:00,24474030_100,laurel,"gr10497b,gr10609b,gr10672b",p=1:t=14:c=14:m=64000M,1800.0,1800.0,64000
BBM/model_209.bnet,cyber/forward-baseline,timeout,1792.49,1800.02,,,,3429900,,,,,true,false,87,,,,,,,,,,,,,,,,,final-comparison-and-ablation,0f8d662,ab16a8cf-7b73-4a8d-9bf5-4436049f7552,0d624a202f6e2ea15cd4ff4fca03a26924e7bf5685c404a0cc892c08223dd699,915bedc898c4a63fff6d74c9da29c14f21d1a6b0a7877cba4f915509a86b273c,28e3f0e88742b79f23e207717e804594dc9075191db40cb3df24f97fe388f7bf,2026-09-20T11:56:43+00:00,24474030_204,laurel,"gr10497b,gr10609b,gr10672b",p=1:t=14:c=14:m=64000M,1800.0,1800.0,64000
BBM/model_212.bnet,cyber/forward-baseline,completed,0.061496,0.172916,,,,12656,,,,,false,false,16,152,13,21,103,,16,0,16,0,,,,,,lexical,cyber-forward-baseline,final-comparison-and-ablation,0f8d662,ab16a8cf-7b73-4a8d-9bf5-4436049f7552,0d624a202f6e2ea15cd4ff4fca03a26924e7bf5685c404a0cc892c08223dd699,915bedc898c4a63fff6d74c9da29c14f21d1a6b0a7877cba4f915509a86b273c,28e3f0e88742b79f23e207717e804594dc9075191db40cb3df24f97fe388f7bf,2026-09-20T11:56:43+00:00,24474030_125,laurel,"gr10497b,gr10609b,gr10672b",p=1:t=14:c=14:m=64000M,1800.0,1800.0,64000
BBM/model_213.bnet,cyber/forward-baseline,timeout,1794.24,1800.01,,,,468376,,,,,true,false,65,,,,,,,,,,,,,,,,cyber-forward-baseline,final-comparison-and-ablation,0f8d662,ab16a8cf-7b73-4a8d-9bf5-4436049f7552,0d624a202f6e2ea15cd4ff4fca03a26924e7bf5685c404a0cc892c08223dd699,915bedc898c4a63fff6d74c9da29c14f21d1a6b0a7877cba4f915509a86b273c,28e3f0e88742b79f23e207717e804594dc9075191db40cb3df24f97fe388f7bf,2026-09-20T11:56:43+00:00,24474030_148,laurel,"gr10497b,gr10609b,gr10672b",p=1:t=14:c=14:m=64000M,1800.0,1800.0,64000
BBM/model_214.bnet,cyber/forward-baseline,timeout,1791.24,1800.02,,,,1504224,,,,,true,false,70,,,,,,,,,,,,,,,,,final-comparison-and-ablation,0f8d662,ab16a8cf-7b73-4a8d-9bf5-4436049f7552,0d624a202f6e2ea15cd4ff4fca03a26924e7bf5685c404a0cc892c08223dd699,915bedc898c4a63fff6d74c9da29c14f21d1a6b0a7877cba4f915509a86b273c,28e3f0e88742b79f23e207717e804594dc9075191db40cb3df24f97fe388f7bf,2026-09-20T11:56:43+00:00,24474030_8,laurel,"gr10497b,gr10609b,gr10672b",p=1:t=14:c=14:m=64000M,1800.0,1800.0,64000
BBM/model_215.bnet,cyber/forward-baseline,completed,417.997,419.323,,,,228748,,,,,false,false,67,17179869184,65,35,288387,,67,0,67,0,,,,,,lexical,cyber-forward-baseline,final-comparison-and-ablation,0f8d662,ab16a8cf-7b73-4a8d-9bf5-4436049f7552,0d624a202f6e2ea15cd4ff4fca03a26924e7bf5685c404a0cc892c08223dd699,915bedc898c4a63fff6d74c9da29c14f21d1a6b0a7877cba4f915509a86b273c,28e3f0e88742b79f23e207717e804594dc9075191db40cb3df24f97fe388f7bf,2026-09-20T11:56:43+00:00,24474030_66,laurel,"gr10497b,gr10609b,gr10672b",p=1:t=14:c=14:m=64000M,1800.0,1800.0,64000
BBM/model_216.bnet,cyber/forward-baseline,timeout,1792.73,1800.01,,,,650480,,,,,true,false,69,,,,,,,,,,,,,,,,cyber-forward-baseline,final-comparison-and-ablation,0f8d662,ab16a8cf-7b73-4a8d-9bf5-4436049f7552,0d624a202f6e2ea15cd4ff4fca03a26924e7bf5685c404a0cc892c08223dd699,915bedc898c4a63fff6d74c9da29c14f21d1a6b0a7877cba4f915509a86b273c,28e3f0e88742b79f23e207717e804594dc9075191db40cb3df24f97fe388f7bf,2026-09-20T11:56:43+00:00,24474030_184,laurel,"gr10497b,gr10609b,gr10672b",p=1:t=14:c=14:m=64000M,1800.0,1800.0,64000
BBM/model_217.bnet,cyber/forward-baseline,completed,2.60018,2.72316,,,,12620,,,,,false,false,56,2097152,33,37,9499,,56,0,56,0,,,,,,lexical,cyber-forward-baseline,final-comparison-and-ablation,0f8d662,ab16a8cf-7b73-4a8d-9bf5-4436049f7552,0d624a202f6e2ea15cd4ff4fca03a26924e7bf5685c404a0cc892c08223dd699,915bedc898c4a63fff6d74c9da29c14f21d1a6b0a7877cba4f915509a86b273c,28e3f0e88742b79f23e207717e804594dc9075191db40cb3df24f97fe388f7bf,2026-09-20T11:56:43+00:00,24474030_137,laurel,"gr10497b,gr10609b,gr10672b",p=1:t=14:c=14:m=64000M,1800.0,1800.0,64000
BBM/model_218.bnet,cyber/forward-baseline,completed,8.2412,8.37476,,,,16220,,,,,false,false,68,65536,29,54,1755,,68,0,68,0,,,,,,lexical,cyber-forward-baseline,final-comparison-and-ablation,0f8d662,ab16a8cf-7b73-4a8d-9bf5-4436049f7552,0d624a202f6e2ea15cd4ff4fca03a26924e7bf5685c404a0cc892c08223dd699,915bedc898c4a63fff6d74c9da29c14f21d1a6b0a7877cba4f915509a86b273c,28e3f0e88742b79f23e207717e804594dc9075191db40cb3df24f97fe388f7bf,2026-09-20T11:56:43+00:00,24474030_129,laurel,"gr10497b,gr10609b,gr10672b",p=1:t=14:c=14:m=64000M,1800.0,1800.0,64000
BBM/model_219.bnet,cyber/forward-baseline,completed,1084.0,1087.85,,,,329320,,,,,false,false,84,377957122048,73,80,420655,,84,0,84,0,,,,,,lexical,cyber-forward-baseline,final-comparison-and-ablation,0f8d662,ab16a8cf-7b73-4a8d-9bf5-4436049f7552,0d624a202f6e2ea15cd4ff4fca03a26924e7bf5685c404a0cc892c08223dd699,915bedc898c4a63fff6d74c9da29c14f21d1a6b0a7877cba4f915509a86b273c,28e3f0e88742b79f23e207717e804594dc9075191db40cb3df24f97fe388f7bf,2026-09-20T11:56:43+00:00,24474030_187,laurel,"gr10497b,gr10609b,gr10672b",p=1:t=14:c=14:m=64000M,1800.0,1800.0,64000
BBM/model_220.bnet,cyber/forward-baseline,oom,1432.26,1441.03,,,,65336232,,,,,false,true,342,,,,,,,,,,,,,,,,cyber-forward-baseline,final-comparison-and-ablation,0f8d662,ab16a8cf-7b73-4a8d-9bf5-4436049f7552,0d624a202f6e2ea15cd4ff4fca03a26924e7bf5685c404a0cc892c08223dd699,915bedc898c4a63fff6d74c9da29c14f21d1a6b0a7877cba4f915509a86b273c,28e3f0e88742b79f23e207717e804594dc9075191db40cb3df24f97fe388f7bf,2026-09-20T11:56:43+00:00,24474030_90,laurel,"gr10497b,gr10609b,gr10672b",p=1:t=14:c=14:m=64000M,1800.0,1800.0,64000
BBM/model_221.bnet,cyber/forward-baseline,oom,1590.9,1596.72,,,,65323888,,,,,false,true,317,,,,,,,,,,,,,,,,cyber-forward-baseline,final-comparison-and-ablation,0f8d662,ab16a8cf-7b73-4a8d-9bf5-4436049f7552,0d624a202f6e2ea15cd4ff4fca03a26924e7bf5685c404a0cc892c08223dd699,915bedc898c4a63fff6d74c9da29c14f21d1a6b0a7877cba4f915509a86b273c,28e3f0e88742b79f23e207717e804594dc9075191db40cb3df24f97fe388f7bf,2026-09-20T11:56:43+00:00,24474030_40,laurel,"gr10497b,gr10609b,gr10672b",p=1:t=14:c=14:m=64000M,1800.0,1800.0,64000
BBM/model_222.bnet,cyber/forward-baseline,timeout,1794.28,1800.16,,,,25704960,,,,,true,false,206,,,,,,,,,,,,,,,,,final-comparison-and-ablation,0f8d662,ab16a8cf-7b73-4a8d-9bf5-4436049f7552,0d624a202f6e2ea15cd4ff4fca03a26924e7bf5685c404a0cc892c08223dd699,915bedc898c4a63fff6d74c9da29c14f21d1a6b0a7877cba4f915509a86b273c,28e3f0e88742b79f23e207717e804594dc9075191db40cb3df24f97fe388f7bf,2026-09-20T11:56:43+00:00,24474030_121,laurel,"gr10497b,gr10609b,gr10672b",p=1:t=14:c=14:m=64000M,1800.0,1800.0,64000
BBM/model_223.bnet,cyber/forward-baseline,timeout,1791.34,1800.12,,,,38522140,,,,,true,false,141,,,,,,,,,,,,,,,,,final-comparison-and-ablation,0f8d662,ab16a8cf-7b73-4a8d-9bf5-4436049f7552,0d624a202f6e2ea15cd4ff4fca03a26924e7bf5685c404a0cc892c08223dd699,915bedc898c4a63fff6d74c9da29c14f21d1a6b0a7877cba4f915509a86b273c,28e3f0e88742b79f23e207717e804594dc9075191db40cb3df24f97fe388f7bf,2026-09-20T11:56:43+00:00,24474030_3,laurel,"gr10497b,gr10609b,gr10672b",p=1:t=14:c=14:m=64000M,1800.0,1800.0,64000
BBM/model_224.bnet,cyber/forward-baseline,timeout,1792.63,1800.01,,,,1752048,,,,,true,false,95,,,,,,,,,,,,,,,,,final-comparison-and-ablation,0f8d662,ab16a8cf-7b73-4a8d-9bf5-4436049f7552,0d624a202f6e2ea15cd4ff4fca03a26924e7bf5685c404a0cc892c08223dd699,915bedc898c4a63fff6d74c9da29c14f21d1a6b0a7877cba4f915509a86b273c,28e3f0e88742b79f23e207717e804594dc9075191db40cb3df24f97fe388f7bf,2026-09-20T11:56:43+00:00,24474030_182,laurel,"gr10497b,gr10609b,gr10672b",p=1:t=14:c=14:m=64000M,1800.0,1800.0,64000
BBM/model_225.bnet,cyber/forward-baseline,timeout,1793.85,1800.02,,,,3440936,,,,,true,false,91,,,,,,,,,,,,,,,,,final-comparison-and-ablation,0f8d662,ab16a8cf-7b73-4a8d-9bf5-4436049f7552,0d624a202f6e2ea15cd4ff4fca03a26924e7bf5685c404a0cc892c08223dd699,915bedc898c4a63fff6d74c9da29c14f21d1a6b0a7877cba4f915509a86b273c,28e3f0e88742b79f23e207717e804594dc9075191db40cb3df24f97fe388f7bf,2026-09-20T11:56:43+00:00,24474030_50,laurel,"gr10497b,gr10609b,gr10672b",p=1:t=14:c=14:m=64000M,1800.0,1800.0,64000
BBM/model_226.bnet,cyber/forward-baseline,completed,83.6754,84.0321,,,,25220,,,,,false,false,75,2147483648,111,46,27049,,75,0,75,0,,,,,,lexical,cyber-forward-baseline,final-comparison-and-ablation,0f8d662,ab16a8cf-7b73-4a8d-9bf5-4436049f7552,0d624a202f6e2ea15cd4ff4fca03a26924e7bf5685c404a0cc892c08223dd699,915bedc898c4a63fff6d74c9da29c14f21d1a6b0a7877cba4f915509a86b273c,28e3f0e88742b79f23e207717e804594dc9075191db40cb3df24f97fe388f7bf,2026-09-20T11:56:43+00:00,24474030_118,laurel,"gr10497b,gr10609b,gr10672b",p=1:t=14:c=14:m=64000M,1800.0,1800.0,64000
BBM/model_227.bnet,cyber/forward-baseline,completed,230.791,232.238,,,,63160,,,,,false,false,65,137438953472,140,30,70178,,65,0,65,0,,,,,,lexical,cyber-forward-baseline,final-comparison-and-ablation,0f8d662,ab16a8cf-7b73-4a8d-9bf5-4436049f7552,0d624a202f6e2ea15cd4ff4fca03a26924e7bf5685c404a0cc892c08223dd699,915bedc898c4a63fff6d74c9da29c14f21d1a6b0a7877cba4f915509a86b273c,28e3f0e88742b79f23e207717e804594dc9075191db40cb3df24f97fe388f7bf,2026-09-20T11:56:43+00:00,24474030_103,laurel,"gr10497b,gr10609b,gr10672b",p=1:t=14:c=14:m=64000M,1800.0,1800.0,64000
BBM/model_228.bnet,cyber/forward-baseline,timeout,1794.12,1800.01,,,,3298444,,,,,true,false,56,,,,,,,,,,,,,,,,,final-comparison-and-ablation,0f8d662,ab16a8cf-7b73-4a8d-9bf5-4436049f7552,0d624a202f6e2ea15cd4ff4fca03a26924e7bf5685c404a0cc892c08223dd699,915bedc898c4a63fff6d74c9da29c14f21d1a6b0a7877cba4f915509a86b273c,28e3f0e88742b79f23e207717e804594dc9075191db40cb3df24f97fe388f7bf,2026-09-20T11:56:43+00:00,24474030_120,laurel,"gr10497b,gr10609b,gr10672b",p=1:t=14:c=14:m=64000M,1800.0,1800.0,64000
BBM/model_230.bnet,cyber/forward-baseline,timeout,1792.97,1800.01,,,,2579288,,,,,true,false,55,,,,,,,,,,,,,,,,,final-comparison-and-ablation,0f8d662,ab16a8cf-7b73-4a8d-9bf5-4436049f7552,0d624a202f6e2ea15cd4ff4fca03a26924e7bf5685c404a0cc892c08223dd699,915bedc898c4a63fff6d74c9da29c14f21d1a6b0a7877cba4f915509a86b273c,28e3f0e88742b79f23e207717e804594dc9075191db40cb3df24f97fe388f7bf,2026-09-20T11:56:43+00:00,24474030_167,laurel,"gr10497b,gr10609b,gr10672b",p=1:t=14:c=14:m=64000M,1800.0,1800.0,64000
BBM/model_001.bnet,cyber/complement-gfp,oom,1125.29,1129.38,,,,65319004,,,,,false,true,321,,,,,,,,,,,,,,,,cyber-complement-gfp,final-comparison-and-ablation,0f8d662,36da421c-1044-4268-8546-4bb3791a2361,5ecb911901f39d46f9f74128a82a651fb871eef5f9235aec32947c952c1f681e,915bedc898c4a63fff6d74c9da29c14f21d1a6b0a7877cba4f915509a86b273c,28e3f0e88742b79f23e207717e804594dc9075191db40cb3df24f97fe388f7bf,2026-09-20T12:20:40+00:00,24474252_146,laurel,"gr10497b,gr10609b,gr10672b",p=1:t=14:c=14:m=64000M,1800.0,1800.0,64000
BBM/model_002.bnet,cyber/complement-gfp,timeout,1792.95,1800.51,,,,49343812,,,,,true,false,139,,,,,,,,,,,,,,,,,final-comparison-and-ablation,0f8d662,36da421c-1044-4268-8546-4bb3791a2361,5ecb911901f39d46f9f74128a82a651fb871eef5f9235aec32947c952c1f681e,915bedc898c4a63fff6d74c9da29c14f21d1a6b0a7877cba4f915509a86b273c,28e3f0e88742b79f23e207717e804594dc9075191db40cb3df24f97fe388f7bf,2026-09-20T12:20:40+00:00,24474252_155,laurel,"gr10497b,gr10609b,gr10672b",p=1:t=14:c=14:m=64000M,1800.0,1800.0,64000
BBM/model_003.bnet,cyber/complement-gfp,completed,0.444396,0.563329,,,,12620,,,,,false,false,20,337920,56,28,6652,,20,0,20,0,,,,,,lexical,cyber-complement-gfp,final-comparison-and-ablation,0f8d662,36da421c-1044-4268-8546-4bb3791a2361,5ecb911901f39d46f9f74128a82a651fb871eef5f9235aec32947c952c1f681e,915bedc898c4a63fff6d74c9da29c14f21d1a6b0a7877cba4f915509a86b273c,28e3f0e88742b79f23e207717e804594dc9075191db40cb3df24f97fe388f7bf,2026-09-20T12:20:40+00:00,24474252_193,laurel,"gr10497b,gr10609b,gr10672b",p=1:t=14:c=14:m=64000M,1800.0,1800.0,64000
BBM/model_004.bnet,cyber/complement-gfp,timeout,1794.55,1800.45,,,,51175688,,,,,true,false,247,,,,,,,,,,,,,,,,,final-comparison-and-ablation,0f8d662,36da421c-1044-4268-8546-4bb3791a2361,5ecb911901f39d46f9f74128a82a651fb871eef5f9235aec32947c952c1f681e,915bedc898c4a63fff6d74c9da29c14f21d1a6b0a7877cba4f915509a86b273c,28e3f0e88742b79f23e207717e804594dc9075191db40cb3df24f97fe388f7bf,2026-09-20T12:20:40+00:00,24474252_207,laurel,"gr10497b,gr10609b,gr10672b",p=1:t=14:c=14:m=64000M,1800.0,1800.0,64000
BBM/model_006.bnet,cyber/complement-gfp,timeout,1791.98,1800.01,,,,1369488,,,,,true,false,68,,,,,,,,,,,,,,,,,final-comparison-and-ablation,0f8d662,36da421c-1044-4268-8546-4bb3791a2361,5ecb911901f39d46f9f74128a82a651fb871eef5f9235aec32947c952c1f681e,915bedc898c4a63fff6d74c9da29c14f21d1a6b0a7877cba4f915509a86b273c,28e3f0e88742b79f23e207717e804594dc9075191db40cb3df24f97fe388f7bf,2026-09-20T12:20:40+00:00,24474252_62,laurel,"gr10497b,gr10609b,gr10672b",p=1:t=14:c=14:m=64000M,1800.0,1800.0,64000
BBM/model_007.bnet,cyber/complement-gfp,completed,0.057212,0.170034,,,,12588,,,,,false,false,5,16,9,3,29,,5,0,5,0,,,,,,lexical,cyber-complement-gfp,final-comparison-and-ablation,0f8d662,36da421c-1044-4268-8546-4bb3791a2361,5ecb911901f39d46f9f74128a82a651fb871eef5f9235aec32947c952c1f681e,915bedc898c4a63fff6d74c9da29c14f21d1a6b0a7877cba4f915509a86b273c,28e3f0e88742b79f23e207717e804594dc9075191db40cb3df24f97fe388f7bf,2026-09-20T12:20:40+00:00,24474252_84,laurel,"gr10497b,gr10609b,gr10672b",p=1:t=14:c=14:m=64000M,1800.0,1800.0,64000
BBM/model_008.bnet,cyber/complement-gfp,completed,0.294745,0.409756,,,,12568,,,,,false,false,28,41824,47,67,3039,,28,0,28,0,,,,,,lexical,cyber-complement-gfp,final-comparison-and-ablation,0f8d662,36da421c-1044-4268-8546-4bb3791a2361,5ecb911901f39d46f9f74128a82a651fb871eef5f9235aec32947c952c1f681e,915bedc898c4a63fff6d74c9da29c14f21d1a6b0a7877cba4f915509a86b273c,28e3f0e88742b79f23e207717e804594dc9075191db40cb3df24f97fe388f7bf,2026-09-20T12:20:40+00:00,24474252_188,laurel,"gr10497b,gr10609b,gr10672b",p=1:t=14:c=14:m=64000M,1800.0,1800.0,64000
BBM/model_009.bnet,cyber/complement-gfp,timeout,1794.55,1800.01,,,,1319212,,,,,true,false,73,,,,,,,,,,,,,,,,,final-comparison-and-ablation,0f8d662,36da421c-1044-4268-8546-4bb3791a2361,5ecb911901f39d46f9f74128a82a651fb871eef5f9235aec32947c952c1f681e,915bedc898c4a63fff6d74c9da29c14f21d1a6b0a7877cba4f915509a86b273c,28e3f0e88742b79f23e207717e804594dc9075191db40cb3df24f97fe388f7bf,2026-09-20T12:20:40+00:00,24474252_205,laurel,"gr10497b,gr10609b,gr10672b",p=1:t=14:c=14:m=64000M,1800.0,1800.0,64000
BBM/model_010.bnet,cyber/complement-gfp,completed,0.062604,0.173149,,,,12484,,,,,false,false,15,368,17,20,233,,15,0,15,0,,,,,,lexical,cyber-complement-gfp,final-comparison-and-ablation,0f8d662,36da421c-1044-4268-8546-4bb3791a2361,5ecb911901f39d46f9f74128a82a651fb871eef5f9235aec32947c952c1f681e,915bedc898c4a63fff6d74c9da29c14f21d1a6b0a7877cba4f915509a86b273c,28e3f0e88742b79f23e207717e804594dc9075191db40cb3df24f97fe388f7bf,2026-09-20T12:20:40+00:00,24474252_86,laurel,"gr10497b,gr10609b,gr10672b",p=1:t=14:c=14:m=64000M,1800.0,1800.0,64000
BBM/model_011.bnet,cyber/complement-gfp,completed,3.43528,3.56348,,,,12532,,,,,false,false,44,72482816,49,218,23379,,44,0,44,0,,,,,,lexical,cyber-complement-gfp,final-comparison-and-ablation,0f8d662,36da421c-1044-4268-8546-4bb3791a2361,5ecb911901f39d46f9f74128a82a651fb871eef5f9235aec32947c952c1f681e,915bedc898c4a63fff6d74c9da29c14f21d1a6b0a7877cba4f915509a86b273c,28e3f0e88742b79f23e207717e804594dc9075191db40cb3df24f97fe388f7bf,2026-09-20T12:20:40+00:00,24474252_183,laurel,"gr10497b,gr10609b,gr10672b",p=1:t=14:c=14:m=64000M,1800.0,1800.0,64000
BBM/model_012.bnet,cyber/complement-gfp,timeout,1792.87,1800.02,,,,3304940,,,,,true,false,101,,,,,,,,,,,,,,,,,final-comparison-and-ablation,0f8d662,36da421c-1044-4268-8546-4bb3791a2361,5ecb911901f39d46f9f74128a82a651fb871eef5f9235aec32947c952c1f681e,915bedc898c4a63fff6d74c9da29c14f21d1a6b0a7877cba4f915509a86b273c,28e3f0e88742b79f23e207717e804594dc9075191db40cb3df24f97fe388f7bf,2026-09-20T12:20:40+00:00,24474252_6,laurel,"gr10497b,gr10609b,gr10672b",p=1:t=14:c=14:m=64000M,1800.0,1800.0,64000
BBM/model_013.bnet,cyber/complement-gfp,completed,1.02052,1.13908,,,,12648,,,,,false,false,34,524288,106,17,4499,,34,0,34,0,,,,,,lexical,cyber-complement-gfp,final-comparison-and-ablation,0f8d662,36da421c-1044-4268-8546-4bb3791a2361,5ecb911901f39d46f9f74128a82a651fb871eef5f9235aec32947c952c1f681e,915bedc898c4a63fff6d74c9da29c14f21d1a6b0a7877cba4f915509a86b273c,28e3f0e88742b79f23e207717e804594dc9075191db40cb3df24f97fe388f7bf,2026-09-20T12:20:40+00:00,24474252_181,laurel,"gr10497b,gr10609b,gr10672b",p=1:t=14:c=14:m=64000M,1800.0,1800.0,64000
BBM/model_014.bnet,cyber/complement-gfp,completed,3.5165,3.64087,,,,17456,,,,,false,false,61,98205696,32,251,15651,,61,0,61,0,,,,,,lexical,cyber-complement-gfp,final-comparison-and-ablation,0f8d662,36da421c-1044-4268-8546-4bb3791a2361,5ecb911901f39d46f9f74128a82a651fb871eef5f9235aec32947c952c1f681e,915bedc898c4a63fff6d74c9da29c14f21d1a6b0a7877cba4f915509a86b273c,28e3f0e88742b79f23e207717e804594dc9075191db40cb3df24f97fe388f7bf,2026-09-20T12:20:40+00:00,24474252_88,laurel,"gr10497b,gr10609b,gr10672b",p=1:t=14:c=14:m=64000M,1800.0,1800.0,64000
BBM/model_015.bnet,cyber/complement-gfp,completed,0.14307,0.253998,,,,12564,,,,,false,false,16,16384,60,4,1452,,16,0,16,0,,,,,,lexical,cyber-complement-gfp,final-comparison-and-ablation,0f8d662,36da421c-1044-4268-8546-4bb3791a2361,5ecb911901f39d46f9f74128a82a651fb871eef5f9235aec32947c952c1f681e,915bedc898c4a63fff6d74c9da29c14f21d1a6b0a7877cba4f915509a86b273c,28e3f0e88742b79f23e207717e804594dc9075191db40cb3df24f97fe388f7bf,2026-09-20T12:20:40+00:00,24474252_53,laurel,"gr10497b,gr10609b,gr10672b",p=1:t=14:c=14:m=64000M,1800.0,1800.0,64000
BBM/model_016.bnet,cyber/complement-gfp,timeout,1792.43,1800.01,,,,2331496,,,,,true,false,118,,,,,,,,,,,,,,,,,final-comparison-and-ablation,0f8d662,36da421c-1044-4268-8546-4bb3791a2361,5ecb911901f39d46f9f74128a82a651fb871eef5f9235aec32947c952c1f681e,915bedc898c4a63fff6d74c9da29c14f21d1a6b0a7877cba4f915509a86b273c,28e3f0e88742b79f23e207717e804594dc9075191db40cb3df24f97fe388f7bf,2026-09-20T12:20:40+00:00,24474252_35,laurel,"gr10497b,gr10609b,gr10672b",p=1:t=14:c=14:m=64000M,1800.0,1800.0,64000
BBM/model_017.bnet,cyber/complement-gfp,completed,0.983225,1.09824,,,,12548,,,,,false,false,50,4096,22,40,4261,,50,0,50,0,,,,,,lexical,cyber-complement-gfp,final-comparison-and-ablation,0f8d662,36da421c-1044-4268-8546-4bb3791a2361,5ecb911901f39d46f9f74128a82a651fb871eef5f9235aec32947c952c1f681e,915bedc898c4a63fff6d74c9da29c14f21d1a6b0a7877cba4f915509a86b273c,28e3f0e88742b79f23e207717e804594dc9075191db40cb3df24f97fe388f7bf,2026-09-20T12:20:40+00:00,24474252_60,laurel,"gr10497b,gr10609b,gr10672b",p=1:t=14:c=14:m=64000M,1800.0,1800.0,64000
BBM/model_018.bnet,cyber/complement-gfp,timeout,1790.79,1800.01,,,,1812188,,,,,true,false,104,,,,,,,,,,,,,,,,,final-comparison-and-ablation,0f8d662,36da421c-1044-4268-8546-4bb3791a2361,5ecb911901f39d46f9f74128a82a651fb871eef5f9235aec32947c952c1f681e,915bedc898c4a63fff6d74c9da29c14f21d1a6b0a7877cba4f915509a86b273c,28e3f0e88742b79f23e207717e804594dc9075191db40cb3df24f97fe388f7bf,2026-09-20T12:20:40+00:00,24474252_39,laurel,"gr10497b,gr10609b,gr10672b",p=1:t=14:c=14:m=64000M,1800.0,1800.0,64000
BBM/model_019.bnet,cyber/complement-gfp,timeout,1790.72,1800.01,,,,2495644,,,,,true,false,86,,,,,,,,,,,,,,,,,final-comparison-and-ablation,0f8d662,36da421c-1044-4268-8546-4bb3791a2361,5ecb911901f39d46f9f74128a82a651fb871eef5f9235aec32947c952c1f681e,915bedc898c4a63fff6d74c9da29c14f21d1a6b0a7877cba4f915509a86b273c,28e3f0e88742b79f23e207717e804594dc9075191db40cb3df24f97fe388f7bf,2026-09-20T12:20:40+00:00,24474252_140,laurel,"gr10497b,gr10609b,gr10672b",p=1:t=14:c=14:m=64000M,1800.0,1800.0,64000
BBM/model_021.bnet,cyber/complement-gfp,completed,0.14811,0.258933,,,,12608,,,,,false,false,17,16384,57,5,1325,,17,0,17,0,,,,,,lexical,cyber-complement-gfp,final-comparison-and-ablation,0f8d662,36da421c-1044-4268-8546-4bb3791a2361,5ecb911901f39d46f9f74128a82a651fb871eef5f9235aec32947c952c1f681e,915bedc898c4a63fff6d74c9da29c14f21d1a6b0a7877cba4f915509a86b273c,28e3f0e88742b79f23e207717e804594dc9075191db40cb3df24f97fe388f7bf,2026-09-20T12:20:40+00:00,24474252_152,laurel,"gr10497b,gr10609b,gr10672b",p=1:t=14:c=14:m=64000M,1800.0,1800.0,64000
BBM/model_022.bnet,cyber/complement-gfp,completed,0.436,0.552138,,,,12536,,,,,false,false,22,131072,51,7,7041,,22,0,22,0,,,,,,lexical,cyber-complement-gfp,final-comparison-and-ablation,0f8d662,36da421c-1044-4268-8546-4bb3791a2361,5ecb911901f39d46f9f74128a82a651fb871eef5f9235aec32947c952c1f681e,915bedc898c4a63fff6d74c9da29c14f21d1a6b0a7877cba4f915509a86b273c,28e3f0e88742b79f23e207717e804594dc9075191db40cb3df24f97fe388f7bf,2026-09-20T12:20:40+00:00,24474252_161,laurel,"gr10497b,gr10609b,gr10672b",p=1:t=14:c=14:m=64000M,1800.0,1800.0,64000
BBM/model_023.bnet,cyber/complement-gfp,completed,0.057349,0.169634,,,,12604,,,,,false,false,10,32,5,13,70,,10,0,10,0,,,,,,lexical,cyber-complement-gfp,final-comparison-and-ablation,0f8d662,36da421c-1044-4268-8546-4bb3791a2361,5ecb911901f39d46f9f74128a82a651fb871eef5f9235aec32947c952c1f681e,915bedc898c4a63fff6d74c9da29c14f21d1a6b0a7877cba4f915509a86b273c,28e3f0e88742b79f23e207717e804594dc9075191db40cb3df24f97fe388f7bf,2026-09-20T12:20:40+00:00,24474252_209,laurel,"gr10497b,gr10609b,gr10672b",p=1:t=14:c=14:m=64000M,1800.0,1800.0,64000
BBM/model_024.bnet,cyber/complement-gfp,completed,0.113921,0.223145,,,,12616,,,,,false,false,20,5056,36,35,1285,,20,0,20,0,,,,,,lexical,cyber-complement-gfp,final-comparison-and-ablation,0f8d662,36da421c-1044-4268-8546-4bb3791a2361,5ecb911901f39d46f9f74128a82a651fb871eef5f9235aec32947c952c1f681e,915bedc898c4a63fff6d74c9da29c14f21d1a6b0a7877cba4f915509a86b273c,28e3f0e88742b79f23e207717e804594dc9075191db40cb3df24f97fe388f7bf,2026-09-20T12:20:40+00:00,24474252_81,laurel,"gr10497b,gr10609b,gr10672b",p=1:t=14:c=14:m=64000M,1800.0,1800.0,64000
BBM/model_025.bnet,cyber/complement-gfp,completed,2.3903,2.51715,,,,12604,,,,,false,false,60,90243072,32,132,6905,,60,0,60,0,,,,,,lexical,cyber-complement-gfp,final-comparison-and-ablation,0f8d662,36da421c-1044-4268-8546-4bb3791a2361,5ecb911901f39d46f9f74128a82a651fb871eef5f9235aec32947c952c1f681e,915bedc898c4a63fff6d74c9da29c14f21d1a6b0a7877cba4f915509a86b273c,28e3f0e88742b79f23e207717e804594dc9075191db40cb3df24f97fe388f7bf,2026-09-20T12:20:40+00:00,24474252_104,laurel,"gr10497b,gr10609b,gr10672b",p=1:t=14:c=14:m=64000M,1800.0,1800.0,64000
BBM/model_027.bnet,cyber/complement-gfp,completed,0.075029,0.18657,,,,12564,,,,,false,false,26,2048,20,17,534,,26,0,26,0,,,,,,lexical,cyber-complement-gfp,final-comparison-and-ablation,0f8d662,36da421c-1044-4268-8546-4bb3791a2361,5ecb911901f39d46f9f74128a82a651fb871eef5f9235aec32947c952c1f681e,915bedc898c4a63fff6d74c9da29c14f21d1a6b0a7877cba4f915509a86b273c,28e3f0e88742b79f23e207717e804594dc9075191db40cb3df24f97fe388f7bf,2026-09-20T12:20:40+00:00,24474252_163,laurel,"gr10497b,gr10609b,gr10672b",p=1:t=14:c=14:m=64000M,1800.0,1800.0,64000
BBM/model_028.bnet,cyber/complement-gfp,completed,0.070475,0.181545,,,,12520,,,,,false,false,18,1024,30,10,385,,18,0,18,0,,,,,,lexical,cyber-complement-gfp,final-comparison-and-ablation,0f8d662,36da421c-1044-4268-8546-4bb3791a2361,5ecb911901f39d46f9f74128a82a651fb871eef5f9235aec32947c952c1f681e,915bedc898c4a63fff6d74c9da29c14f21d1a6b0a7877cba4f915509a86b273c,28e3f0e88742b79f23e207717e804594dc9075191db40cb3df24f97fe388f7bf,2026-09-20T12:20:40+00:00,24474252_197,laurel,"gr10497b,gr10609b,gr10672b",p=1:t=14:c=14:m=64000M,1800.0,1800.0,64000
BBM/model_029.bnet,cyber/complement-gfp,completed,0.059749,0.171211,,,,12596,,,,,false,false,11,512,24,4,189,,11,0,11,0,,,,,,lexical,cyber-complement-gfp,final-comparison-and-ablation,0f8d662,36da421c-1044-4268-8546-4bb3791a2361,5ecb911901f39d46f9f74128a82a651fb871eef5f9235aec32947c952c1f681e,915bedc898c4a63fff6d74c9da29c14f21d1a6b0a7877cba4f915509a86b273c,28e3f0e88742b79f23e207717e804594dc9075191db40cb3df24f97fe388f7bf,2026-09-20T12:20:40+00:00,24474252_71,laurel,"gr10497b,gr10609b,gr10672b",p=1:t=14:c=14:m=64000M,1800.0,1800.0,64000
BBM/model_030.bnet,cyber/complement-gfp,completed,0.230898,0.345703,,,,12616,,,,,false,false,24,262144,60,8,2333,,24,0,24,0,,,,,,lexical,cyber-complement-gfp,final-comparison-and-ablation,0f8d662,36da421c-1044-4268-8546-4bb3791a2361,5ecb911901f39d46f9f74128a82a651fb871eef5f9235aec32947c952c1f681e,915bedc898c4a63fff6d74c9da29c14f21d1a6b0a7877cba4f915509a86b273c,28e3f0e88742b79f23e207717e804594dc9075191db40cb3df24f97fe388f7bf,2026-09-20T12:20:40+00:00,24474252_85,laurel,"gr10497b,gr10609b,gr10672b",p=1:t=14:c=14:m=64000M,1800.0,1800.0,64000
BBM/model_031.bnet,cyber/complement-gfp,completed,0.058761,0.173468,,,,12596,,,,,false,false,9,60,7,24,89,,9,0,9,0,,,,,,lexical,cyber-complement-gfp,final-comparison-and-ablation,0f8d662,36da421c-1044-4268-8546-4bb3791a2361,5ecb911901f39d46f9f74128a82a651fb871eef5f9235aec32947c952c1f681e,915bedc898c4a63fff6d74c9da29c14f21d1a6b0a7877cba4f915509a86b273c,28e3f0e88742b79f23e207717e804594dc9075191db40cb3df24f97fe388f7bf,2026-09-20T12:20:40+00:00,24474252_95,laurel,"gr10497b,gr10609b,gr10672b",p=1:t=14:c=14:m=64000M,1800.0,1800.0,64000
BBM/model_032.bnet,cyber/complement-gfp,timeout,1794.36,1800.01,,,,251400,,,,,true,false,40,,,,,,,,,,,,,,,,cyber-complement-gfp,final-comparison-and-ablation,0f8d662,36da421c-1044-4268-8546-4bb3791a2361,5ecb911901f39d46f9f74128a82a651fb871eef5f9235aec32947c952c1f681e,915bedc898c4a63fff6d74c9da29c14f21d1a6b0a7877cba4f915509a86b273c,28e3f0e88742b79f23e207717e804594dc9075191db40cb3df24f97fe388f7bf,2026-09-20T12:20:40+00:00,24474252_158,laurel,"gr10497b,gr10609b,gr10672b",p=1:t=14:c=14:m=64000M,1800.0,1800.0,64000
BBM/model_033.bnet,cyber/complement-gfp,completed,0.061772,0.176772,,,,12596,,,,,false,false,24,1,1,26,335,,24,0,24,0,,,,,,lexical,cyber-complement-gfp,final-comparison-and-ablation,0f8d662,36da421c-1044-4268-8546-4bb3791a2361,5ecb911901f39d46f9f74128a82a651fb871eef5f9235aec32947c952c1f681e,915bedc898c4a63fff6d74c9da29c14f21d1a6b0a7877cba4f915509a86b273c,28e3f0e88742b79f23e207717e804594dc9075191db40cb3df24f97fe388f7bf,2026-09-20T12:20:40+00:00,24474252_216,laurel,"gr10497b,gr10609b,gr10672b",p=1:t=14:c=14:m=64000M,1800.0,1800.0,64000
BBM/model_034.bnet,cyber/complement-gfp,completed,0.057766,0.168948,,,,12560,,,,,false,false,23,1,1,25,307,,23,0,23,0,,,,,,lexical,cyber-complement-gfp,final-comparison-and-ablation,0f8d662,36da421c-1044-4268-8546-4bb3791a2361,5ecb911901f39d46f9f74128a82a651fb871eef5f9235aec32947c952c1f681e,915bedc898c4a63fff6d74c9da29c14f21d1a6b0a7877cba4f915509a86b273c,28e3f0e88742b79f23e207717e804594dc9075191db40cb3df24f97fe388f7bf,2026-09-20T12:20:40+00:00,24474252_27,laurel,"gr10497b,gr10609b,gr10672b",p=1:t=14:c=14:m=64000M,1800.0,1800.0,64000
BBM/model_035.bnet,cyber/complement-gfp,completed,0.056429,0.170826,,,,12584,,,,,false,false,16,1,1,18,153,,16,0,16,0,,,,,,lexical,cyber-complement-gfp,final-comparison-and-ablation,0f8d662,36da421c-1044-4268-8546-4bb3791a2361,5ecb911901f39d46f9f74128a82a651fb871eef5f9235aec32947c952c1f681e,915bedc898c4a63fff6d74c9da29c14f21d1a6b0a7877cba4f915509a86b273c,28e3f0e88742b79f23e207717e804594dc9075191db40cb3df24f97fe388f7bf,2026-09-20T12:20:40+00:00,24474252_171,laurel,"gr10497b,gr10609b,gr10672b",p=1:t=14:c=14:m=64000M,1800.0,1800.0,64000
BBM/model_036.bnet,cyber/complement-gfp,completed,0.071639,0.184512,,,,12488,,,,,false,false,16,1,1,18,125,,16,0,16,0,,,,,,lexical,cyber-complement-gfp,final-comparison-and-ablation,0f8d662,36da421c-1044-4268-8546-4bb3791a2361,5ecb911901f39d46f9f74128a82a651fb871eef5f9235aec32947c952c1f681e,915bedc898c4a63fff6d74c9da29c14f21d1a6b0a7877cba4f915509a86b273c,28e3f0e88742b79f23e207717e804594dc9075191db40cb3df24f97fe388f7bf,2026-09-20T12:20:40+00:00,24474252_94,laurel,"gr10497b,gr10609b,gr10672b",p=1:t=14:c=14:m=64000M,1800.0,1800.0,64000
BBM/model_037.bnet,cyber/complement-gfp,completed,0.058308,0.168968,,,,12544,,,,,false,false,16,1024,11,8,186,,16,0,16,0,,,,,,lexical,cyber-complement-gfp,final-comparison-and-ablation,0f8d662,36da421c-1044-4268-8546-4bb3791a2361,5ecb911901f39d46f9f74128a82a651fb871eef5f9235aec32947c952c1f681e,915bedc898c4a63fff6d74c9da29c14f21d1a6b0a7877cba4f915509a86b273c,28e3f0e88742b79f23e207717e804594dc9075191db40cb3df24f97fe388f7bf,2026-09-20T12:20:40+00:00,24474252_119,laurel,"gr10497b,gr10609b,gr10672b",p=1:t=14:c=14:m=64000M,1800.0,1800.0,64000
BBM/model_038.bnet,cyber/complement-gfp,completed,0.059249,0.173086,,,,12596,,,,,false,false,25,1,1,27,384,,25,0,25,0,,,,,,lexical,cyber-complement-gfp,final-comparison-and-ablation,0f8d662,36da421c-1044-4268-8546-4bb3791a2361,5ecb911901f39d46f9f74128a82a651fb871eef5f9235aec32947c952c1f681e,915bedc898c4a63fff6d74c9da29c14f21d1a6b0a7877cba4f915509a86b273c,28e3f0e88742b79f23e207717e804594dc9075191db40cb3df24f97fe388f7bf,2026-09-20T12:20:40+00:00,24474252_106,laurel,"gr10497b,gr10609b,gr10672b",p=1:t=14:c=14:m=64000M,1800.0,1800.0,64000
BBM/model_039.bnet,cyber/complement-gfp,timeout,1791.85,1800.03,,,,18929148,,,,,true,false,136,,,,,,,,,,,,,,,,,final-comparison-and-ablation,0f8d662,36da421c-1044-4268-8546-4bb3791a2361,5ecb911901f39d46f9f74128a82a651fb871eef5f9235aec32947c952c1f681e,915bedc898c4a63fff6d74c9da29c14f21d1a6b0a7877cba4f915509a86b273c,28e3f0e88742b79f23e207717e804594dc9075191db40cb3df24f97fe388f7bf,2026-09-20T12:20:40+00:00,24474252_19,laurel,"gr10497b,gr10609b,gr10672b",p=1:t=14:c=14:m=64000M,1800.0,1800.0,64000
BBM/model_040.bnet,cyber/complement-gfp,completed,0.404392,0.76998,,,,12612,,,,,false,false,23,67584,67,16,3948,,23,0,23,0,,,,,,lexical,cyber-complement-gfp,final-comparison-and-ablation,0f8d662,36da421c-1044-4268-8546-4bb3791a2361,5ecb911901f39d46f9f74128a82a651fb871eef5f9235aec32947c952c1f681e,915bedc898c4a63fff6d74c9da29c14f21d1a6b0a7877cba4f915509a86b273c,28e3f0e88742b79f23e207717e804594dc9075191db40cb3df24f97fe388f7bf,2026-09-20T12:20:40+00:00,24474252_172,laurel,"gr10497b,gr10609b,gr10672b",p=1:t=14:c=14:m=64000M,1800.0,1800.0,64000
BBM/model_041.bnet,cyber/complement-gfp,timeout,1793.28,1800.01,,,,2127720,,,,,true,false,131,,,,,,,,,,,,,,,,,final-comparison-and-ablation,0f8d662,36da421c-1044-4268-8546-4bb3791a2361,5ecb911901f39d46f9f74128a82a651fb871eef5f9235aec32947c952c1f681e,915bedc898c4a63fff6d74c9da29c14f21d1a6b0a7877cba4f915509a86b273c,28e3f0e88742b79f23e207717e804594dc9075191db40cb3df24f97fe388f7bf,2026-09-20T12:20:40+00:00,24474252_162,laurel,"gr10497b,gr10609b,gr10672b",p=1:t=14:c=14:m=64000M,1800.0,1800.0,64000
BBM/model_042.bnet,cyber/complement-gfp,completed,0.174138,0.289235,,,,12600,,,,,false,false,24,16384,31,12,1621,,24,0,24,0,,,,,,lexical,cyber-complement-gfp,final-comparison-and-ablation,0f8d662,36da421c-1044-4268-8546-4bb3791a2361,5ecb911901f39d46f9f74128a82a651fb871eef5f9235aec32947c952c1f681e,915bedc898c4a63fff6d74c9da29c14f21d1a6b0a7877cba4f915509a86b273c,28e3f0e88742b79f23e207717e804594dc9075191db40cb3df24f97fe388f7bf,2026-09-20T12:20:40+00:00,24474252_42,laurel,"gr10497b,gr10609b,gr10672b",p=1:t=14:c=14:m=64000M,1800.0,1800.0,64000
BBM/model_043.bnet,cyber/complement-gfp,completed,1.86201,1.98571,,,,12600,,,,,false,false,33,40341504,62,107,12465,,33,0,33,0,,,,,,lexical,cyber-complement-gfp,final-comparison-and-ablation,0f8d662,36da421c-1044-4268-8546-4bb3791a2361,5ecb911901f39d46f9f74128a82a651fb871eef5f9235aec32947c952c1f681e,915bedc898c4a63fff6d74c9da29c14f21d1a6b0a7877cba4f915509a86b273c,28e3f0e88742b79f23e207717e804594dc9075191db40cb3df24f97fe388f7bf,2026-09-20T12:20:40+00:00,24474252_16,laurel,"gr10497b,gr10609b,gr10672b",p=1:t=14:c=14:m=64000M,1800.0,1800.0,64000
BBM/model_044.bnet,cyber/complement-gfp,completed,0.134193,0.248788,,,,12532,,,,,false,false,26,20480,26,18,1090,,26,0,26,0,,,,,,lexical,cyber-complement-gfp,final-comparison-and-ablation,0f8d662,36da421c-1044-4268-8546-4bb3791a2361,5ecb911901f39d46f9f74128a82a651fb871eef5f9235aec32947c952c1f681e,915bedc898c4a63fff6d74c9da29c14f21d1a6b0a7877cba4f915509a86b273c,28e3f0e88742b79f23e207717e804594dc9075191db40cb3df24f97fe388f7bf,2026-09-20T12:20:40+00:00,24474252_177,laurel,"gr10497b,gr10609b,gr10672b",p=1:t=14:c=14:m=64000M,1800.0,1800.0,64000
BBM/model_045.bnet,cyber/complement-gfp,completed,0.12104,0.245997,,,,12608,,,,,false,false,24,2048,29,15,940,,24,0,24,0,,,,,,lexical,cyber-complement-gfp,final-comparison-and-ablation,0f8d662,36da421c-1044-4268-8546-4bb3791a2361,5ecb911901f39d46f9f74128a82a651fb871eef5f9235aec32947c952c1f681e,915bedc898c4a63fff6d74c9da29c14f21d1a6b0a7877cba4f915509a86b273c,28e3f0e88742b79f23e207717e804594dc9075191db40cb3df24f97fe388f7bf,2026-09-20T12:20:40+00:00,24474252_21,laurel,"gr10497b,gr10609b,gr10672b",p=1:t=14:c=14:m=64000M,1800.0,1800.0,64000
BBM/model_046.bnet,cyber/complement-gfp,completed,1212.96,1218.77,,,,182844,,,,,false,false,53,21743271936,127,52,750996,,53,0,53,0,,,,,,lexical,cyber-complement-gfp,final-comparison-and-ablation,0f8d662,36da421c-1044-4268-8546-4bb3791a2361,5ecb911901f39d46f9f74128a82a651fb871eef5f9235aec32947c952c1f681e,915bedc898c4a63fff6d74c9da29c14f21d1a6b0a7877cba4f915509a86b273c,28e3f0e88742b79f23e207717e804594dc9075191db40cb3df24f97fe388f7bf,2026-09-20T12:20:40+00:00,24474252_44,laurel,"gr10497b,gr10609b,gr10672b",p=1:t=14:c=14:m=64000M,1800.0,1800.0,64000
BBM/model_047.bnet,cyber/complement-gfp,completed,0.147057,0.257931,,,,12552,,,,,false,false,23,16384,47,11,1389,,23,0,23,0,,,,,,lexical,cyber-complement-gfp,final-comparison-and-ablation,0f8d662,36da421c-1044-4268-8546-4bb3791a2361,5ecb911901f39d46f9f74128a82a651fb871eef5f9235aec32947c952c1f681e,915bedc898c4a63fff6d74c9da29c14f21d1a6b0a7877cba4f915509a86b273c,28e3f0e88742b79f23e207717e804594dc9075191db40cb3df24f97fe388f7bf,2026-09-20T12:20:40+00:00,24474252_154,laurel,"gr10497b,gr10609b,gr10672b",p=1:t=14:c=14:m=64000M,1800.0,1800.0,64000
BBM/model_048.bnet,cyber/complement-gfp,timeout,1792.92,1800.01,,,,2021016,,,,,true,false,73,,,,,,,,,,,,,,,,cyber-complement-gfp,final-comparison-and-ablation,0f8d662,36da421c-1044-4268-8546-4bb3791a2361,5ecb911901f39d46f9f74128a82a651fb871eef5f9235aec32947c952c1f681e,915bedc898c4a63fff6d74c9da29c14f21d1a6b0a7877cba4f915509a86b273c,28e3f0e88742b79f23e207717e804594dc9075191db40cb3df24f97fe388f7bf,2026-09-20T12:20:40+00:00,24474252_38,laurel,"gr10497b,gr10609b,gr10672b",p=1:t=14:c=14:m=64000M,1800.0,1800.0,64000
BBM/model_049.bnet,cyber/complement-gfp,completed,0.224698,0.340857,,,,12644,,,,,false,false,19,70720,59,24,1805,,19,0,19,0,,,,,,lexical,cyber-complement-gfp,final-comparison-and-ablation,0f8d662,36da421c-1044-4268-8546-4bb3791a2361,5ecb911901f39d46f9f74128a82a651fb871eef5f9235aec32947c952c1f681e,915bedc898c4a63fff6d74c9da29c14f21d1a6b0a7877cba4f915509a86b273c,28e3f0e88742b79f23e207717e804594dc9075191db40cb3df24f97fe388f7bf,2026-09-20T12:20:40+00:00,24474252_191,laurel,"gr10497b,gr10609b,gr10672b",p=1:t=14:c=14:m=64000M,1800.0,1800.0,64000
BBM/model_050.bnet,cyber/complement-gfp,timeout,1791.45,1800.81,,,,63337876,,,,,true,false,188,,,,,,,,,,,,,,,,,final-comparison-and-ablation,0f8d662,36da421c-1044-4268-8546-4bb3791a2361,5ecb911901f39d46f9f74128a82a651fb871eef5f9235aec32947c952c1f681e,915bedc898c4a63fff6d74c9da29c14f21d1a6b0a7877cba4f915509a86b273c,28e3f0e88742b79f23e207717e804594dc9075191db40cb3df24f97fe388f7bf,2026-09-20T12:20:40+00:00,24474252_51,laurel,"gr10497b,gr10609b,gr10672b",p=1:t=14:c=14:m=64000M,1800.0,1800.0,64000
BBM/model_051.bnet,cyber/complement-gfp,completed,1049.98,1054.83,,,,181324,,,,,false,false,70,3320053760,167,284,698014,,70,0,70,0,,,,,,lexical,cyber-complement-gfp,final-comparison-and-ablation,0f8d662,36da421c-1044-4268-8546-4bb3791a2361,5ecb911901f39d46f9f74128a82a651fb871eef5f9235aec32947c952c1f681e,915bedc898c4a63fff6d74c9da29c14f21d1a6b0a7877cba4f915509a86b273c,28e3f0e88742b79f23e207717e804594dc9075191db40cb3df24f97fe388f7bf,2026-09-20T12:20:40+00:00,24474252_164,laurel,"gr10497b,gr10609b,gr10672b",p=1:t=14:c=14:m=64000M,1800.0,1800.0,64000
BBM/model_052.bnet,cyber/complement-gfp,completed,0.166903,0.279075,,,,12592,,,,,false,false,31,8192,21,20,1262,,31,0,31,0,,,,,,lexical,cyber-complement-gfp,final-comparison-and-ablation,0f8d662,36da421c-1044-4268-8546-4bb3791a2361,5ecb911901f39d46f9f74128a82a651fb871eef5f9235aec32947c952c1f681e,915bedc898c4a63fff6d74c9da29c14f21d1a6b0a7877cba4f915509a86b273c,28e3f0e88742b79f23e207717e804594dc9075191db40cb3df24f97fe388f7bf,2026-09-20T12:20:40+00:00,24474252_173,laurel,"gr10497b,gr10609b,gr10672b",p=1:t=14:c=14:m=64000M,1800.0,1800.0,64000
BBM/model_053.bnet,cyber/complement-gfp,completed,0.062646,0.174788,,,,12552,,,,,false,false,15,368,17,20,233,,15,0,15,0,,,,,,lexical,cyber-complement-gfp,final-comparison-and-ablation,0f8d662,36da421c-1044-4268-8546-4bb3791a2361,5ecb911901f39d46f9f74128a82a651fb871eef5f9235aec32947c952c1f681e,915bedc898c4a63fff6d74c9da29c14f21d1a6b0a7877cba4f915509a86b273c,28e3f0e88742b79f23e207717e804594dc9075191db40cb3df24f97fe388f7bf,2026-09-20T12:20:40+00:00,24474252_10,laurel,"gr10497b,gr10609b,gr10672b",p=1:t=14:c=14:m=64000M,1800.0,1800.0,64000
BBM/model_054.bnet,cyber/complement-gfp,timeout,1791.68,1800.01,,,,2414944,,,,,true,false,62,,,,,,,,,,,,,,,,,final-comparison-and-ablation,0f8d662,36da421c-1044-4268-8546-4bb3791a2361,5ecb911901f39d46f9f74128a82a651fb871eef5f9235aec32947c952c1f681e,915bedc898c4a63fff6d74c9da29c14f21d1a6b0a7877cba4f915509a86b273c,28e3f0e88742b79f23e207717e804594dc9075191db40cb3df24f97fe388f7bf,2026-09-20T12:20:40+00:00,24474252_107,laurel,"gr10497b,gr10609b,gr10672b",p=1:t=14:c=14:m=64000M,1800.0,1800.0,64000
BBM/model_055.bnet,cyber/complement-gfp,completed,0.418071,0.543444,,,,12580,,,,,false,false,19,118032,58,80,3771,,19,0,19,0,,,,,,lexical,cyber-complement-gfp,final-comparison-and-ablation,0f8d662,36da421c-1044-4268-8546-4bb3791a2361,5ecb911901f39d46f9f74128a82a651fb871eef5f9235aec32947c952c1f681e,915bedc898c4a63fff6d74c9da29c14f21d1a6b0a7877cba4f915509a86b273c,28e3f0e88742b79f23e207717e804594dc9075191db40cb3df24f97fe388f7bf,2026-09-20T12:20:40+00:00,24474252_46,laurel,"gr10497b,gr10609b,gr10672b",p=1:t=14:c=14:m=64000M,1800.0,1800.0,64000
BBM/model_056.bnet,cyber/complement-gfp,timeout,1792.69,1800.01,,,,1735180,,,,,true,false,91,,,,,,,,,,,,,,,,,final-comparison-and-ablation,0f8d662,36da421c-1044-4268-8546-4bb3791a2361,5ecb911901f39d46f9f74128a82a651fb871eef5f9235aec32947c952c1f681e,915bedc898c4a63fff6d74c9da29c14f21d1a6b0a7877cba4f915509a86b273c,28e3f0e88742b79f23e207717e804594dc9075191db40cb3df24f97fe388f7bf,2026-09-20T12:20:40+00:00,24474252_7,laurel,"gr10497b,gr10609b,gr10672b",p=1:t=14:c=14:m=64000M,1800.0,1800.0,64000
BBM/model_059.bnet,cyber/complement-gfp,completed,259.268,260.709,,,,61960,,,,,false,false,67,115964116992,144,58,212839,,67,0,67,0,,,,,,lexical,cyber-complement-gfp,final-comparison-and-ablation,0f8d662,36da421c-1044-4268-8546-4bb3791a2361,5ecb911901f39d46f9f74128a82a651fb871eef5f9235aec32947c952c1f681e,915bedc898c4a63fff6d74c9da29c14f21d1a6b0a7877cba4f915509a86b273c,28e3f0e88742b79f23e207717e804594dc9075191db40cb3df24f97fe388f7bf,2026-09-20T12:20:40+00:00,24474252_101,laurel,"gr10497b,gr10609b,gr10672b",p=1:t=14:c=14:m=64000M,1800.0,1800.0,64000
BBM/model_060.bnet,cyber/complement-gfp,completed,14.9378,15.0878,,,,13016,,,,,false,false,49,34359738368,83,16,55082,,49,0,49,0,,,,,,lexical,cyber-complement-gfp,final-comparison-and-ablation,0f8d662,36da421c-1044-4268-8546-4bb3791a2361,5ecb911901f39d46f9f74128a82a651fb871eef5f9235aec32947c952c1f681e,915bedc898c4a63fff6d74c9da29c14f21d1a6b0a7877cba4f915509a86b273c,28e3f0e88742b79f23e207717e804594dc9075191db40cb3df24f97fe388f7bf,2026-09-20T12:20:40+00:00,24474252_89,laurel,"gr10497b,gr10609b,gr10672b",p=1:t=14:c=14:m=64000M,1800.0,1800.0,64000
BBM/model_061.bnet,cyber/complement-gfp,completed,0.370698,0.486643,,,,12568,,,,,false,false,26,16384,78,14,1862,,26,0,26,0,,,,,,lexical,cyber-complement-gfp,final-comparison-and-ablation,0f8d662,36da421c-1044-4268-8546-4bb3791a2361,5ecb911901f39d46f9f74128a82a651fb871eef5f9235aec32947c952c1f681e,915bedc898c4a63fff6d74c9da29c14f21d1a6b0a7877cba4f915509a86b273c,28e3f0e88742b79f23e207717e804594dc9075191db40cb3df24f97fe388f7bf,2026-09-20T12:20:40+00:00,24474252_201,laurel,"gr10497b,gr10609b,gr10672b",p=1:t=14:c=14:m=64000M,1800.0,1800.0,64000
BBM/model_062.bnet,cyber/complement-gfp,completed,0.060498,0.258852,,,,12548,,,,,false,false,18,8,4,17,171,,18,0,18,0,,,,,,lexical,cyber-complement-gfp,final-comparison-and-ablation,0f8d662,36da421c-1044-4268-8546-4bb3791a2361,5ecb911901f39d46f9f74128a82a651fb871eef5f9235aec32947c952c1f681e,915bedc898c4a63fff6d74c9da29c14f21d1a6b0a7877cba4f915509a86b273c,28e3f0e88742b79f23e207717e804594dc9075191db40cb3df24f97fe388f7bf,2026-09-20T12:20:40+00:00,24474252_58,laurel,"gr10497b,gr10609b,gr10672b",p=1:t=14:c=14:m=64000M,1800.0,1800.0,64000
BBM/model_063.bnet,cyber/complement-gfp,completed,0.068891,0.184145,,,,12600,,,,,false,false,13,304,25,43,271,,13,0,13,0,,,,,,lexical,cyber-complement-gfp,final-comparison-and-ablation,0f8d662,36da421c-1044-4268-8546-4bb3791a2361,5ecb911901f39d46f9f74128a82a651fb871eef5f9235aec32947c952c1f681e,915bedc898c4a63fff6d74c9da29c14f21d1a6b0a7877cba4f915509a86b273c,28e3f0e88742b79f23e207717e804594dc9075191db40cb3df24f97fe388f7bf,2026-09-20T12:20:40+00:00,24474252_111,laurel,"gr10497b,gr10609b,gr10672b",p=1:t=14:c=14:m=64000M,1800.0,1800.0,64000
BBM/model_064.bnet,cyber/complement-gfp,completed,0.057333,0.169885,,,,12600,,,,,false,false,12,224,8,10,118,,12,0,12,0,,,,,,lexical,cyber-complement-gfp,final-comparison-and-ablation,0f8d662,36da421c-1044-4268-8546-4bb3791a2361,5ecb911901f39d46f9f74128a82a651fb871eef5f9235aec32947c952c1f681e,915bedc898c4a63fff6d74c9da29c14f21d1a6b0a7877cba4f915509a86b273c,28e3f0e88742b79f23e207717e804594dc9075191db40cb3df24f97fe388f7bf,2026-09-20T12:20:40+00:00,24474252_73,laurel,"gr10497b,gr10609b,gr10672b",p=1:t=14:c=14:m=64000M,1800.0,1800.0,64000
BBM/model_065.bnet,cyber/complement-gfp,completed,0.90931,1.0226,,,,12640,,,,,false,false,32,2097152,76,13,3718,,32,0,32,0,,,,,,lexical,cyber-complement-gfp,final-comparison-and-ablation,0f8d662,36da421c-1044-4268-8546-4bb3791a2361,5ecb911901f39d46f9f74128a82a651fb871eef5f9235aec32947c952c1f681e,915bedc898c4a63fff6d74c9da29c14f21d1a6b0a7877cba4f915509a86b273c,28e3f0e88742b79f23e207717e804594dc9075191db40cb3df24f97fe388f7bf,2026-09-20T12:20:40+00:00,24474252_87,laurel,"gr10497b,gr10609b,gr10672b",p=1:t=14:c=14:m=64000M,1800.0,1800.0,64000
BBM/model_066.bnet,cyber/complement-gfp,completed,2.20922,2.32778,,,,12616,,,,,false,false,38,262224,70,130,12127,,38,0,38,0,,,,,,lexical,cyber-complement-gfp,final-comparison-and-ablation,0f8d662,36da421c-1044-4268-8546-4bb3791a2361,5ecb911901f39d46f9f74128a82a651fb871eef5f9235aec32947c952c1f681e,915bedc898c4a63fff6d74c9da29c14f21d1a6b0a7877cba4f915509a86b273c,28e3f0e88742b79f23e207717e804594dc9075191db40cb3df24f97fe388f7bf,2026-09-20T12:20:40+00:00,24474252_13,laurel,"gr10497b,gr10609b,gr10672b",p=1:t=14:c=14:m=64000M,1800.0,1800.0,64000
BBM/model_067.bnet,cyber/complement-gfp,completed,0.062557,0.175204,,,,12648,,,,,false,false,13,280,19,22,208,,13,0,13,0,,,,,,lexical,cyber-complement-gfp,final-comparison-and-ablation,0f8d662,36da421c-1044-4268-8546-4bb3791a2361,5ecb911901f39d46f9f74128a82a651fb871eef5f9235aec32947c952c1f681e,915bedc898c4a63fff6d74c9da29c14f21d1a6b0a7877cba4f915509a86b273c,28e3f0e88742b79f23e207717e804594dc9075191db40cb3df24f97fe388f7bf,2026-09-20T12:20:40+00:00,24474252_31,laurel,"gr10497b,gr10609b,gr10672b",p=1:t=14:c=14:m=64000M,1800.0,1800.0,64000
BBM/model_068.bnet,cyber/complement-gfp,completed,0.122868,0.23477,,,,12624,,,,,false,false,23,4112,35,27,874,,23,0,23,0,,,,,,lexical,cyber-complement-gfp,final-comparison-and-ablation,0f8d662,36da421c-1044-4268-8546-4bb3791a2361,5ecb911901f39d46f9f74128a82a651fb871eef5f9235aec32947c952c1f681e,915bedc898c4a63fff6d74c9da29c14f21d1a6b0a7877cba4f915509a86b273c,28e3f0e88742b79f23e207717e804594dc9075191db40cb3df24f97fe388f7bf,2026-09-20T12:20:40+00:00,24474252_29,laurel,"gr10497b,gr10609b,gr10672b",p=1:t=14:c=14:m=64000M,1800.0,1800.0,64000
BBM/model_070.bnet,cyber/complement-gfp,completed,6.35723,6.50169,,,,12656,,,,,false,false,53,33554432,64,30,15053,,53,0,53,0,,,,,,lexical,cyber-complement-gfp,final-comparison-and-ablation,0f8d662,36da421c-1044-4268-8546-4bb3791a2361,5ecb911901f39d46f9f74128a82a651fb871eef5f9235aec32947c952c1f681e,915bedc898c4a63fff6d74c9da29c14f21d1a6b0a7877cba4f915509a86b273c,28e3f0e88742b79f23e207717e804594dc9075191db40cb3df24f97fe388f7bf,2026-09-20T12:20:40+00:00,24474252_126,laurel,"gr10497b,gr10609b,gr10672b",p=1:t=14:c=14:m=64000M,1800.0,1800.0,64000
BBM/model_071.bnet,cyber/complement-gfp,completed,10.6666,10.8265,,,,12904,,,,,false,false,42,268435456,91,16,63292,,42,0,42,0,,,,,,lexical,cyber-complement-gfp,final-comparison-and-ablation,0f8d662,36da421c-1044-4268-8546-4bb3791a2361,5ecb911901f39d46f9f74128a82a651fb871eef5f9235aec32947c952c1f681e,915bedc898c4a63fff6d74c9da29c14f21d1a6b0a7877cba4f915509a86b273c,28e3f0e88742b79f23e207717e804594dc9075191db40cb3df24f97fe388f7bf,2026-09-20T12:20:40+00:00,24474252_30,laurel,"gr10497b,gr10609b,gr10672b",p=1:t=14:c=14:m=64000M,1800.0,1800.0,64000
BBM/model_072.bnet,cyber/complement-gfp,timeout,1792.03,1800.02,,,,3539704,,,,,true,false,81,,,,,,,,,,,,,,,,,final-comparison-and-ablation,0f8d662,36da421c-1044-4268-8546-4bb3791a2361,5ecb911901f39d46f9f74128a82a651fb871eef5f9235aec32947c952c1f681e,915bedc898c4a63fff6d74c9da29c14f21d1a6b0a7877cba4f915509a86b273c,28e3f0e88742b79f23e207717e804594dc9075191db40cb3df24f97fe388f7bf,2026-09-20T12:20:40+00:00,24474252_213,laurel,"gr10497b,gr10609b,gr10672b",p=1:t=14:c=14:m=64000M,1800.0,1800.0,64000
BBM/model_073.bnet,cyber/complement-gfp,completed,0.224876,0.338695,,,,12460,,,,,false,false,33,87552,30,90,1903,,33,0,33,0,,,,,,lexical,cyber-complement-gfp,final-comparison-and-ablation,0f8d662,36da421c-1044-4268-8546-4bb3791a2361,5ecb911901f39d46f9f74128a82a651fb871eef5f9235aec32947c952c1f681e,915bedc898c4a63fff6d74c9da29c14f21d1a6b0a7877cba4f915509a86b273c,28e3f0e88742b79f23e207717e804594dc9075191db40cb3df24f97fe388f7bf,2026-09-20T12:20:40+00:00,24474252_144,laurel,"gr10497b,gr10609b,gr10672b",p=1:t=14:c=14:m=64000M,1800.0,1800.0,64000
BBM/model_074.bnet,cyber/complement-gfp,completed,0.06387,0.173496,,,,12492,,,,,false,false,18,131072,18,3,187,,18,0,18,0,,,,,,lexical,cyber-complement-gfp,final-comparison-and-ablation,0f8d662,36da421c-1044-4268-8546-4bb3791a2361,5ecb911901f39d46f9f74128a82a651fb871eef5f9235aec32947c952c1f681e,915bedc898c4a63fff6d74c9da29c14f21d1a6b0a7877cba4f915509a86b273c,28e3f0e88742b79f23e207717e804594dc9075191db40cb3df24f97fe388f7bf,2026-09-20T12:20:40+00:00,24474252_80,laurel,"gr10497b,gr10609b,gr10672b",p=1:t=14:c=14:m=64000M,1800.0,1800.0,64000
BBM/model_076.bnet,cyber/complement-gfp,timeout,1792.25,1800.01,,,,1796464,,,,,true,false,51,,,,,,,,,,,,,,,,,final-comparison-and-ablation,0f8d662,36da421c-1044-4268-8546-4bb3791a2361,5ecb911901f39d46f9f74128a82a651fb871eef5f9235aec32947c952c1f681e,915bedc898c4a63fff6d74c9da29c14f21d1a6b0a7877cba4f915509a86b273c,28e3f0e88742b79f23e207717e804594dc9075191db40cb3df24f97fe388f7bf,2026-09-20T12:20:40+00:00,24474252_200,laurel,"gr10497b,gr10609b,gr10672b",p=1:t=14:c=14:m=64000M,1800.0,1800.0,64000
BBM/model_077.bnet,cyber/complement-gfp,completed,807.087,810.917,,,,385288,,,,,false,false,66,70368744177664,159,22,831100,,66,0,66,0,,,,,,lexical,cyber-complement-gfp,final-comparison-and-ablation,0f8d662,36da421c-1044-4268-8546-4bb3791a2361,5ecb911901f39d46f9f74128a82a651fb871eef5f9235aec32947c952c1f681e,915bedc898c4a63fff6d74c9da29c14f21d1a6b0a7877cba4f915509a86b273c,28e3f0e88742b79f23e207717e804594dc9075191db40cb3df24f97fe388f7bf,2026-09-20T12:20:40+00:00,24474252_210,laurel,"gr10497b,gr10609b,gr10672b",p=1:t=14:c=14:m=64000M,1800.0,1800.0,64000
BBM/model_078.bnet,cyber/complement-gfp,oom,1646.61,1654.61,,,,65333956,,,,,false,true,164,,,,,,,,,,,,,,,,cyber-complement-gfp,final-comparison-and-ablation,0f8d662,36da421c-1044-4268-8546-4bb3791a2361,5ecb911901f39d46f9f74128a82a651fb871eef5f9235aec32947c952c1f681e,915bedc898c4a63fff6d74c9da29c14f21d1a6b0a7877cba4f915509a86b273c,28e3f0e88742b79f23e207717e804594dc9075191db40cb3df24f97fe388f7bf,2026-09-20T12:20:40+00:00,24474252_212,laurel,"gr10497b,gr10609b,gr10672b",p=1:t=14:c=14:m=64000M,1800.0,1800.0,64000
BBM/model_079.bnet,cyber/complement-gfp,oom,1248.7,1254.64,,,,65331348,,,,,false,true,197,,,,,,,,,,,,,,,,cyber-complement-gfp,final-comparison-and-ablation,0f8d662,36da421c-1044-4268-8546-4bb3791a2361,5ecb911901f39d46f9f74128a82a651fb871eef5f9235aec32947c952c1f681e,915bedc898c4a63fff6d74c9da29c14f21d1a6b0a7877cba4f915509a86b273c,28e3f0e88742b79f23e207717e804594dc9075191db40cb3df24f97fe388f7bf,2026-09-20T12:20:40+00:00,24474252_96,laurel,"gr10497b,gr10609b,gr10672b",p=1:t=14:c=14:m=64000M,1800.0,1800.0,64000
BBM/model_080.bnet,cyber/complement-gfp,timeout,1792.78,1800.01,,,,2475832,,,,,true,false,110,,,,,,,,,,,,,,,,,final-comparison-and-ablation,0f8d662,36da421c-1044-4268-8546-4bb3791a2361,5ecb911901f39d46f9f74128a82a651fb871eef5f9235aec32947c952c1f681e,915bedc898c4a63fff6d74c9da29c14f21d1a6b0a7877cba4f915509a86b273c,28e3f0e88742b79f23e207717e804594dc9075191db40cb3df24f97fe388f7bf,2026-09-20T12:20:40+00:00,24474252_76,laurel,"gr10497b,gr10609b,gr10672b",p=1:t=14:c=14:m=64000M,1800.0,1800.0,64000
BBM/model_081.bnet,cyber/complement-gfp,completed,187.496,188.321,,,,62852,,,,,false,false,42,2952790016,219,57,248230,,42,0,42,0,,,,,,lexical,cyber-complement-gfp,final-comparison-and-ablation,0f8d662,36da421c-1044-4268-8546-4bb3791a2361,5ecb911901f39d46f9f74128a82a651fb871eef5f9235aec32947c952c1f681e,915bedc898c4a63fff6d74c9da29c14f21d1a6b0a7877cba4f915509a86b273c,28e3f0e88742b79f23e207717e804594dc9075191db40cb3df24f97fe388f7bf,2026-09-20T12:20:40+00:00,24474252_64,laurel,"gr10497b,gr10609b,gr10672b",p=1:t=14:c=14:m=64000M,1800.0,1800.0,64000
BBM/model_082.bnet,cyber/complement-gfp,timeout,1791.29,1800.01,,,,1657868,,,,,true,false,128,,,,,,,,,,,,,,,,cyber-complement-gfp,final-comparison-and-ablation,0f8d662,36da421c-1044-4268-8546-4bb3791a2361,5ecb911901f39d46f9f74128a82a651fb871eef5f9235aec32947c952c1f681e,915bedc898c4a63fff6d74c9da29c14f21d1a6b0a7877cba4f915509a86b273c,28e3f0e88742b79f23e207717e804594dc9075191db40cb3df24f97fe388f7bf,2026-09-20T12:20:40+00:00,24474252_127,laurel,"gr10497b,gr10609b,gr10672b",p=1:t=14:c=14:m=64000M,1800.0,1800.0,64000
BBM/model_083.bnet,cyber/complement-gfp,timeout,1791.87,1800.07,,,,24753960,,,,,true,false,133,,,,,,,,,,,,,,,,,final-comparison-and-ablation,0f8d662,36da421c-1044-4268-8546-4bb3791a2361,5ecb911901f39d46f9f74128a82a651fb871eef5f9235aec32947c952c1f681e,915bedc898c4a63fff6d74c9da29c14f21d1a6b0a7877cba4f915509a86b273c,28e3f0e88742b79f23e207717e804594dc9075191db40cb3df24f97fe388f7bf,2026-09-20T12:20:40+00:00,24474252_49,laurel,"gr10497b,gr10609b,gr10672b",p=1:t=14:c=14:m=64000M,1800.0,1800.0,64000
BBM/model_084.bnet,cyber/complement-gfp,timeout,1793.97,1800.01,,,,788732,,,,,true,false,81,,,,,,,,,,,,,,,,cyber-complement-gfp,final-comparison-and-ablation,0f8d662,36da421c-1044-4268-8546-4bb3791a2361,5ecb911901f39d46f9f74128a82a651fb871eef5f9235aec32947c952c1f681e,915bedc898c4a63fff6d74c9da29c14f21d1a6b0a7877cba4f915509a86b273c,28e3f0e88742b79f23e207717e804594dc9075191db40cb3df24f97fe388f7bf,2026-09-20T12:20:40+00:00,24474252_196,laurel,"gr10497b,gr10609b,gr10672b",p=1:t=14:c=14:m=64000M,1800.0,1800.0,64000
BBM/model_085.bnet,cyber/complement-gfp,completed,0.591757,0.706202,,,,12644,,,,,false,false,27,98304,60,36,5149,,27,0,27,0,,,,,,lexical,cyber-complement-gfp,final-comparison-and-ablation,0f8d662,36da421c-1044-4268-8546-4bb3791a2361,5ecb911901f39d46f9f74128a82a651fb871eef5f9235aec32947c952c1f681e,915bedc898c4a63fff6d74c9da29c14f21d1a6b0a7877cba4f915509a86b273c,28e3f0e88742b79f23e207717e804594dc9075191db40cb3df24f97fe388f7bf,2026-09-20T12:20:40+00:00,24474252_47,laurel,"gr10497b,gr10609b,gr10672b",p=1:t=14:c=14:m=64000M,1800.0,1800.0,64000
BBM/model_086.bnet,cyber/complement-gfp,completed,0.093718,0.207627,,,,12484,,,,,false,false,20,11264,27,19,671,,20,0,20,0,,,,,,lexical,cyber-complement-gfp,final-comparison-and-ablation,0f8d662,36da421c-1044-4268-8546-4bb3791a2361,5ecb911901f39d46f9f74128a82a651fb871eef5f9235aec32947c952c1f681e,915bedc898c4a63fff6d74c9da29c14f21d1a6b0a7877cba4f915509a86b273c,28e3f0e88742b79f23e207717e804594dc9075191db40cb3df24f97fe388f7bf,2026-09-20T12:20:40+00:00,24474252_170,laurel,"gr10497b,gr10609b,gr10672b",p=1:t=14:c=14:m=64000M,1800.0,1800.0,64000
BBM/model_087.bnet,cyber/complement-gfp,timeout,1792.88,1800.01,,,,1852024,,,,,true,false,133,,,,,,,,,,,,,,,,,final-comparison-and-ablation,0f8d662,36da421c-1044-4268-8546-4bb3791a2361,5ecb911901f39d46f9f74128a82a651fb871eef5f9235aec32947c952c1f681e,915bedc898c4a63fff6d74c9da29c14f21d1a6b0a7877cba4f915509a86b273c,28e3f0e88742b79f23e207717e804594dc9075191db40cb3df24f97fe388f7bf,2026-09-20T12:20:40+00:00,24474252_41,laurel,"gr10497b,gr10609b,gr10672b",p=1:t=14:c=14:m=64000M,1800.0,1800.0,64000
BBM/model_088.bnet,cyber/complement-gfp,completed,0.054808,0.166258,,,,12640,,,,,false,false,6,1,1,8,32,,6,0,6,0,,,,,,lexical,cyber-complement-gfp,final-comparison-and-ablation,0f8d662,36da421c-1044-4268-8546-4bb3791a2361,5ecb911901f39d46f9f74128a82a651fb871eef5f9235aec32947c952c1f681e,915bedc898c4a63fff6d74c9da29c14f21d1a6b0a7877cba4f915509a86b273c,28e3f0e88742b79f23e207717e804594dc9075191db40cb3df24f97fe388f7bf,2026-09-20T12:20:40+00:00,24474252_138,laurel,"gr10497b,gr10609b,gr10672b",p=1:t=14:c=14:m=64000M,1800.0,1800.0,64000
BBM/model_089.bnet,cyber/complement-gfp,completed,0.059914,0.170937,,,,12560,,,,,false,false,17,128,9,12,169,,17,0,17,0,,,,,,lexical,cyber-complement-gfp,final-comparison-and-ablation,0f8d662,36da421c-1044-4268-8546-4bb3791a2361,5ecb911901f39d46f9f74128a82a651fb871eef5f9235aec32947c952c1f681e,915bedc898c4a63fff6d74c9da29c14f21d1a6b0a7877cba4f915509a86b273c,28e3f0e88742b79f23e207717e804594dc9075191db40cb3df24f97fe388f7bf,2026-09-20T12:20:40+00:00,24474252_131,laurel,"gr10497b,gr10609b,gr10672b",p=1:t=14:c=14:m=64000M,1800.0,1800.0,64000
BBM/model_090.bnet,cyber/complement-gfp,completed,0.059884,0.171685,,,,12632,,,,,false,false,18,32,7,15,139,,18,0,18,0,,,,,,lexical,cyber-complement-gfp,final-comparison-and-ablation,0f8d662,36da421c-1044-4268-8546-4bb3791a2361,5ecb911901f39d46f9f74128a82a651fb871eef5f9235aec32947c952c1f681e,915bedc898c4a63fff6d74c9da29c14f21d1a6b0a7877cba4f915509a86b273c,28e3f0e88742b79f23e207717e804594dc9075191db40cb3df24f97fe388f7bf,2026-09-20T12:20:40+00:00,24474252_2,laurel,"gr10497b,gr10609b,gr10672b",p=1:t=14:c=14:m=64000M,1800.0,1800.0,64000
BBM/model_091.bnet,cyber/complement-gfp,completed,0.057764,0.168258,,,,12600,,,,,false,false,16,32,6,13,104,,16,0,16,0,,,,,,lexical,cyber-complement-gfp,final-comparison-and-ablation,0f8d662,36da421c-1044-4268-8546-4bb3791a2361,5ecb911901f39d46f9f74128a82a651fb871eef5f9235aec32947c952c1f681e,915bedc898c4a63fff6d74c9da29c14f21d1a6b0a7877cba4f915509a86b273c,28e3f0e88742b79f23e207717e804594dc9075191db40cb3df24f97fe388f7bf,2026-09-20T12:20:40+00:00,24474252_142,laurel,"gr10497b,gr10609b,gr10672b",p=1:t=14:c=14:m=64000M,1800.0,1800.0,64000
BBM/model_092.bnet,cyber/complement-gfp,timeout,1791.9,1800.01,,,,2635180,,,,,true,false,69,,,,,,,,,,,,,,,,,final-comparison-and-ablation,0f8d662,36da421c-1044-4268-8546-4bb3791a2361,5ecb911901f39d46f9f74128a82a651fb871eef5f9235aec32947c952c1f681e,915bedc898c4a63fff6d74c9da29c14f21d1a6b0a7877cba4f915509a86b273c,28e3f0e88742b79f23e207717e804594dc9075191db40cb3df24f97fe388f7bf,2026-09-20T12:20:40+00:00,24474252_175,laurel,"gr10497b,gr10609b,gr10672b",p=1:t=14:c=14:m=64000M,1800.0,1800.0,64000
BBM/model_093.bnet,cyber/complement-gfp,timeout,1790.01,1800.01,,,,461472,,,,,true,false,66,,,,,,,,,,,,,,,,cyber-complement-gfp,final-comparison-and-ablation,0f8d662,36da421c-1044-4268-8546-4bb3791a2361,5ecb911901f39d46f9f74128a82a651fb871eef5f9235aec32947c952c1f681e,915bedc898c4a63fff6d74c9da29c14f21d1a6b0a7877cba4f915509a86b273c,28e3f0e88742b79f23e207717e804594dc9075191db40cb3df24f97fe388f7bf,2026-09-20T12:20:40+00:00,24474252_43,laurel,"gr10497b,gr10609b,gr10672b",p=1:t=14:c=14:m=64000M,1800.0,1800.0,64000
BBM/model_094.bnet,cyber/complement-gfp,completed,0.120951,0.240043,,,,12552,,,,,false,false,30,1024,27,22,1131,,30,0,30,0,,,,,,lexical,cyber-complement-gfp,final-comparison-and-ablation,0f8d662,36da421c-1044-4268-8546-4bb3791a2361,5ecb911901f39d46f9f74128a82a651fb871eef5f9235aec32947c952c1f681e,915bedc898c4a63fff6d74c9da29c14f21d1a6b0a7877cba4f915509a86b273c,28e3f0e88742b79f23e207717e804594dc9075191db40cb3df24f97fe388f7bf,2026-09-20T12:20:40+00:00,24474252_0,laurel,"gr10497b,gr10609b,gr10672b",p=1:t=14:c=14:m=64000M,1800.0,1800.0,64000
BBM/model_095.bnet,cyber/complement-gfp,completed,0.05518,0.165899,,,,12600,,,,,false,false,10,1,1,12,37,,10,0,10,0,,,,,,lexical,cyber-complement-gfp,final-comparison-and-ablation,0f8d662,36da421c-1044-4268-8546-4bb3791a2361,5ecb911901f39d46f9f74128a82a651fb871eef5f9235aec32947c952c1f681e,915bedc898c4a63fff6d74c9da29c14f21d1a6b0a7877cba4f915509a86b273c,28e3f0e88742b79f23e207717e804594dc9075191db40cb3df24f97fe388f7bf,2026-09-20T12:20:40+00:00,24474252_108,laurel,"gr10497b,gr10609b,gr10672b",p=1:t=14:c=14:m=64000M,1800.0,1800.0,64000
BBM/model_096.bnet,cyber/complement-gfp,completed,0.430861,0.54368,,,,12628,,,,,false,false,20,337920,56,26,6069,,20,0,20,0,,,,,,lexical,cyber-complement-gfp,final-comparison-and-ablation,0f8d662,36da421c-1044-4268-8546-4bb3791a2361,5ecb911901f39d46f9f74128a82a651fb871eef5f9235aec32947c952c1f681e,915bedc898c4a63fff6d74c9da29c14f21d1a6b0a7877cba4f915509a86b273c,28e3f0e88742b79f23e207717e804594dc9075191db40cb3df24f97fe388f7bf,2026-09-20T12:20:40+00:00,24474252_160,laurel,"gr10497b,gr10609b,gr10672b",p=1:t=14:c=14:m=64000M,1800.0,1800.0,64000
BBM/model_097.bnet,cyber/complement-gfp,completed,0.059947,0.173936,,,,12548,,,,,false,false,10,256,13,4,121,,10,0,10,0,,,,,,lexical,cyber-complement-gfp,final-comparison-and-ablation,0f8d662,36da421c-1044-4268-8546-4bb3791a2361,5ecb911901f39d46f9f74128a82a651fb871eef5f9235aec32947c952c1f681e,915bedc898c4a63fff6d74c9da29c14f21d1a6b0a7877cba4f915509a86b273c,28e3f0e88742b79f23e207717e804594dc9075191db40cb3df24f97fe388f7bf,2026-09-20T12:20:40+00:00,24474252_180,laurel,"gr10497b,gr10609b,gr10672b",p=1:t=14:c=14:m=64000M,1800.0,1800.0,64000
BBM/model_098.bnet,cyber/complement-gfp,completed,0.29496,0.40668,,,,12488,,,,,false,false,42,1280,17,45,1793,,42,0,42,0,,,,,,lexical,cyber-complement-gfp,final-comparison-and-ablation,0f8d662,36da421c-1044-4268-8546-4bb3791a2361,5ecb911901f39d46f9f74128a82a651fb871eef5f9235aec32947c952c1f681e,915bedc898c4a63fff6d74c9da29c14f21d1a6b0a7877cba4f915509a86b273c,28e3f0e88742b79f23e207717e804594dc9075191db40cb3df24f97fe388f7bf,2026-09-20T12:20:40+00:00,24474252_26,laurel,"gr10497b,gr10609b,gr10672b",p=1:t=14:c=14:m=64000M,1800.0,1800.0,64000
BBM/model_099.bnet,cyber/complement-gfp,completed,0.072935,0.18592,,,,12568,,,,,false,false,19,2048,20,10,676,,19,0,19,0,,,,,,lexical,cyber-complement-gfp,final-comparison-and-ablation,0f8d662,36da421c-1044-4268-8546-4bb3791a2361,5ecb911901f39d46f9f74128a82a651fb871eef5f9235aec32947c952c1f681e,915bedc898c4a63fff6d74c9da29c14f21d1a6b0a7877cba4f915509a86b273c,28e3f0e88742b79f23e207717e804594dc9075191db40cb3df24f97fe388f7bf,2026-09-20T12:20:40+00:00,24474252_195,laurel,"gr10497b,gr10609b,gr10672b",p=1:t=14:c=14:m=64000M,1800.0,1800.0,64000
BBM/model_100.bnet,cyber/complement-gfp,completed,0.450465,0.566943,,,,12620,,,,,false,false,21,262144,42,5,9891,,21,0,21,0,,,,,,lexical,cyber-complement-gfp,final-comparison-and-ablation,0f8d662,36da421c-1044-4268-8546-4bb3791a2361,5ecb911901f39d46f9f74128a82a651fb871eef5f9235aec32947c952c1f681e,915bedc898c4a63fff6d74c9da29c14f21d1a6b0a7877cba4f915509a86b273c,28e3f0e88742b79f23e207717e804594dc9075191db40cb3df24f97fe388f7bf,2026-09-20T12:20:40+00:00,24474252_168,laurel,"gr10497b,gr10609b,gr10672b",p=1:t=14:c=14:m=64000M,1800.0,1800.0,64000
BBM/model_101.bnet,cyber/complement-gfp,timeout,1792.28,1800.01,,,,754956,,,,,true,false,85,,,,,,,,,,,,,,,,cyber-complement-gfp,final-comparison-and-ablation,0f8d662,36da421c-1044-4268-8546-4bb3791a2361,5ecb911901f39d46f9f74128a82a651fb871eef5f9235aec32947c952c1f681e,915bedc898c4a63fff6d74c9da29c14f21d1a6b0a7877cba4f915509a86b273c,28e3f0e88742b79f23e207717e804594dc9075191db40cb3df24f97fe388f7bf,2026-09-20T12:20:40+00:00,24474252_135,laurel,"gr10497b,gr10609b,gr10672b",p=1:t=14:c=14:m=64000M,1800.0,1800.0,64000
BBM/model_102.bnet,cyber/complement-gfp,completed,0.071523,0.182982,,,,12600,,,,,false,false,22,1024,14,14,316,,22,0,22,0,,,,,,lexical,cyber-complement-gfp,final-comparison-and-ablation,0f8d662,36da421c-1044-4268-8546-4bb3791a2361,5ecb911901f39d46f9f74128a82a651fb871eef5f9235aec32947c952c1f681e,915bedc898c4a63fff6d74c9da29c14f21d1a6b0a7877cba4f915509a86b273c,28e3f0e88742b79f23e207717e804594dc9075191db40cb3df24f97fe388f7bf,2026-09-20T12:20:40+00:00,24474252_117,laurel,"gr10497b,gr10609b,gr10672b",p=1:t=14:c=14:m=64000M,1800.0,1800.0,64000
BBM/model_103.bnet,cyber/complement-gfp,timeout,1792.82,1800.01,,,,2432312,,,,,true,false,69,,,,,,,,,,,,,,,,,final-comparison-and-ablation,0f8d662,36da421c-1044-4268-8546-4bb3791a2361,5ecb911901f39d46f9f74128a82a651fb871eef5f9235aec32947c952c1f681e,915bedc898c4a63fff6d74c9da29c14f21d1a6b0a7877cba4f915509a86b273c,28e3f0e88742b79f23e207717e804594dc9075191db40cb3df24f97fe388f7bf,2026-09-20T12:20:40+00:00,24474252_74,laurel,"gr10497b,gr10609b,gr10672b",p=1:t=14:c=14:m=64000M,1800.0,1800.0,64000
BBM/model_104.bnet,cyber/complement-gfp,completed,0.065657,0.191514,,,,12596,,,,,false,false,14,128,9,17,134,,14,0,14,0,,,,,,lexical,cyber-complement-gfp,final-comparison-and-ablation,0f8d662,36da421c-1044-4268-8546-4bb3791a2361,5ecb911901f39d46f9f74128a82a651fb871eef5f9235aec32947c952c1f681e,915bedc898c4a63fff6d74c9da29c14f21d1a6b0a7877cba4f915509a86b273c,28e3f0e88742b79f23e207717e804594dc9075191db40cb3df24f97fe388f7bf,2026-09-20T12:20:40+00:00,24474252_185,laurel,"gr10497b,gr10609b,gr10672b",p=1:t=14:c=14:m=64000M,1800.0,1800.0,64000
BBM/model_105.bnet,cyber/complement-gfp,completed,13.3639,13.5463,,,,20348,,,,,false,false,49,140443648,66,77,62315,,49,0,49,0,,,,,,lexical,cyber-complement-gfp,final-comparison-and-ablation,0f8d662,36da421c-1044-4268-8546-4bb3791a2361,5ecb911901f39d46f9f74128a82a651fb871eef5f9235aec32947c952c1f681e,915bedc898c4a63fff6d74c9da29c14f21d1a6b0a7877cba4f915509a86b273c,28e3f0e88742b79f23e207717e804594dc9075191db40cb3df24f97fe388f7bf,2026-09-20T12:20:40+00:00,24474252_116,laurel,"gr10497b,gr10609b,gr10672b",p=1:t=14:c=14:m=64000M,1800.0,1800.0,64000
BBM/model_106.bnet,cyber/complement-gfp,timeout,1792.46,1800.01,,,,1396624,,,,,true,false,80,,,,,,,,,,,,,,,,cyber-complement-gfp,final-comparison-and-ablation,0f8d662,36da421c-1044-4268-8546-4bb3791a2361,5ecb911901f39d46f9f74128a82a651fb871eef5f9235aec32947c952c1f681e,915bedc898c4a63fff6d74c9da29c14f21d1a6b0a7877cba4f915509a86b273c,28e3f0e88742b79f23e207717e804594dc9075191db40cb3df24f97fe388f7bf,2026-09-20T12:20:40+00:00,24474252_198,laurel,"gr10497b,gr10609b,gr10672b",p=1:t=14:c=14:m=64000M,1800.0,1800.0,64000
BBM/model_107.bnet,cyber/complement-gfp,completed,2.29392,2.42082,,,,12608,,,,,false,false,33,2785280,45,74,25262,,33,0,33,0,,,,,,lexical,cyber-complement-gfp,final-comparison-and-ablation,0f8d662,36da421c-1044-4268-8546-4bb3791a2361,5ecb911901f39d46f9f74128a82a651fb871eef5f9235aec32947c952c1f681e,915bedc898c4a63fff6d74c9da29c14f21d1a6b0a7877cba4f915509a86b273c,28e3f0e88742b79f23e207717e804594dc9075191db40cb3df24f97fe388f7bf,2026-09-20T12:20:40+00:00,24474252_98,laurel,"gr10497b,gr10609b,gr10672b",p=1:t=14:c=14:m=64000M,1800.0,1800.0,64000
BBM/model_108.bnet,cyber/complement-gfp,completed,0.30061,0.417496,,,,12564,,,,,false,false,25,17472,53,43,2180,,25,0,25,0,,,,,,lexical,cyber-complement-gfp,final-comparison-and-ablation,0f8d662,36da421c-1044-4268-8546-4bb3791a2361,5ecb911901f39d46f9f74128a82a651fb871eef5f9235aec32947c952c1f681e,915bedc898c4a63fff6d74c9da29c14f21d1a6b0a7877cba4f915509a86b273c,28e3f0e88742b79f23e207717e804594dc9075191db40cb3df24f97fe388f7bf,2026-09-20T12:20:40+00:00,24474252_206,laurel,"gr10497b,gr10609b,gr10672b",p=1:t=14:c=14:m=64000M,1800.0,1800.0,64000
BBM/model_109.bnet,cyber/complement-gfp,completed,0.05683,0.170378,,,,12588,,,,,false,false,5,5,3,10,27,,5,0,5,0,,,,,,lexical,cyber-complement-gfp,final-comparison-and-ablation,0f8d662,36da421c-1044-4268-8546-4bb3791a2361,5ecb911901f39d46f9f74128a82a651fb871eef5f9235aec32947c952c1f681e,915bedc898c4a63fff6d74c9da29c14f21d1a6b0a7877cba4f915509a86b273c,28e3f0e88742b79f23e207717e804594dc9075191db40cb3df24f97fe388f7bf,2026-09-20T12:20:40+00:00,24474252_17,laurel,"gr10497b,gr10609b,gr10672b",p=1:t=14:c=14:m=64000M,1800.0,1800.0,64000
BBM/model_110.bnet,cyber/complement-gfp,completed,0.057528,0.170855,,,,12628,,,,,false,false,9,192,25,6,73,,9,0,9,0,,,,,,lexical,cyber-complement-gfp,final-comparison-and-ablation,0f8d662,36da421c-1044-4268-8546-4bb3791a2361,5ecb911901f39d46f9f74128a82a651fb871eef5f9235aec32947c952c1f681e,915bedc898c4a63fff6d74c9da29c14f21d1a6b0a7877cba4f915509a86b273c,28e3f0e88742b79f23e207717e804594dc9075191db40cb3df24f97fe388f7bf,2026-09-20T12:20:40+00:00,24474252_77,laurel,"gr10497b,gr10609b,gr10672b",p=1:t=14:c=14:m=64000M,1800.0,1800.0,64000
BBM/model_111.bnet,cyber/complement-gfp,completed,0.357523,0.469589,,,,12608,,,,,false,false,33,262144,64,17,2906,,33,0,33,0,,,,,,lexical,cyber-complement-gfp,final-comparison-and-ablation,0f8d662,36da421c-1044-4268-8546-4bb3791a2361,5ecb911901f39d46f9f74128a82a651fb871eef5f9235aec32947c952c1f681e,915bedc898c4a63fff6d74c9da29c14f21d1a6b0a7877cba4f915509a86b273c,28e3f0e88742b79f23e207717e804594dc9075191db40cb3df24f97fe388f7bf,2026-09-20T12:20:40+00:00,24474252_136,laurel,"gr10497b,gr10609b,gr10672b",p=1:t=14:c=14:m=64000M,1800.0,1800.0,64000
BBM/model_112.bnet,cyber/complement-gfp,timeout,1794.54,1800.01,,,,2510776,,,,,true,false,112,,,,,,,,,,,,,,,,,final-comparison-and-ablation,0f8d662,36da421c-1044-4268-8546-4bb3791a2361,5ecb911901f39d46f9f74128a82a651fb871eef5f9235aec32947c952c1f681e,915bedc898c4a63fff6d74c9da29c14f21d1a6b0a7877cba4f915509a86b273c,28e3f0e88742b79f23e207717e804594dc9075191db40cb3df24f97fe388f7bf,2026-09-20T12:20:40+00:00,24474252_59,laurel,"gr10497b,gr10609b,gr10672b",p=1:t=14:c=14:m=64000M,1800.0,1800.0,64000
BBM/model_113.bnet,cyber/complement-gfp,oom,1485.9,1493.09,,,,65334692,,,,,false,true,182,,,,,,,,,,,,,,,,cyber-complement-gfp,final-comparison-and-ablation,0f8d662,36da421c-1044-4268-8546-4bb3791a2361,5ecb911901f39d46f9f74128a82a651fb871eef5f9235aec32947c952c1f681e,915bedc898c4a63fff6d74c9da29c14f21d1a6b0a7877cba4f915509a86b273c,28e3f0e88742b79f23e207717e804594dc9075191db40cb3df24f97fe388f7bf,2026-09-20T12:20:40+00:00,24474252_189,laurel,"gr10497b,gr10609b,gr10672b",p=1:t=14:c=14:m=64000M,1800.0,1800.0,64000
BBM/model_114.bnet,cyber/complement-gfp,completed,299.443,300.848,,,,88240,,,,,false,false,84,34359738368,76,51,461062,,84,0,84,0,,,,,,lexical,cyber-complement-gfp,final-comparison-and-ablation,0f8d662,36da421c-1044-4268-8546-4bb3791a2361,5ecb911901f39d46f9f74128a82a651fb871eef5f9235aec32947c952c1f681e,915bedc898c4a63fff6d74c9da29c14f21d1a6b0a7877cba4f915509a86b273c,28e3f0e88742b79f23e207717e804594dc9075191db40cb3df24f97fe388f7bf,2026-09-20T12:20:40+00:00,24474252_99,laurel,"gr10497b,gr10609b,gr10672b",p=1:t=14:c=14:m=64000M,1800.0,1800.0,64000
BBM/model_115.bnet,cyber/complement-gfp,completed,0.302552,0.417303,,,,12592,,,,,false,false,35,16384,26,23,6030,,35,0,35,0,,,,,,lexical,cyber-complement-gfp,final-comparison-and-ablation,0f8d662,36da421c-1044-4268-8546-4bb3791a2361,5ecb911901f39d46f9f74128a82a651fb871eef5f9235aec32947c952c1f681e,915bedc898c4a63fff6d74c9da29c14f21d1a6b0a7877cba4f915509a86b273c,28e3f0e88742b79f23e207717e804594dc9075191db40cb3df24f97fe388f7bf,2026-09-20T12:20:40+00:00,24474252_151,laurel,"gr10497b,gr10609b,gr10672b",p=1:t=14:c=14:m=64000M,1800.0,1800.0,64000
BBM/model_116.bnet,cyber/complement-gfp,timeout,1791.61,1800.01,,,,6215184,,,,,true,false,144,,,,,,,,,,,,,,,,,final-comparison-and-ablation,0f8d662,36da421c-1044-4268-8546-4bb3791a2361,5ecb911901f39d46f9f74128a82a651fb871eef5f9235aec32947c952c1f681e,915bedc898c4a63fff6d74c9da29c14f21d1a6b0a7877cba4f915509a86b273c,28e3f0e88742b79f23e207717e804594dc9075191db40cb3df24f97fe388f7bf,2026-09-20T12:20:40+00:00,24474252_20,laurel,"gr10497b,gr10609b,gr10672b",p=1:t=14:c=14:m=64000M,1800.0,1800.0,64000
BBM/model_117.bnet,cyber/complement-gfp,completed,9.64518,9.80733,,,,15012,,,,,false,false,47,33554432,67,24,65581,,47,0,47,0,,,,,,lexical,cyber-complement-gfp,final-comparison-and-ablation,0f8d662,36da421c-1044-4268-8546-4bb3791a2361,5ecb911901f39d46f9f74128a82a651fb871eef5f9235aec32947c952c1f681e,915bedc898c4a63fff6d74c9da29c14f21d1a6b0a7877cba4f915509a86b273c,28e3f0e88742b79f23e207717e804594dc9075191db40cb3df24f97fe388f7bf,2026-09-20T12:20:40+00:00,24474252_203,laurel,"gr10497b,gr10609b,gr10672b",p=1:t=14:c=14:m=64000M,1800.0,1800.0,64000
BBM/model_118.bnet,cyber/complement-gfp,timeout,1792.28,1800.02,,,,6252848,,,,,true,false,121,,,,,,,,,,,,,,,,,final-comparison-and-ablation,0f8d662,36da421c-1044-4268-8546-4bb3791a2361,5ecb911901f39d46f9f74128a82a651fb871eef5f9235aec32947c952c1f681e,915bedc898c4a63fff6d74c9da29c14f21d1a6b0a7877cba4f915509a86b273c,28e3f0e88742b79f23e207717e804594dc9075191db40cb3df24f97fe388f7bf,2026-09-20T12:20:40+00:00,24474252_97,laurel,"gr10497b,gr10609b,gr10672b",p=1:t=14:c=14:m=64000M,1800.0,1800.0,64000
BBM/model_119.bnet,cyber/complement-gfp,completed,0.067263,0.179211,,,,12564,,,,,false,false,19,8192,24,8,369,,19,0,19,0,,,,,,lexical,cyber-complement-gfp,final-comparison-and-ablation,0f8d662,36da421c-1044-4268-8546-4bb3791a2361,5ecb911901f39d46f9f74128a82a651fb871eef5f9235aec32947c952c1f681e,915bedc898c4a63fff6d74c9da29c14f21d1a6b0a7877cba4f915509a86b273c,28e3f0e88742b79f23e207717e804594dc9075191db40cb3df24f97fe388f7bf,2026-09-20T12:20:40+00:00,24474252_199,laurel,"gr10497b,gr10609b,gr10672b",p=1:t=14:c=14:m=64000M,1800.0,1800.0,64000
BBM/model_120.bnet,cyber/complement-gfp,oom,1378.74,1384.7,,,,65331848,,,,,false,true,150,,,,,,,,,,,,,,,,cyber-complement-gfp,final-comparison-and-ablation,0f8d662,36da421c-1044-4268-8546-4bb3791a2361,5ecb911901f39d46f9f74128a82a651fb871eef5f9235aec32947c952c1f681e,915bedc898c4a63fff6d74c9da29c14f21d1a6b0a7877cba4f915509a86b273c,28e3f0e88742b79f23e207717e804594dc9075191db40cb3df24f97fe388f7bf,2026-09-20T12:20:40+00:00,24474252_153,laurel,"gr10497b,gr10609b,gr10672b",p=1:t=14:c=14:m=64000M,1800.0,1800.0,64000
BBM/model_121.bnet,cyber/complement-gfp,completed,76.3778,76.8924,,,,35532,,,,,false,false,57,446676598784,111,42,202945,,57,0,57,0,,,,,,lexical,cyber-complement-gfp,final-comparison-and-ablation,0f8d662,36da421c-1044-4268-8546-4bb3791a2361,5ecb911901f39d46f9f74128a82a651fb871eef5f9235aec32947c952c1f681e,915bedc898c4a63fff6d74c9da29c14f21d1a6b0a7877cba4f915509a86b273c,28e3f0e88742b79f23e207717e804594dc9075191db40cb3df24f97fe388f7bf,2026-09-20T12:20:40+00:00,24474252_114,laurel,"gr10497b,gr10609b,gr10672b",p=1:t=14:c=14:m=64000M,1800.0,1800.0,64000
BBM/model_122.bnet,cyber/complement-gfp,timeout,1786.8,1800.2,,,,25321704,,,,,true,false,168,,,,,,,,,,,,,,,,,final-comparison-and-ablation,0f8d662,36da421c-1044-4268-8546-4bb3791a2361,5ecb911901f39d46f9f74128a82a651fb871eef5f9235aec32947c952c1f681e,915bedc898c4a63fff6d74c9da29c14f21d1a6b0a7877cba4f915509a86b273c,28e3f0e88742b79f23e207717e804594dc9075191db40cb3df24f97fe388f7bf,2026-09-20T12:20:40+00:00,24474252_48,laurel,"gr10497b,gr10609b,gr10672b",p=1:t=14:c=14:m=64000M,1800.0,1800.0,64000
BBM/model_123.bnet,cyber/complement-gfp,completed,15.1574,15.3281,,,,16128,,,,,false,false,60,137438953472,66,25,52496,,60,0,60,0,,,,,,lexical,cyber-complement-gfp,final-comparison-and-ablation,0f8d662,36da421c-1044-4268-8546-4bb3791a2361,5ecb911901f39d46f9f74128a82a651fb871eef5f9235aec32947c952c1f681e,915bedc898c4a63fff6d74c9da29c14f21d1a6b0a7877cba4f915509a86b273c,28e3f0e88742b79f23e207717e804594dc9075191db40cb3df24f97fe388f7bf,2026-09-20T12:20:40+00:00,24474252_113,laurel,"gr10497b,gr10609b,gr10672b",p=1:t=14:c=14:m=64000M,1800.0,1800.0,64000
BBM/model_124.bnet,cyber/complement-gfp,oom,1212.42,1218.25,,,,65333432,,,,,false,true,252,,,,,,,,,,,,,,,,cyber-complement-gfp,final-comparison-and-ablation,0f8d662,36da421c-1044-4268-8546-4bb3791a2361,5ecb911901f39d46f9f74128a82a651fb871eef5f9235aec32947c952c1f681e,915bedc898c4a63fff6d74c9da29c14f21d1a6b0a7877cba4f915509a86b273c,28e3f0e88742b79f23e207717e804594dc9075191db40cb3df24f97fe388f7bf,2026-09-20T12:20:40+00:00,24474252_93,laurel,"gr10497b,gr10609b,gr10672b",p=1:t=14:c=14:m=64000M,1800.0,1800.0,64000
BBM/model_125.bnet,cyber/complement-gfp,completed,355.337,356.449,,,,224308,,,,,false,false,51,2147483648,81,22,1390301,,51,0,51,0,,,,,,lexical,cyber-complement-gfp,final-comparison-and-ablation,0f8d662,36da421c-1044-4268-8546-4bb3791a2361,5ecb911901f39d46f9f74128a82a651fb871eef5f9235aec32947c952c1f681e,915bedc898c4a63fff6d74c9da29c14f21d1a6b0a7877cba4f915509a86b273c,28e3f0e88742b79f23e207717e804594dc9075191db40cb3df24f97fe388f7bf,2026-09-20T12:20:40+00:00,24474252_91,laurel,"gr10497b,gr10609b,gr10672b",p=1:t=14:c=14:m=64000M,1800.0,1800.0,64000
BBM/model_126.bnet,cyber/complement-gfp,completed,0.294161,0.407939,,,,12592,,,,,false,false,42,512,10,35,8600,,42,0,42,0,,,,,,lexical,cyber-complement-gfp,final-comparison-and-ablation,0f8d662,36da421c-1044-4268-8546-4bb3791a2361,5ecb911901f39d46f9f74128a82a651fb871eef5f9235aec32947c952c1f681e,915bedc898c4a63fff6d74c9da29c14f21d1a6b0a7877cba4f915509a86b273c,28e3f0e88742b79f23e207717e804594dc9075191db40cb3df24f97fe388f7bf,2026-09-20T12:20:40+00:00,24474252_215,laurel,"gr10497b,gr10609b,gr10672b",p=1:t=14:c=14:m=64000M,1800.0,1800.0,64000
BBM/model_127.bnet,cyber/complement-gfp,timeout,1792.29,1800.01,,,,820776,,,,,true,false,79,,,,,,,,,,,,,,,,cyber-complement-gfp,final-comparison-and-ablation,0f8d662,36da421c-1044-4268-8546-4bb3791a2361,5ecb911901f39d46f9f74128a82a651fb871eef5f9235aec32947c952c1f681e,915bedc898c4a63fff6d74c9da29c14f21d1a6b0a7877cba4f915509a86b273c,28e3f0e88742b79f23e207717e804594dc9075191db40cb3df24f97fe388f7bf,2026-09-20T12:20:40+00:00,24474252_69,laurel,"gr10497b,gr10609b,gr10672b",p=1:t=14:c=14:m=64000M,1800.0,1800.0,64000
BBM/model_128.bnet,cyber/complement-gfp,timeout,1792.31,1800.01,,,,1123720,,,,,true,false,90,,,,,,,,,,,,,,,,cyber-complement-gfp,final-comparison-and-ablation,0f8d662,36da421c-1044-4268-8546-4bb3791a2361,5ecb911901f39d46f9f74128a82a651fb871eef5f9235aec32947c952c1f681e,915bedc898c4a63fff6d74c9da29c14f21d1a6b0a7877cba4f915509a86b273c,28e3f0e88742b79f23e207717e804594dc9075191db40cb3df24f97fe388f7bf,2026-09-20T12:20:40+00:00,24474252_36,laurel,"gr10497b,gr10609b,gr10672b",p=1:t=14:c=14:m=64000M,1800.0,1800.0,64000
BBM/model_129.bnet,cyber/complement-gfp,completed,20.8662,21.0988,,,,12672,,,,,false,false,34,8589934592,187,3,60829,,34,0,34,0,,,,,,lexical,cyber-complement-gfp,final-comparison-and-ablation,0f8d662,36da421c-1044-4268-8546-4bb3791a2361,5ecb911901f39d46f9f74128a82a651fb871eef5f9235aec32947c952c1f681e,915bedc898c4a63fff6d74c9da29c14f21d1a6b0a7877cba4f915509a86b273c,28e3f0e88742b79f23e207717e804594dc9075191db40cb3df24f97fe388f7bf,2026-09-20T12:20:40+00:00,24474252_190,laurel,"gr10497b,gr10609b,gr10672b",p=1:t=14:c=14:m=64000M,1800.0,1800.0,64000
BBM/model_130.bnet,cyber/complement-gfp,timeout,1794.36,1800.01,,,,296620,,,,,true,false,77,,,,,,,,,,,,,,,,cyber-complement-gfp,final-comparison-and-ablation,0f8d662,36da421c-1044-4268-8546-4bb3791a2361,5ecb911901f39d46f9f74128a82a651fb871eef5f9235aec32947c952c1f681e,915bedc898c4a63fff6d74c9da29c14f21d1a6b0a7877cba4f915509a86b273c,28e3f0e88742b79f23e207717e804594dc9075191db40cb3df24f97fe388f7bf,2026-09-20T12:20:40+00:00,24474252_166,laurel,"gr10497b,gr10609b,gr10672b",p=1:t=14:c=14:m=64000M,1800.0,1800.0,64000
BBM/model_131.bnet,cyber/complement-gfp,completed,0.059627,0.170037,,,,12628,,,,,false,false,21,128,10,16,331,,21,0,21,0,,,,,,lexical,cyber-complement-gfp,final-comparison-and-ablation,0f8d662,36da421c-1044-4268-8546-4bb3791a2361,5ecb911901f39d46f9f74128a82a651fb871eef5f9235aec32947c952c1f681e,915bedc898c4a63fff6d74c9da29c14f21d1a6b0a7877cba4f915509a86b273c,28e3f0e88742b79f23e207717e804594dc9075191db40cb3df24f97fe388f7bf,2026-09-20T12:20:40+00:00,24474252_133,laurel,"gr10497b,gr10609b,gr10672b",p=1:t=14:c=14:m=64000M,1800.0,1800.0,64000
BBM/model_132.bnet,cyber/complement-gfp,timeout,1794.45,1800.01,,,,2406164,,,,,true,false,148,,,,,,,,,,,,,,,,,final-comparison-and-ablation,0f8d662,36da421c-1044-4268-8546-4bb3791a2361,5ecb911901f39d46f9f74128a82a651fb871eef5f9235aec32947c952c1f681e,915bedc898c4a63fff6d74c9da29c14f21d1a6b0a7877cba4f915509a86b273c,28e3f0e88742b79f23e207717e804594dc9075191db40cb3df24f97fe388f7bf,2026-09-20T12:20:40+00:00,24474252_145,laurel,"gr10497b,gr10609b,gr10672b",p=1:t=14:c=14:m=64000M,1800.0,1800.0,64000
BBM/model_133.bnet,cyber/complement-gfp,completed,0.057241,0.16857,,,,12548,,,,,false,false,10,64,11,6,90,,10,0,10,0,,,,,,lexical,cyber-complement-gfp,final-comparison-and-ablation,0f8d662,36da421c-1044-4268-8546-4bb3791a2361,5ecb911901f39d46f9f74128a82a651fb871eef5f9235aec32947c952c1f681e,915bedc898c4a63fff6d74c9da29c14f21d1a6b0a7877cba4f915509a86b273c,28e3f0e88742b79f23e207717e804594dc9075191db40cb3df24f97fe388f7bf,2026-09-20T12:20:40+00:00,24474252_75,laurel,"gr10497b,gr10609b,gr10672b",p=1:t=14:c=14:m=64000M,1800.0,1800.0,64000
BBM/model_134.bnet,cyber/complement-gfp,timeout,1789.61,1800.01,,,,345908,,,,,true,false,38,,,,,,,,,,,,,,,,cyber-complement-gfp,final-comparison-and-ablation,0f8d662,36da421c-1044-4268-8546-4bb3791a2361,5ecb911901f39d46f9f74128a82a651fb871eef5f9235aec32947c952c1f681e,915bedc898c4a63fff6d74c9da29c14f21d1a6b0a7877cba4f915509a86b273c,28e3f0e88742b79f23e207717e804594dc9075191db40cb3df24f97fe388f7bf,2026-09-20T12:20:40+00:00,24474252_132,laurel,"gr10497b,gr10609b,gr10672b",p=1:t=14:c=14:m=64000M,1800.0,1800.0,64000
BBM/model_135.bnet,cyber/complement-gfp,completed,3.27241,3.39589,,,,12616,,,,,false,false,30,4194304,81,10,20613,,30,0,30,0,,,,,,lexical,cyber-complement-gfp,final-comparison-and-ablation,0f8d662,36da421c-1044-4268-8546-4bb3791a2361,5ecb911901f39d46f9f74128a82a651fb871eef5f9235aec32947c952c1f681e,915bedc898c4a63fff6d74c9da29c14f21d1a6b0a7877cba4f915509a86b273c,28e3f0e88742b79f23e207717e804594dc9075191db40cb3df24f97fe388f7bf,2026-09-20T12:20:40+00:00,24474252_211,laurel,"gr10497b,gr10609b,gr10672b",p=1:t=14:c=14:m=64000M,1800.0,1800.0,64000
BBM/model_136.bnet,cyber/complement-gfp,completed,0.190905,0.302109,,,,12628,,,,,false,false,28,16384,32,16,2217,,28,0,28,0,,,,,,lexical,cyber-complement-gfp,final-comparison-and-ablation,0f8d662,36da421c-1044-4268-8546-4bb3791a2361,5ecb911901f39d46f9f74128a82a651fb871eef5f9235aec32947c952c1f681e,915bedc898c4a63fff6d74c9da29c14f21d1a6b0a7877cba4f915509a86b273c,28e3f0e88742b79f23e207717e804594dc9075191db40cb3df24f97fe388f7bf,2026-09-20T12:20:40+00:00,24474252_150,laurel,"gr10497b,gr10609b,gr10672b",p=1:t=14:c=14:m=64000M,1800.0,1800.0,64000
BBM/model_137.bnet,cyber/complement-gfp,timeout,1792.72,1800.03,,,,3482168,,,,,true,false,82,,,,,,,,,,,,,,,,,final-comparison-and-ablation,0f8d662,36da421c-1044-4268-8546-4bb3791a2361,5ecb911901f39d46f9f74128a82a651fb871eef5f9235aec32947c952c1f681e,915bedc898c4a63fff6d74c9da29c14f21d1a6b0a7877cba4f915509a86b273c,28e3f0e88742b79f23e207717e804594dc9075191db40cb3df24f97fe388f7bf,2026-09-20T12:20:40+00:00,24474252_92,laurel,"gr10497b,gr10609b,gr10672b",p=1:t=14:c=14:m=64000M,1800.0,1800.0,64000
BBM/model_138.bnet,cyber/complement-gfp,completed,0.227764,0.372706,,,,12628,,,,,false,false,31,131072,51,16,1791,,31,0,31,0,,,,,,lexical,cyber-complement-gfp,final-comparison-and-ablation,0f8d662,36da421c-1044-4268-8546-4bb3791a2361,5ecb911901f39d46f9f74128a82a651fb871eef5f9235aec32947c952c1f681e,915bedc898c4a63fff6d74c9da29c14f21d1a6b0a7877cba4f915509a86b273c,28e3f0e88742b79f23e207717e804594dc9075191db40cb3df24f97fe388f7bf,2026-09-20T12:20:40+00:00,24474252_109,laurel,"gr10497b,gr10609b,gr10672b",p=1:t=14:c=14:m=64000M,1800.0,1800.0,64000
BBM/model_139.bnet,cyber/complement-gfp,completed,0.058482,0.168804,,,,12620,,,,,false,false,19,24,7,25,256,,19,0,19,0,,,,,,lexical,cyber-complement-gfp,final-comparison-and-ablation,0f8d662,36da421c-1044-4268-8546-4bb3791a2361,5ecb911901f39d46f9f74128a82a651fb871eef5f9235aec32947c952c1f681e,915bedc898c4a63fff6d74c9da29c14f21d1a6b0a7877cba4f915509a86b273c,28e3f0e88742b79f23e207717e804594dc9075191db40cb3df24f97fe388f7bf,2026-09-20T12:20:40+00:00,24474252_78,laurel,"gr10497b,gr10609b,gr10672b",p=1:t=14:c=14:m=64000M,1800.0,1800.0,64000
BBM/model_140.bnet,cyber/complement-gfp,completed,466.018,468.492,,,,172840,,,,,false,false,80,1099511627776,99,42,678633,,80,0,80,0,,,,,,lexical,cyber-complement-gfp,final-comparison-and-ablation,0f8d662,36da421c-1044-4268-8546-4bb3791a2361,5ecb911901f39d46f9f74128a82a651fb871eef5f9235aec32947c952c1f681e,915bedc898c4a63fff6d74c9da29c14f21d1a6b0a7877cba4f915509a86b273c,28e3f0e88742b79f23e207717e804594dc9075191db40cb3df24f97fe388f7bf,2026-09-20T12:20:40+00:00,24474252_56,laurel,"gr10497b,gr10609b,gr10672b",p=1:t=14:c=14:m=64000M,1800.0,1800.0,64000
BBM/model_141.bnet,cyber/complement-gfp,completed,3.32259,3.44122,,,,12500,,,,,false,false,45,59659780096,76,21,11330,,45,0,45,0,,,,,,lexical,cyber-complement-gfp,final-comparison-and-ablation,0f8d662,36da421c-1044-4268-8546-4bb3791a2361,5ecb911901f39d46f9f74128a82a651fb871eef5f9235aec32947c952c1f681e,915bedc898c4a63fff6d74c9da29c14f21d1a6b0a7877cba4f915509a86b273c,28e3f0e88742b79f23e207717e804594dc9075191db40cb3df24f97fe388f7bf,2026-09-20T12:20:40+00:00,24474252_115,laurel,"gr10497b,gr10609b,gr10672b",p=1:t=14:c=14:m=64000M,1800.0,1800.0,64000
BBM/model_142.bnet,cyber/complement-gfp,completed,0.662823,0.779817,,,,12608,,,,,false,false,29,2097152,47,10,10330,,29,0,29,0,,,,,,lexical,cyber-complement-gfp,final-comparison-and-ablation,0f8d662,36da421c-1044-4268-8546-4bb3791a2361,5ecb911901f39d46f9f74128a82a651fb871eef5f9235aec32947c952c1f681e,915bedc898c4a63fff6d74c9da29c14f21d1a6b0a7877cba4f915509a86b273c,28e3f0e88742b79f23e207717e804594dc9075191db40cb3df24f97fe388f7bf,2026-09-20T12:20:40+00:00,24474252_57,laurel,"gr10497b,gr10609b,gr10672b",p=1:t=14:c=14:m=64000M,1800.0,1800.0,64000
BBM/model_143.bnet,cyber/complement-gfp,timeout,1791.56,1800.01,,,,2243388,,,,,true,false,97,,,,,,,,,,,,,,,,cyber-complement-gfp,final-comparison-and-ablation,0f8d662,36da421c-1044-4268-8546-4bb3791a2361,5ecb911901f39d46f9f74128a82a651fb871eef5f9235aec32947c952c1f681e,915bedc898c4a63fff6d74c9da29c14f21d1a6b0a7877cba4f915509a86b273c,28e3f0e88742b79f23e207717e804594dc9075191db40cb3df24f97fe388f7bf,2026-09-20T12:20:40+00:00,24474252_28,laurel,"gr10497b,gr10609b,gr10672b",p=1:t=14:c=14:m=64000M,1800.0,1800.0,64000
BBM/model_144.bnet,cyber/complement-gfp,oom,1099.78,1105.0,,,,65329676,,,,,false,true,202,,,,,,,,,,,,,,,,cyber-complement-gfp,final-comparison-and-ablation,0f8d662,36da421c-1044-4268-8546-4bb3791a2361,5ecb911901f39d46f9f74128a82a651fb871eef5f9235aec32947c952c1f681e,915bedc898c4a63fff6d74c9da29c14f21d1a6b0a7877cba4f915509a86b273c,28e3f0e88742b79f23e207717e804594dc9075191db40cb3df24f97fe388f7bf,2026-09-20T12:20:40+00:00,24474252_194,laurel,"gr10497b,gr10609b,gr10672b",p=1:t=14:c=14:m=64000M,1800.0,1800.0,64000
BBM/model_145.bnet,cyber/complement-gfp,timeout,1792.95,1800.01,,,,715416,,,,,true,false,62,,,,,,,,,,,,,,,,cyber-complement-gfp,final-comparison-and-ablation,0f8d662,36da421c-1044-4268-8546-4bb3791a2361,5ecb911901f39d46f9f74128a82a651fb871eef5f9235aec32947c952c1f681e,915bedc898c4a63fff6d74c9da29c14f21d1a6b0a7877cba4f915509a86b273c,28e3f0e88742b79f23e207717e804594dc9075191db40cb3df24f97fe388f7bf,2026-09-20T12:20:40+00:00,24474252_156,laurel,"gr10497b,gr10609b,gr10672b",p=1:t=14:c=14:m=64000M,1800.0,1800.0,64000
BBM/model_146.bnet,cyber/complement-gfp,completed,40.2179,40.4882,,,,33668,,,,,false,false,50,103275520,111,1051,97003,,50,0,50,0,,,,,,lexical,cyber-complement-gfp,final-comparison-and-ablation,0f8d662,36da421c-1044-4268-8546-4bb3791a2361,5ecb911901f39d46f9f74128a82a651fb871eef5f9235aec32947c952c1f681e,915bedc898c4a63fff6d74c9da29c14f21d1a6b0a7877cba4f915509a86b273c,28e3f0e88742b79f23e207717e804594dc9075191db40cb3df24f97fe388f7bf,2026-09-20T12:20:40+00:00,24474252_54,laurel,"gr10497b,gr10609b,gr10672b",p=1:t=14:c=14:m=64000M,1800.0,1800.0,64000
BBM/model_147.bnet,cyber/complement-gfp,completed,0.06199,0.17301,,,,12600,,,,,false,false,16,128,14,11,190,,16,0,16,0,,,,,,lexical,cyber-complement-gfp,final-comparison-and-ablation,0f8d662,36da421c-1044-4268-8546-4bb3791a2361,5ecb911901f39d46f9f74128a82a651fb871eef5f9235aec32947c952c1f681e,915bedc898c4a63fff6d74c9da29c14f21d1a6b0a7877cba4f915509a86b273c,28e3f0e88742b79f23e207717e804594dc9075191db40cb3df24f97fe388f7bf,2026-09-20T12:20:40+00:00,24474252_67,laurel,"gr10497b,gr10609b,gr10672b",p=1:t=14:c=14:m=64000M,1800.0,1800.0,64000
BBM/model_148.bnet,cyber/complement-gfp,timeout,1792.57,1800.01,,,,2452268,,,,,true,false,83,,,,,,,,,,,,,,,,,final-comparison-and-ablation,0f8d662,36da421c-1044-4268-8546-4bb3791a2361,5ecb911901f39d46f9f74128a82a651fb871eef5f9235aec32947c952c1f681e,915bedc898c4a63fff6d74c9da29c14f21d1a6b0a7877cba4f915509a86b273c,28e3f0e88742b79f23e207717e804594dc9075191db40cb3df24f97fe388f7bf,2026-09-20T12:20:40+00:00,24474252_12,laurel,"gr10497b,gr10609b,gr10672b",p=1:t=14:c=14:m=64000M,1800.0,1800.0,64000
BBM/model_149.bnet,cyber/complement-gfp,completed,0.064403,0.177826,,,,12552,,,,,false,false,14,896,25,13,184,,14,0,14,0,,,,,,lexical,cyber-complement-gfp,final-comparison-and-ablation,0f8d662,36da421c-1044-4268-8546-4bb3791a2361,5ecb911901f39d46f9f74128a82a651fb871eef5f9235aec32947c952c1f681e,915bedc898c4a63fff6d74c9da29c14f21d1a6b0a7877cba4f915509a86b273c,28e3f0e88742b79f23e207717e804594dc9075191db40cb3df24f97fe388f7bf,2026-09-20T12:20:40+00:00,24474252_159,laurel,"gr10497b,gr10609b,gr10672b",p=1:t=14:c=14:m=64000M,1800.0,1800.0,64000
BBM/model_150.bnet,cyber/complement-gfp,completed,3.43534,3.56313,,,,12608,,,,,false,false,33,1331456,88,76,25057,,33,0,33,0,,,,,,lexical,cyber-complement-gfp,final-comparison-and-ablation,0f8d662,36da421c-1044-4268-8546-4bb3791a2361,5ecb911901f39d46f9f74128a82a651fb871eef5f9235aec32947c952c1f681e,915bedc898c4a63fff6d74c9da29c14f21d1a6b0a7877cba4f915509a86b273c,28e3f0e88742b79f23e207717e804594dc9075191db40cb3df24f97fe388f7bf,2026-09-20T12:20:40+00:00,24474252_72,laurel,"gr10497b,gr10609b,gr10672b",p=1:t=14:c=14:m=64000M,1800.0,1800.0,64000
BBM/model_151.bnet,cyber/complement-gfp,timeout,1792.71,1800.02,,,,4486816,,,,,true,false,133,,,,,,,,,,,,,,,,,final-comparison-and-ablation,0f8d662,36da421c-1044-4268-8546-4bb3791a2361,5ecb911901f39d46f9f74128a82a651fb871eef5f9235aec32947c952c1f681e,915bedc898c4a63fff6d74c9da29c14f21d1a6b0a7877cba4f915509a86b273c,28e3f0e88742b79f23e207717e804594dc9075191db40cb3df24f97fe388f7bf,2026-09-20T12:20:40+00:00,24474252_25,laurel,"gr10497b,gr10609b,gr10672b",p=1:t=14:c=14:m=64000M,1800.0,1800.0,64000
BBM/model_152.bnet,cyber/complement-gfp,completed,554.222,556.524,,,,184332,,,,,false,false,53,11800422645760,165,138,912022,,53,0,53,0,,,,,,lexical,cyber-complement-gfp,final-comparison-and-ablation,0f8d662,36da421c-1044-4268-8546-4bb3791a2361,5ecb911901f39d46f9f74128a82a651fb871eef5f9235aec32947c952c1f681e,915bedc898c4a63fff6d74c9da29c14f21d1a6b0a7877cba4f915509a86b273c,28e3f0e88742b79f23e207717e804594dc9075191db40cb3df24f97fe388f7bf,2026-09-20T12:20:40+00:00,24474252_149,laurel,"gr10497b,gr10609b,gr10672b",p=1:t=14:c=14:m=64000M,1800.0,1800.0,64000
BBM/model_153.bnet,cyber/complement-gfp,completed,0.068692,0.177986,,,,12632,,,,,false,false,18,640,23,15,312,,18,0,18,0,,,,,,lexical,cyber-complement-gfp,final-comparison-and-ablation,0f8d662,36da421c-1044-4268-8546-4bb3791a2361,5ecb911901f39d46f9f74128a82a651fb871eef5f9235aec32947c952c1f681e,915bedc898c4a63fff6d74c9da29c14f21d1a6b0a7877cba4f915509a86b273c,28e3f0e88742b79f23e207717e804594dc9075191db40cb3df24f97fe388f7bf,2026-09-20T12:20:40+00:00,24474252_11,laurel,"gr10497b,gr10609b,gr10672b",p=1:t=14:c=14:m=64000M,1800.0,1800.0,64000
BBM/model_154.bnet,cyber/complement-gfp,completed,0.060388,0.173107,,,,12604,,,,,false,false,21,128,9,16,234,,21,0,21,0,,,,,,lexical,cyber-complement-gfp,final-comparison-and-ablation,0f8d662,36da421c-1044-4268-8546-4bb3791a2361,5ecb911901f39d46f9f74128a82a651fb871eef5f9235aec32947c952c1f681e,915bedc898c4a63fff6d74c9da29c14f21d1a6b0a7877cba4f915509a86b273c,28e3f0e88742b79f23e207717e804594dc9075191db40cb3df24f97fe388f7bf,2026-09-20T12:20:40+00:00,24474252_214,laurel,"gr10497b,gr10609b,gr10672b",p=1:t=14:c=14:m=64000M,1800.0,1800.0,64000
BBM/model_155.bnet,cyber/complement-gfp,completed,870.413,874.43,,,,477048,,,,,false,false,71,133143986176,79,75,2169834,,71,0,71,0,,,,,,lexical,cyber-complement-gfp,final-comparison-and-ablation,0f8d662,36da421c-1044-4268-8546-4bb3791a2361,5ecb911901f39d46f9f74128a82a651fb871eef5f9235aec32947c952c1f681e,915bedc898c4a63fff6d74c9da29c14f21d1a6b0a7877cba4f915509a86b273c,28e3f0e88742b79f23e207717e804594dc9075191db40cb3df24f97fe388f7bf,2026-09-20T12:20:40+00:00,24474252_157,laurel,"gr10497b,gr10609b,gr10672b",p=1:t=14:c=14:m=64000M,1800.0,1800.0,64000
BBM/model_156.bnet,cyber/complement-gfp,completed,0.254613,0.367677,,,,12604,,,,,false,false,36,262144,24,20,3526,,36,0,36,0,,,,,,lexical,cyber-complement-gfp,final-comparison-and-ablation,0f8d662,36da421c-1044-4268-8546-4bb3791a2361,5ecb911901f39d46f9f74128a82a651fb871eef5f9235aec32947c952c1f681e,915bedc898c4a63fff6d74c9da29c14f21d1a6b0a7877cba4f915509a86b273c,28e3f0e88742b79f23e207717e804594dc9075191db40cb3df24f97fe388f7bf,2026-09-20T12:20:40+00:00,24474252_33,laurel,"gr10497b,gr10609b,gr10672b",p=1:t=14:c=14:m=64000M,1800.0,1800.0,64000
BBM/model_157.bnet,cyber/complement-gfp,timeout,1790.71,1800.01,,,,751676,,,,,true,false,103,,,,,,,,,,,,,,,,cyber-complement-gfp,final-comparison-and-ablation,0f8d662,36da421c-1044-4268-8546-4bb3791a2361,5ecb911901f39d46f9f74128a82a651fb871eef5f9235aec32947c952c1f681e,915bedc898c4a63fff6d74c9da29c14f21d1a6b0a7877cba4f915509a86b273c,28e3f0e88742b79f23e207717e804594dc9075191db40cb3df24f97fe388f7bf,2026-09-20T12:20:40+00:00,24474252_143,laurel,"gr10497b,gr10609b,gr10672b",p=1:t=14:c=14:m=64000M,1800.0,1800.0,64000
BBM/model_158.bnet,cyber/complement-gfp,completed,0.055674,0.166175,,,,12620,,,,,false,false,7,16,5,5,37,,7,0,7,0,,,,,,lexical,cyber-complement-gfp,final-comparison-and-ablation,0f8d662,36da421c-1044-4268-8546-4bb3791a2361,5ecb911901f39d46f9f74128a82a651fb871eef5f9235aec32947c952c1f681e,915bedc898c4a63fff6d74c9da29c14f21d1a6b0a7877cba4f915509a86b273c,28e3f0e88742b79f23e207717e804594dc9075191db40cb3df24f97fe388f7bf,2026-09-20T12:20:40+00:00,24474252_139,laurel,"gr10497b,gr10609b,gr10672b",p=1:t=14:c=14:m=64000M,1800.0,1800.0,64000
BBM/model_159.bnet,cyber/complement-gfp,completed,9.1628,9.30733,,,,16344,,,,,false,false,39,10673152,115,194,29798,,39,0,39,0,,,,,,lexical,cyber-complement-gfp,final-comparison-and-ablation,0f8d662,36da421c-1044-4268-8546-4bb3791a2361,5ecb911901f39d46f9f74128a82a651fb871eef5f9235aec32947c952c1f681e,915bedc898c4a63fff6d74c9da29c14f21d1a6b0a7877cba4f915509a86b273c,28e3f0e88742b79f23e207717e804594dc9075191db40cb3df24f97fe388f7bf,2026-09-20T12:20:40+00:00,24474252_70,laurel,"gr10497b,gr10609b,gr10672b",p=1:t=14:c=14:m=64000M,1800.0,1800.0,64000
BBM/model_160.bnet,cyber/complement-gfp,timeout,1794.17,1800.01,,,,2577132,,,,,true,false,92,,,,,,,,,,,,,,,,,final-comparison-and-ablation,0f8d662,36da421c-1044-4268-8546-4bb3791a2361,5ecb911901f39d46f9f74128a82a651fb871eef5f9235aec32947c952c1f681e,915bedc898c4a63fff6d74c9da29c14f21d1a6b0a7877cba4f915509a86b273c,28e3f0e88742b79f23e207717e804594dc9075191db40cb3df24f97fe388f7bf,2026-09-20T12:20:40+00:00,24474252_123,laurel,"gr10497b,gr10609b,gr10672b",p=1:t=14:c=14:m=64000M,1800.0,1800.0,64000
BBM/model_161.bnet,cyber/complement-gfp,timeout,1792.5,1800.01,,,,2600768,,,,,true,false,96,,,,,,,,,,,,,,,,,final-comparison-and-ablation,0f8d662,36da421c-1044-4268-8546-4bb3791a2361,5ecb911901f39d46f9f74128a82a651fb871eef5f9235aec32947c952c1f681e,915bedc898c4a63fff6d74c9da29c14f21d1a6b0a7877cba4f915509a86b273c,28e3f0e88742b79f23e207717e804594dc9075191db40cb3df24f97fe388f7bf,2026-09-20T12:20:40+00:00,24474252_124,laurel,"gr10497b,gr10609b,gr10672b",p=1:t=14:c=14:m=64000M,1800.0,1800.0,64000
BBM/model_162.bnet,cyber/complement-gfp,completed,0.064651,0.180467,,,,12592,,,,,false,false,18,768,15,12,298,,18,0,18,0,,,,,,lexical,cyber-complement-gfp,final-comparison-and-ablation,0f8d662,36da421c-1044-4268-8546-4bb3791a2361,5ecb911901f39d46f9f74128a82a651fb871eef5f9235aec32947c952c1f681e,915bedc898c4a63fff6d74c9da29c14f21d1a6b0a7877cba4f915509a86b273c,28e3f0e88742b79f23e207717e804594dc9075191db40cb3df24f97fe388f7bf,2026-09-20T12:20:40+00:00,24474252_130,laurel,"gr10497b,gr10609b,gr10672b",p=1:t=14:c=14:m=64000M,1800.0,1800.0,64000
BBM/model_163.bnet,cyber/complement-gfp,completed,3.73518,3.85934,,,,12612,,,,,false,false,34,8388608,73,13,33221,,34,0,34,0,,,,,,lexical,cyber-complement-gfp,final-comparison-and-ablation,0f8d662,36da421c-1044-4268-8546-4bb3791a2361,5ecb911901f39d46f9f74128a82a651fb871eef5f9235aec32947c952c1f681e,915bedc898c4a63fff6d74c9da29c14f21d1a6b0a7877cba4f915509a86b273c,28e3f0e88742b79f23e207717e804594dc9075191db40cb3df24f97fe388f7bf,2026-09-20T12:20:40+00:00,24474252_122,laurel,"gr10497b,gr10609b,gr10672b",p=1:t=14:c=14:m=64000M,1800.0,1800.0,64000
BBM/model_164.bnet,cyber/complement-gfp,completed,0.096224,0.211538,,,,12488,,,,,false,false,24,4096,23,14,882,,24,0,24,0,,,,,,lexical,cyber-complement-gfp,final-comparison-and-ablation,0f8d662,36da421c-1044-4268-8546-4bb3791a2361,5ecb911901f39d46f9f74128a82a651fb871eef5f9235aec32947c952c1f681e,915bedc898c4a63fff6d74c9da29c14f21d1a6b0a7877cba4f915509a86b273c,28e3f0e88742b79f23e207717e804594dc9075191db40cb3df24f97fe388f7bf,2026-09-20T12:20:40+00:00,24474252_165,laurel,"gr10497b,gr10609b,gr10672b",p=1:t=14:c=14:m=64000M,1800.0,1800.0,64000
BBM/model_165.bnet,cyber/complement-gfp,completed,0.076971,0.201789,,,,12636,,,,,false,false,8,8,4,7,50,,8,0,8,0,,,,,,lexical,cyber-complement-gfp,final-comparison-and-ablation,0f8d662,36da421c-1044-4268-8546-4bb3791a2361,5ecb911901f39d46f9f74128a82a651fb871eef5f9235aec32947c952c1f681e,915bedc898c4a63fff6d74c9da29c14f21d1a6b0a7877cba4f915509a86b273c,28e3f0e88742b79f23e207717e804594dc9075191db40cb3df24f97fe388f7bf,2026-09-20T12:20:40+00:00,24474252_34,laurel,"gr10497b,gr10609b,gr10672b",p=1:t=14:c=14:m=64000M,1800.0,1800.0,64000
BBM/model_166.bnet,cyber/complement-gfp,completed,0.060182,0.174586,,,,12596,,,,,false,false,19,128,9,14,251,,19,0,19,0,,,,,,lexical,cyber-complement-gfp,final-comparison-and-ablation,0f8d662,36da421c-1044-4268-8546-4bb3791a2361,5ecb911901f39d46f9f74128a82a651fb871eef5f9235aec32947c952c1f681e,915bedc898c4a63fff6d74c9da29c14f21d1a6b0a7877cba4f915509a86b273c,28e3f0e88742b79f23e207717e804594dc9075191db40cb3df24f97fe388f7bf,2026-09-20T12:20:40+00:00,24474252_192,laurel,"gr10497b,gr10609b,gr10672b",p=1:t=14:c=14:m=64000M,1800.0,1800.0,64000
BBM/model_167.bnet,cyber/complement-gfp,completed,381.531,383.237,,,,133908,,,,,false,false,57,150323855360,119,37,736196,,57,0,57,0,,,,,,lexical,cyber-complement-gfp,final-comparison-and-ablation,0f8d662,36da421c-1044-4268-8546-4bb3791a2361,5ecb911901f39d46f9f74128a82a651fb871eef5f9235aec32947c952c1f681e,915bedc898c4a63fff6d74c9da29c14f21d1a6b0a7877cba4f915509a86b273c,28e3f0e88742b79f23e207717e804594dc9075191db40cb3df24f97fe388f7bf,2026-09-20T12:20:40+00:00,24474252_169,laurel,"gr10497b,gr10609b,gr10672b",p=1:t=14:c=14:m=64000M,1800.0,1800.0,64000
BBM/model_168.bnet,cyber/complement-gfp,completed,0.060013,0.172986,,,,12544,,,,,false,false,13,128,19,8,170,,13,0,13,0,,,,,,lexical,cyber-complement-gfp,final-comparison-and-ablation,0f8d662,36da421c-1044-4268-8546-4bb3791a2361,5ecb911901f39d46f9f74128a82a651fb871eef5f9235aec32947c952c1f681e,915bedc898c4a63fff6d74c9da29c14f21d1a6b0a7877cba4f915509a86b273c,28e3f0e88742b79f23e207717e804594dc9075191db40cb3df24f97fe388f7bf,2026-09-20T12:20:40+00:00,24474252_1,laurel,"gr10497b,gr10609b,gr10672b",p=1:t=14:c=14:m=64000M,1800.0,1800.0,64000
BBM/model_169.bnet,cyber/complement-gfp,completed,0.058624,0.172876,,,,12632,,,,,false,false,7,32,8,4,53,,7,0,7,0,,,,,,lexical,cyber-complement-gfp,final-comparison-and-ablation,0f8d662,36da421c-1044-4268-8546-4bb3791a2361,5ecb911901f39d46f9f74128a82a651fb871eef5f9235aec32947c952c1f681e,915bedc898c4a63fff6d74c9da29c14f21d1a6b0a7877cba4f915509a86b273c,28e3f0e88742b79f23e207717e804594dc9075191db40cb3df24f97fe388f7bf,2026-09-20T12:20:40+00:00,24474252_179,laurel,"gr10497b,gr10609b,gr10672b",p=1:t=14:c=14:m=64000M,1800.0,1800.0,64000
BBM/model_170.bnet,cyber/complement-gfp,completed,0.055333,0.166631,,,,12616,,,,,false,false,7,16,6,5,53,,7,0,7,0,,,,,,lexical,cyber-complement-gfp,final-comparison-and-ablation,0f8d662,36da421c-1044-4268-8546-4bb3791a2361,5ecb911901f39d46f9f74128a82a651fb871eef5f9235aec32947c952c1f681e,915bedc898c4a63fff6d74c9da29c14f21d1a6b0a7877cba4f915509a86b273c,28e3f0e88742b79f23e207717e804594dc9075191db40cb3df24f97fe388f7bf,2026-09-20T12:20:40+00:00,24474252_82,laurel,"gr10497b,gr10609b,gr10672b",p=1:t=14:c=14:m=64000M,1800.0,1800.0,64000
BBM/model_171.bnet,cyber/complement-gfp,completed,0.054971,0.165284,,,,12480,,,,,false,false,7,16,6,5,42,,7,0,7,0,,,,,,lexical,cyber-complement-gfp,final-comparison-and-ablation,0f8d662,36da421c-1044-4268-8546-4bb3791a2361,5ecb911901f39d46f9f74128a82a651fb871eef5f9235aec32947c952c1f681e,915bedc898c4a63fff6d74c9da29c14f21d1a6b0a7877cba4f915509a86b273c,28e3f0e88742b79f23e207717e804594dc9075191db40cb3df24f97fe388f7bf,2026-09-20T12:20:40+00:00,24474252_65,laurel,"gr10497b,gr10609b,gr10672b",p=1:t=14:c=14:m=64000M,1800.0,1800.0,64000
BBM/model_172.bnet,cyber/complement-gfp,completed,0.055105,0.166634,,,,12600,,,,,false,false,7,12,7,7,44,,7,0,7,0,,,,,,lexical,cyber-complement-gfp,final-comparison-and-ablation,0f8d662,36da421c-1044-4268-8546-4bb3791a2361,5ecb911901f39d46f9f74128a82a651fb871eef5f9235aec32947c952c1f681e,915bedc898c4a63fff6d74c9da29c14f21d1a6b0a7877cba4f915509a86b273c,28e3f0e88742b79f23e207717e804594dc9075191db40cb3df24f97fe388f7bf,2026-09-20T12:20:40+00:00,24474252_5,laurel,"gr10497b,gr10609b,gr10672b",p=1:t=14:c=14:m=64000M,1800.0,1800.0,64000
BBM/model_173.bnet,cyber/complement-gfp,timeout,1792.31,1800.01,,,,2037412,,,,,true,false,76,,,,,,,,,,,,,,,,cyber-complement-gfp,final-comparison-and-ablation,0f8d662,36da421c-1044-4268-8546-4bb3791a2361,5ecb911901f39d46f9f74128a82a651fb871eef5f9235aec32947c952c1f681e,915bedc898c4a63fff6d74c9da29c14f21d1a6b0a7877cba4f915509a86b273c,28e3f0e88742b79f23e207717e804594dc9075191db40cb3df24f97fe388f7bf,2026-09-20T12:20:40+00:00,24474252_83,laurel,"gr10497b,gr10609b,gr10672b",p=1:t=14:c=14:m=64000M,1800.0,1800.0,64000
BBM/model_174.bnet,cyber/complement-gfp,completed,0.361743,0.496391,,,,12604,,,,,false,false,19,335872,61,11,3971,,19,0,19,0,,,,,,lexical,cyber-complement-gfp,final-comparison-and-ablation,0f8d662,36da421c-1044-4268-8546-4bb3791a2361,5ecb911901f39d46f9f74128a82a651fb871eef5f9235aec32947c952c1f681e,915bedc898c4a63fff6d74c9da29c14f21d1a6b0a7877cba4f915509a86b273c,28e3f0e88742b79f23e207717e804594dc9075191db40cb3df24f97fe388f7bf,2026-09-20T12:20:40+00:00,24474252_186,laurel,"gr10497b,gr10609b,gr10672b",p=1:t=14:c=14:m=64000M,1800.0,1800.0,64000
BBM/model_175.bnet,cyber/complement-gfp,completed,3.33947,3.463,,,,15128,,,,,false,false,41,12582912,38,46,24332,,41,0,41,0,,,,,,lexical,cyber-complement-gfp,final-comparison-and-ablation,0f8d662,36da421c-1044-4268-8546-4bb3791a2361,5ecb911901f39d46f9f74128a82a651fb871eef5f9235aec32947c952c1f681e,915bedc898c4a63fff6d74c9da29c14f21d1a6b0a7877cba4f915509a86b273c,28e3f0e88742b79f23e207717e804594dc9075191db40cb3df24f97fe388f7bf,2026-09-20T12:20:40+00:00,24474252_24,laurel,"gr10497b,gr10609b,gr10672b",p=1:t=14:c=14:m=64000M,1800.0,1800.0,64000
BBM/model_177.bnet,cyber/complement-gfp,completed,0.151529,0.265732,,,,12604,,,,,false,false,34,5376,25,64,998,,34,0,34,0,,,,,,lexical,cyber-complement-gfp,final-comparison-and-ablation,0f8d662,36da421c-1044-4268-8546-4bb3791a2361,5ecb911901f39d46f9f74128a82a651fb871eef5f9235aec32947c952c1f681e,915bedc898c4a63fff6d74c9da29c14f21d1a6b0a7877cba4f915509a86b273c,28e3f0e88742b79f23e207717e804594dc9075191db40cb3df24f97fe388f7bf,2026-09-20T12:20:40+00:00,24474252_178,laurel,"gr10497b,gr10609b,gr10672b",p=1:t=14:c=14:m=64000M,1800.0,1800.0,64000
BBM/model_178.bnet,cyber/complement-gfp,timeout,1790.29,1800.01,,,,1305016,,,,,true,false,48,,,,,,,,,,,,,,,,,final-comparison-and-ablation,0f8d662,36da421c-1044-4268-8546-4bb3791a2361,5ecb911901f39d46f9f74128a82a651fb871eef5f9235aec32947c952c1f681e,915bedc898c4a63fff6d74c9da29c14f21d1a6b0a7877cba4f915509a86b273c,28e3f0e88742b79f23e207717e804594dc9075191db40cb3df24f97fe388f7bf,2026-09-20T12:20:40+00:00,24474252_18,laurel,"gr10497b,gr10609b,gr10672b",p=1:t=14:c=14:m=64000M,1800.0,1800.0,64000
BBM/model_179.bnet,cyber/complement-gfp,timeout,1792.0,1800.01,,,,168512,,,,,true,false,56,,,,,,,,,,,,,,,,cyber-complement-gfp,final-comparison-and-ablation,0f8d662,36da421c-1044-4268-8546-4bb3791a2361,5ecb911901f39d46f9f74128a82a651fb871eef5f9235aec32947c952c1f681e,915bedc898c4a63fff6d74c9da29c14f21d1a6b0a7877cba4f915509a86b273c,28e3f0e88742b79f23e207717e804594dc9075191db40cb3df24f97fe388f7bf,2026-09-20T12:20:40+00:00,24474252_63,laurel,"gr10497b,gr10609b,gr10672b",p=1:t=14:c=14:m=64000M,1800.0,1800.0,64000
BBM/model_180.bnet,cyber/complement-gfp,completed,0.062697,0.173646,,,,12600,,,,,false,false,12,1024,28,4,266,,12,0,12,0,,,,,,lexical,cyber-complement-gfp,final-comparison-and-ablation,0f8d662,36da421c-1044-4268-8546-4bb3791a2361,5ecb911901f39d46f9f74128a82a651fb871eef5f9235aec32947c952c1f681e,915bedc898c4a63fff6d74c9da29c14f21d1a6b0a7877cba4f915509a86b273c,28e3f0e88742b79f23e207717e804594dc9075191db40cb3df24f97fe388f7bf,2026-09-20T12:20:40+00:00,24474252_45,laurel,"gr10497b,gr10609b,gr10672b",p=1:t=14:c=14:m=64000M,1800.0,1800.0,64000
BBM/model_181.bnet,cyber/complement-gfp,completed,0.061473,0.175528,,,,12620,,,,,false,false,13,180,11,32,185,,13,0,13,0,,,,,,lexical,cyber-complement-gfp,final-comparison-and-ablation,0f8d662,36da421c-1044-4268-8546-4bb3791a2361,5ecb911901f39d46f9f74128a82a651fb871eef5f9235aec32947c952c1f681e,915bedc898c4a63fff6d74c9da29c14f21d1a6b0a7877cba4f915509a86b273c,28e3f0e88742b79f23e207717e804594dc9075191db40cb3df24f97fe388f7bf,2026-09-20T12:20:40+00:00,24474252_61,laurel,"gr10497b,gr10609b,gr10672b",p=1:t=14:c=14:m=64000M,1800.0,1800.0,64000
BBM/model_182.bnet,cyber/complement-gfp,completed,0.057099,0.168076,,,,12600,,,,,false,false,14,16,5,12,90,,14,0,14,0,,,,,,lexical,cyber-complement-gfp,final-comparison-and-ablation,0f8d662,36da421c-1044-4268-8546-4bb3791a2361,5ecb911901f39d46f9f74128a82a651fb871eef5f9235aec32947c952c1f681e,915bedc898c4a63fff6d74c9da29c14f21d1a6b0a7877cba4f915509a86b273c,28e3f0e88742b79f23e207717e804594dc9075191db40cb3df24f97fe388f7bf,2026-09-20T12:20:40+00:00,24474252_32,laurel,"gr10497b,gr10609b,gr10672b",p=1:t=14:c=14:m=64000M,1800.0,1800.0,64000
BBM/model_183.bnet,cyber/complement-gfp,completed,33.1116,33.4142,,,,19836,,,,,false,false,35,48131776,181,480,88972,,35,0,35,0,,,,,,lexical,cyber-complement-gfp,final-comparison-and-ablation,0f8d662,36da421c-1044-4268-8546-4bb3791a2361,5ecb911901f39d46f9f74128a82a651fb871eef5f9235aec32947c952c1f681e,915bedc898c4a63fff6d74c9da29c14f21d1a6b0a7877cba4f915509a86b273c,28e3f0e88742b79f23e207717e804594dc9075191db40cb3df24f97fe388f7bf,2026-09-20T12:20:40+00:00,24474252_134,laurel,"gr10497b,gr10609b,gr10672b",p=1:t=14:c=14:m=64000M,1800.0,1800.0,64000
BBM/model_184.bnet,cyber/complement-gfp,completed,0.057946,0.172905,,,,12548,,,,,false,false,6,4,3,6,30,,6,0,6,0,,,,,,lexical,cyber-complement-gfp,final-comparison-and-ablation,0f8d662,36da421c-1044-4268-8546-4bb3791a2361,5ecb911901f39d46f9f74128a82a651fb871eef5f9235aec32947c952c1f681e,915bedc898c4a63fff6d74c9da29c14f21d1a6b0a7877cba4f915509a86b273c,28e3f0e88742b79f23e207717e804594dc9075191db40cb3df24f97fe388f7bf,2026-09-20T12:20:40+00:00,24474252_174,laurel,"gr10497b,gr10609b,gr10672b",p=1:t=14:c=14:m=64000M,1800.0,1800.0,64000
BBM/model_185.bnet,cyber/complement-gfp,completed,0.060706,0.174305,,,,12544,,,,,false,false,15,72,14,21,128,,15,0,15,0,,,,,,lexical,cyber-complement-gfp,final-comparison-and-ablation,0f8d662,36da421c-1044-4268-8546-4bb3791a2361,5ecb911901f39d46f9f74128a82a651fb871eef5f9235aec32947c952c1f681e,915bedc898c4a63fff6d74c9da29c14f21d1a6b0a7877cba4f915509a86b273c,28e3f0e88742b79f23e207717e804594dc9075191db40cb3df24f97fe388f7bf,2026-09-20T12:20:40+00:00,24474252_79,laurel,"gr10497b,gr10609b,gr10672b",p=1:t=14:c=14:m=64000M,1800.0,1800.0,64000
BBM/model_186.bnet,cyber/complement-gfp,completed,0.055278,0.166155,,,,12548,,,,,false,false,10,3,3,13,48,,10,0,10,0,,,,,,lexical,cyber-complement-gfp,final-comparison-and-ablation,0f8d662,36da421c-1044-4268-8546-4bb3791a2361,5ecb911901f39d46f9f74128a82a651fb871eef5f9235aec32947c952c1f681e,915bedc898c4a63fff6d74c9da29c14f21d1a6b0a7877cba4f915509a86b273c,28e3f0e88742b79f23e207717e804594dc9075191db40cb3df24f97fe388f7bf,2026-09-20T12:20:40+00:00,24474252_110,laurel,"gr10497b,gr10609b,gr10672b",p=1:t=14:c=14:m=64000M,1800.0,1800.0,64000
BBM/model_187.bnet,cyber/complement-gfp,completed,0.065582,0.176932,,,,12552,,,,,false,false,19,576,18,15,327,,19,0,19,0,,,,,,lexical,cyber-complement-gfp,final-comparison-and-ablation,0f8d662,36da421c-1044-4268-8546-4bb3791a2361,5ecb911901f39d46f9f74128a82a651fb871eef5f9235aec32947c952c1f681e,915bedc898c4a63fff6d74c9da29c14f21d1a6b0a7877cba4f915509a86b273c,28e3f0e88742b79f23e207717e804594dc9075191db40cb3df24f97fe388f7bf,2026-09-20T12:20:40+00:00,24474252_176,laurel,"gr10497b,gr10609b,gr10672b",p=1:t=14:c=14:m=64000M,1800.0,1800.0,64000
BBM/model_188.bnet,cyber/complement-gfp,completed,0.680803,0.797036,,,,12608,,,,,false,false,37,5308416,49,29,6106,,37,0,37,0,,,,,,lexical,cyber-complement-gfp,final-comparison-and-ablation,0f8d662,36da421c-1044-4268-8546-4bb3791a2361,5ecb911901f39d46f9f74128a82a651fb871eef5f9235aec32947c952c1f681e,915bedc898c4a63fff6d74c9da29c14f21d1a6b0a7877cba4f915509a86b273c,28e3f0e88742b79f23e207717e804594dc9075191db40cb3df24f97fe388f7bf,2026-09-20T12:20:40+00:00,24474252_9,laurel,"gr10497b,gr10609b,gr10672b",p=1:t=14:c=14:m=64000M,1800.0,1800.0,64000
BBM/model_189.bnet,cyber/complement-gfp,completed,0.059254,0.174331,,,,12588,,,,,false,false,6,16,9,4,31,,6,0,6,0,,,,,,lexical,cyber-complement-gfp,final-comparison-and-ablation,0f8d662,36da421c-1044-4268-8546-4bb3791a2361,5ecb911901f39d46f9f74128a82a651fb871eef5f9235aec32947c952c1f681e,915bedc898c4a63fff6d74c9da29c14f21d1a6b0a7877cba4f915509a86b273c,28e3f0e88742b79f23e207717e804594dc9075191db40cb3df24f97fe388f7bf,2026-09-20T12:20:40+00:00,24474252_128,laurel,"gr10497b,gr10609b,gr10672b",p=1:t=14:c=14:m=64000M,1800.0,1800.0,64000
BBM/model_190.bnet,cyber/complement-gfp,completed,33.0829,33.3255,,,,14188,,,,,false,false,37,33554432,230,14,68097,,37,0,37,0,,,,,,lexical,cyber-complement-gfp,final-comparison-and-ablation,0f8d662,36da421c-1044-4268-8546-4bb3791a2361,5ecb911901f39d46f9f74128a82a651fb871eef5f9235aec32947c952c1f681e,915bedc898c4a63fff6d74c9da29c14f21d1a6b0a7877cba4f915509a86b273c,28e3f0e88742b79f23e207717e804594dc9075191db40cb3df24f97fe388f7bf,2026-09-20T12:20:40+00:00,24474252_14,laurel,"gr10497b,gr10609b,gr10672b",p=1:t=14:c=14:m=64000M,1800.0,1800.0,64000
BBM/model_191.bnet,cyber/complement-gfp,completed,0.085503,0.200622,,,,12532,,,,,false,false,19,8192,33,8,587,,19,0,19,0,,,,,,lexical,cyber-complement-gfp,final-comparison-and-ablation,0f8d662,36da421c-1044-4268-8546-4bb3791a2361,5ecb911901f39d46f9f74128a82a651fb871eef5f9235aec32947c952c1f681e,915bedc898c4a63fff6d74c9da29c14f21d1a6b0a7877cba4f915509a86b273c,28e3f0e88742b79f23e207717e804594dc9075191db40cb3df24f97fe388f7bf,2026-09-20T12:20:40+00:00,24474252_105,laurel,"gr10497b,gr10609b,gr10672b",p=1:t=14:c=14:m=64000M,1800.0,1800.0,64000
BBM/model_192.bnet,cyber/complement-gfp,timeout,1792.8,1800.01,,,,2478760,,,,,true,false,102,,,,,,,,,,,,,,,,,final-comparison-and-ablation,0f8d662,36da421c-1044-4268-8546-4bb3791a2361,5ecb911901f39d46f9f74128a82a651fb871eef5f9235aec32947c952c1f681e,915bedc898c4a63fff6d74c9da29c14f21d1a6b0a7877cba4f915509a86b273c,28e3f0e88742b79f23e207717e804594dc9075191db40cb3df24f97fe388f7bf,2026-09-20T12:20:40+00:00,24474252_23,laurel,"gr10497b,gr10609b,gr10672b",p=1:t=14:c=14:m=64000M,1800.0,1800.0,64000
BBM/model_193.bnet,cyber/complement-gfp,completed,1.07113,1.18727,,,,12568,,,,,false,false,30,2686976,69,81,8992,,30,0,30,0,,,,,,lexical,cyber-complement-gfp,final-comparison-and-ablation,0f8d662,36da421c-1044-4268-8546-4bb3791a2361,5ecb911901f39d46f9f74128a82a651fb871eef5f9235aec32947c952c1f681e,915bedc898c4a63fff6d74c9da29c14f21d1a6b0a7877cba4f915509a86b273c,28e3f0e88742b79f23e207717e804594dc9075191db40cb3df24f97fe388f7bf,2026-09-20T12:20:40+00:00,24474252_208,laurel,"gr10497b,gr10609b,gr10672b",p=1:t=14:c=14:m=64000M,1800.0,1800.0,64000
BBM/model_194.bnet,cyber/complement-gfp,timeout,1792.77,1800.01,,,,2375120,,,,,true,false,106,,,,,,,,,,,,,,,,,final-comparison-and-ablation,0f8d662,36da421c-1044-4268-8546-4bb3791a2361,5ecb911901f39d46f9f74128a82a651fb871eef5f9235aec32947c952c1f681e,915bedc898c4a63fff6d74c9da29c14f21d1a6b0a7877cba4f915509a86b273c,28e3f0e88742b79f23e207717e804594dc9075191db40cb3df24f97fe388f7bf,2026-09-20T12:20:40+00:00,24474252_112,laurel,"gr10497b,gr10609b,gr10672b",p=1:t=14:c=14:m=64000M,1800.0,1800.0,64000
BBM/model_195.bnet,cyber/complement-gfp,oom,871.085,875.038,,,,65334056,,,,,false,true,216,,,,,,,,,,,,,,,,cyber-complement-gfp,final-comparison-and-ablation,0f8d662,36da421c-1044-4268-8546-4bb3791a2361,5ecb911901f39d46f9f74128a82a651fb871eef5f9235aec32947c952c1f681e,915bedc898c4a63fff6d74c9da29c14f21d1a6b0a7877cba4f915509a86b273c,28e3f0e88742b79f23e207717e804594dc9075191db40cb3df24f97fe388f7bf,2026-09-20T12:20:40+00:00,24474252_15,laurel,"gr10497b,gr10609b,gr10672b",p=1:t=14:c=14:m=64000M,1800.0,1800.0,64000
BBM/model_196.bnet,cyber/complement-gfp,completed,1590.18,1596.63,,,,608916,,,,,false,false,61,665559943348224,113,239,1410682,,61,0,61,0,,,,,,lexical,cyber-complement-gfp,final-comparison-and-ablation,0f8d662,36da421c-1044-4268-8546-4bb3791a2361,5ecb911901f39d46f9f74128a82a651fb871eef5f9235aec32947c952c1f681e,915bedc898c4a63fff6d74c9da29c14f21d1a6b0a7877cba4f915509a86b273c,28e3f0e88742b79f23e207717e804594dc9075191db40cb3df24f97fe388f7bf,2026-09-20T12:20:40+00:00,24474252_37,laurel,"gr10497b,gr10609b,gr10672b",p=1:t=14:c=14:m=64000M,1800.0,1800.0,64000
BBM/model_197.bnet,cyber/complement-gfp,timeout,1790.04,1800.01,,,,3167968,,,,,true,false,56,,,,,,,,,,,,,,,,,final-comparison-and-ablation,0f8d662,36da421c-1044-4268-8546-4bb3791a2361,5ecb911901f39d46f9f74128a82a651fb871eef5f9235aec32947c952c1f681e,915bedc898c4a63fff6d74c9da29c14f21d1a6b0a7877cba4f915509a86b273c,28e3f0e88742b79f23e207717e804594dc9075191db40cb3df24f97fe388f7bf,2026-09-20T12:20:40+00:00,24474252_202,laurel,"gr10497b,gr10609b,gr10672b",p=1:t=14:c=14:m=64000M,1800.0,1800.0,64000
BBM/model_198.bnet,cyber/complement-gfp,completed,0.057515,0.170548,,,,12596,,,,,false,false,11,32,7,8,80,,11,0,11,0,,,,,,lexical,cyber-complement-gfp,final-comparison-and-ablation,0f8d662,36da421c-1044-4268-8546-4bb3791a2361,5ecb911901f39d46f9f74128a82a651fb871eef5f9235aec32947c952c1f681e,915bedc898c4a63fff6d74c9da29c14f21d1a6b0a7877cba4f915509a86b273c,28e3f0e88742b79f23e207717e804594dc9075191db40cb3df24f97fe388f7bf,2026-09-20T12:20:40+00:00,24474252_102,laurel,"gr10497b,gr10609b,gr10672b",p=1:t=14:c=14:m=64000M,1800.0,1800.0,64000
BBM/model_199.bnet,cyber/complement-gfp,completed,18.5443,18.6996,,,,12672,,,,,false,false,30,53796224,240,285,36864,,30,0,30,0,,,,,,lexical,cyber-complement-gfp,final-comparison-and-ablation,0f8d662,36da421c-1044-4268-8546-4bb3791a2361,5ecb911901f39d46f9f74128a82a651fb871eef5f9235aec32947c952c1f681e,915bedc898c4a63fff6d74c9da29c14f21d1a6b0a7877cba4f915509a86b273c,28e3f0e88742b79f23e207717e804594dc9075191db40cb3df24f97fe388f7bf,2026-09-20T12:20:40+00:00,24474252_4,laurel,"gr10497b,gr10609b,gr10672b",p=1:t=14:c=14:m=64000M,1800.0,1800.0,64000
BBM/model_200.bnet,cyber/complement-gfp,completed,0.412975,0.524722,,,,12648,,,,,false,false,26,94208,46,79,3743,,26,0,26,0,,,,,,lexical,cyber-complement-gfp,final-comparison-and-ablation,0f8d662,36da421c-1044-4268-8546-4bb3791a2361,5ecb911901f39d46f9f74128a82a651fb871eef5f9235aec32947c952c1f681e,915bedc898c4a63fff6d74c9da29c14f21d1a6b0a7877cba4f915509a86b273c,28e3f0e88742b79f23e207717e804594dc9075191db40cb3df24f97fe388f7bf,2026-09-20T12:20:40+00:00,24474252_22,laurel,"gr10497b,gr10609b,gr10672b",p=1:t=14:c=14:m=64000M,1800.0,1800.0,64000
BBM/model_201.bnet,cyber/complement-gfp,completed,2.71778,2.85039,,,,12644,,,,,false,false,33,6356992,69,98,18776,,33,0,33,0,,,,,,lexical,cyber-complement-gfp,final-comparison-and-ablation,0f8d662,36da421c-1044-4268-8546-4bb3791a2361,5ecb911901f39d46f9f74128a82a651fb871eef5f9235aec32947c952c1f681e,915bedc898c4a63fff6d74c9da29c14f21d1a6b0a7877cba4f915509a86b273c,28e3f0e88742b79f23e207717e804594dc9075191db40cb3df24f97fe388f7bf,2026-09-20T12:20:40+00:00,24474252_52,laurel,"gr10497b,gr10609b,gr10672b",p=1:t=14:c=14:m=64000M,1800.0,1800.0,64000
BBM/model_202.bnet,cyber/complement-gfp,completed,1.23848,1.35565,,,,12624,,,,,false,false,31,249856,69,43,9696,,31,0,31,0,,,,,,lexical,cyber-complement-gfp,final-comparison-and-ablation,0f8d662,36da421c-1044-4268-8546-4bb3791a2361,5ecb911901f39d46f9f74128a82a651fb871eef5f9235aec32947c952c1f681e,915bedc898c4a63fff6d74c9da29c14f21d1a6b0a7877cba4f915509a86b273c,28e3f0e88742b79f23e207717e804594dc9075191db40cb3df24f97fe388f7bf,2026-09-20T12:20:40+00:00,24474252_217,laurel,"gr10497b,gr10609b,gr10672b",p=1:t=14:c=14:m=64000M,1800.0,1800.0,64000
BBM/model_203.bnet,cyber/complement-gfp,completed,8.71171,8.85695,,,,13564,,,,,false,false,40,83361792,76,50,43437,,40,0,40,0,,,,,,lexical,cyber-complement-gfp,final-comparison-and-ablation,0f8d662,36da421c-1044-4268-8546-4bb3791a2361,5ecb911901f39d46f9f74128a82a651fb871eef5f9235aec32947c952c1f681e,915bedc898c4a63fff6d74c9da29c14f21d1a6b0a7877cba4f915509a86b273c,28e3f0e88742b79f23e207717e804594dc9075191db40cb3df24f97fe388f7bf,2026-09-20T12:20:40+00:00,24474252_68,laurel,"gr10497b,gr10609b,gr10672b",p=1:t=14:c=14:m=64000M,1800.0,1800.0,64000
BBM/model_205.bnet,cyber/complement-gfp,completed,8.31293,8.45972,,,,20232,,,,,false,false,45,68115496960,53,38,65969,,45,0,45,0,,,,,,lexical,cyber-complement-gfp,final-comparison-and-ablation,0f8d662,36da421c-1044-4268-8546-4bb3791a2361,5ecb911901f39d46f9f74128a82a651fb871eef5f9235aec32947c952c1f681e,915bedc898c4a63fff6d74c9da29c14f21d1a6b0a7877cba4f915509a86b273c,28e3f0e88742b79f23e207717e804594dc9075191db40cb3df24f97fe388f7bf,2026-09-20T12:20:40+00:00,24474252_147,laurel,"gr10497b,gr10609b,gr10672b",p=1:t=14:c=14:m=64000M,1800.0,1800.0,64000
BBM/model_206.bnet,cyber/complement-gfp,completed,1.0493,1.16246,,,,12596,,,,,false,false,41,75497472,38,24,11666,,41,0,41,0,,,,,,lexical,cyber-complement-gfp,final-comparison-and-ablation,0f8d662,36da421c-1044-4268-8546-4bb3791a2361,5ecb911901f39d46f9f74128a82a651fb871eef5f9235aec32947c952c1f681e,915bedc898c4a63fff6d74c9da29c14f21d1a6b0a7877cba4f915509a86b273c,28e3f0e88742b79f23e207717e804594dc9075191db40cb3df24f97fe388f7bf,2026-09-20T12:20:40+00:00,24474252_141,laurel,"gr10497b,gr10609b,gr10672b",p=1:t=14:c=14:m=64000M,1800.0,1800.0,64000
BBM/model_207.bnet,cyber/complement-gfp,completed,28.3296,30.293,,,,41136,,,,,false,false,103,2199023255552,51,64,11259,,103,0,103,0,,,,,,lexical,cyber-complement-gfp,final-comparison-and-ablation,0f8d662,36da421c-1044-4268-8546-4bb3791a2361,5ecb911901f39d46f9f74128a82a651fb871eef5f9235aec32947c952c1f681e,915bedc898c4a63fff6d74c9da29c14f21d1a6b0a7877cba4f915509a86b273c,28e3f0e88742b79f23e207717e804594dc9075191db40cb3df24f97fe388f7bf,2026-09-20T12:20:40+00:00,24474252_55,laurel,"gr10497b,gr10609b,gr10672b",p=1:t=14:c=14:m=64000M,1800.0,1800.0,64000
BBM/model_208.bnet,cyber/complement-gfp,completed,0.062866,0.1796,,,,12476,,,,,false,false,15,128,9,10,147,,15,0,15,0,,,,,,lexical,cyber-complement-gfp,final-comparison-and-ablation,0f8d662,36da421c-1044-4268-8546-4bb3791a2361,5ecb911901f39d46f9f74128a82a651fb871eef5f9235aec32947c952c1f681e,915bedc898c4a63fff6d74c9da29c14f21d1a6b0a7877cba4f915509a86b273c,28e3f0e88742b79f23e207717e804594dc9075191db40cb3df24f97fe388f7bf,2026-09-20T12:20:40+00:00,24474252_100,laurel,"gr10497b,gr10609b,gr10672b",p=1:t=14:c=14:m=64000M,1800.0,1800.0,64000
BBM/model_209.bnet,cyber/complement-gfp,timeout,1791.18,1800.02,,,,2789008,,,,,true,false,87,,,,,,,,,,,,,,,,,final-comparison-and-ablation,0f8d662,36da421c-1044-4268-8546-4bb3791a2361,5ecb911901f39d46f9f74128a82a651fb871eef5f9235aec32947c952c1f681e,915bedc898c4a63fff6d74c9da29c14f21d1a6b0a7877cba4f915509a86b273c,28e3f0e88742b79f23e207717e804594dc9075191db40cb3df24f97fe388f7bf,2026-09-20T12:20:40+00:00,24474252_204,laurel,"gr10497b,gr10609b,gr10672b",p=1:t=14:c=14:m=64000M,1800.0,1800.0,64000
BBM/model_212.bnet,cyber/complement-gfp,completed,0.061099,0.211153,,,,12524,,,,,false,false,16,152,13,21,159,,16,0,16,0,,,,,,lexical,cyber-complement-gfp,final-comparison-and-ablation,0f8d662,36da421c-1044-4268-8546-4bb3791a2361,5ecb911901f39d46f9f74128a82a651fb871eef5f9235aec32947c952c1f681e,915bedc898c4a63fff6d74c9da29c14f21d1a6b0a7877cba4f915509a86b273c,28e3f0e88742b79f23e207717e804594dc9075191db40cb3df24f97fe388f7bf,2026-09-20T12:20:40+00:00,24474252_125,laurel,"gr10497b,gr10609b,gr10672b",p=1:t=14:c=14:m=64000M,1800.0,1800.0,64000
BBM/model_213.bnet,cyber/complement-gfp,completed,728.496,732.59,,,,333752,,,,,false,false,65,18014398509481984,94,13,1749900,,65,0,65,0,,,,,,lexical,cyber-complement-gfp,final-comparison-and-ablation,0f8d662,36da421c-1044-4268-8546-4bb3791a2361,5ecb911901f39d46f9f74128a82a651fb871eef5f9235aec32947c952c1f681e,915bedc898c4a63fff6d74c9da29c14f21d1a6b0a7877cba4f915509a86b273c,28e3f0e88742b79f23e207717e804594dc9075191db40cb3df24f97fe388f7bf,2026-09-20T12:20:40+00:00,24474252_148,laurel,"gr10497b,gr10609b,gr10672b",p=1:t=14:c=14:m=64000M,1800.0,1800.0,64000
BBM/model_214.bnet,cyber/complement-gfp,timeout,1791.19,1800.01,,,,1310760,,,,,true,false,70,,,,,,,,,,,,,,,,,final-comparison-and-ablation,0f8d662,36da421c-1044-4268-8546-4bb3791a2361,5ecb911901f39d46f9f74128a82a651fb871eef5f9235aec32947c952c1f681e,915bedc898c4a63fff6d74c9da29c14f21d1a6b0a7877cba4f915509a86b273c,28e3f0e88742b79f23e207717e804594dc9075191db40cb3df24f97fe388f7bf,2026-09-20T12:20:40+00:00,24474252_8,laurel,"gr10497b,gr10609b,gr10672b",p=1:t=14:c=14:m=64000M,1800.0,1800.0,64000
BBM/model_215.bnet,cyber/complement-gfp,completed,79.8791,80.3631,,,,69192,,,,,false,false,67,17179869184,65,35,308258,,67,0,67,0,,,,,,lexical,cyber-complement-gfp,final-comparison-and-ablation,0f8d662,36da421c-1044-4268-8546-4bb3791a2361,5ecb911901f39d46f9f74128a82a651fb871eef5f9235aec32947c952c1f681e,915bedc898c4a63fff6d74c9da29c14f21d1a6b0a7877cba4f915509a86b273c,28e3f0e88742b79f23e207717e804594dc9075191db40cb3df24f97fe388f7bf,2026-09-20T12:20:40+00:00,24474252_66,laurel,"gr10497b,gr10609b,gr10672b",p=1:t=14:c=14:m=64000M,1800.0,1800.0,64000
BBM/model_216.bnet,cyber/complement-gfp,completed,739.512,742.145,,,,463884,,,,,false,false,69,562949953421312,94,22,2219296,,69,0,69,0,,,,,,lexical,cyber-complement-gfp,final-comparison-and-ablation,0f8d662,36da421c-1044-4268-8546-4bb3791a2361,5ecb911901f39d46f9f74128a82a651fb871eef5f9235aec32947c952c1f681e,915bedc898c4a63fff6d74c9da29c14f21d1a6b0a7877cba4f915509a86b273c,28e3f0e88742b79f23e207717e804594dc9075191db40cb3df24f97fe388f7bf,2026-09-20T12:20:40+00:00,24474252_184,laurel,"gr10497b,gr10609b,gr10672b",p=1:t=14:c=14:m=64000M,1800.0,1800.0,64000
BBM/model_217.bnet,cyber/complement-gfp,completed,1.96815,2.091,,,,12596,,,,,false,false,56,2097152,33,37,21301,,56,0,56,0,,,,,,lexical,cyber-complement-gfp,final-comparison-and-ablation,0f8d662,36da421c-1044-4268-8546-4bb3791a2361,5ecb911901f39d46f9f74128a82a651fb871eef5f9235aec32947c952c1f681e,915bedc898c4a63fff6d74c9da29c14f21d1a6b0a7877cba4f915509a86b273c,28e3f0e88742b79f23e207717e804594dc9075191db40cb3df24f97fe388f7bf,2026-09-20T12:20:40+00:00,24474252_137,laurel,"gr10497b,gr10609b,gr10672b",p=1:t=14:c=14:m=64000M,1800.0,1800.0,64000
BBM/model_218.bnet,cyber/complement-gfp,completed,8.3453,8.48593,,,,18212,,,,,false,false,68,65536,29,54,34808,,68,0,68,0,,,,,,lexical,cyber-complement-gfp,final-comparison-and-ablation,0f8d662,36da421c-1044-4268-8546-4bb3791a2361,5ecb911901f39d46f9f74128a82a651fb871eef5f9235aec32947c952c1f681e,915bedc898c4a63fff6d74c9da29c14f21d1a6b0a7877cba4f915509a86b273c,28e3f0e88742b79f23e207717e804594dc9075191db40cb3df24f97fe388f7bf,2026-09-20T12:20:40+00:00,24474252_129,laurel,"gr10497b,gr10609b,gr10672b",p=1:t=14:c=14:m=64000M,1800.0,1800.0,64000
BBM/model_219.bnet,cyber/complement-gfp,completed,265.675,266.926,,,,93036,,,,,false,false,84,377957122048,73,80,605661,,84,0,84,0,,,,,,lexical,cyber-complement-gfp,final-comparison-and-ablation,0f8d662,36da421c-1044-4268-8546-4bb3791a2361,5ecb911901f39d46f9f74128a82a651fb871eef5f9235aec32947c952c1f681e,915bedc898c4a63fff6d74c9da29c14f21d1a6b0a7877cba4f915509a86b273c,28e3f0e88742b79f23e207717e804594dc9075191db40cb3df24f97fe388f7bf,2026-09-20T12:20:40+00:00,24474252_187,laurel,"gr10497b,gr10609b,gr10672b",p=1:t=14:c=14:m=64000M,1800.0,1800.0,64000
BBM/model_220.bnet,cyber/complement-gfp,oom,1201.73,1209.84,,,,65321484,,,,,false,true,342,,,,,,,,,,,,,,,,cyber-complement-gfp,final-comparison-and-ablation,0f8d662,36da421c-1044-4268-8546-4bb3791a2361,5ecb911901f39d46f9f74128a82a651fb871eef5f9235aec32947c952c1f681e,915bedc898c4a63fff6d74c9da29c14f21d1a6b0a7877cba4f915509a86b273c,28e3f0e88742b79f23e207717e804594dc9075191db40cb3df24f97fe388f7bf,2026-09-20T12:20:40+00:00,24474252_90,laurel,"gr10497b,gr10609b,gr10672b",p=1:t=14:c=14:m=64000M,1800.0,1800.0,64000
BBM/model_221.bnet,cyber/complement-gfp,oom,1608.23,1616.17,,,,65318700,,,,,false,true,317,,,,,,,,,,,,,,,,cyber-complement-gfp,final-comparison-and-ablation,0f8d662,36da421c-1044-4268-8546-4bb3791a2361,5ecb911901f39d46f9f74128a82a651fb871eef5f9235aec32947c952c1f681e,915bedc898c4a63fff6d74c9da29c14f21d1a6b0a7877cba4f915509a86b273c,28e3f0e88742b79f23e207717e804594dc9075191db40cb3df24f97fe388f7bf,2026-09-20T12:20:40+00:00,24474252_40,laurel,"gr10497b,gr10609b,gr10672b",p=1:t=14:c=14:m=64000M,1800.0,1800.0,64000
BBM/model_222.bnet,cyber/complement-gfp,timeout,1792.77,1800.16,,,,25635612,,,,,true,false,206,,,,,,,,,,,,,,,,,final-comparison-and-ablation,0f8d662,36da421c-1044-4268-8546-4bb3791a2361,5ecb911901f39d46f9f74128a82a651fb871eef5f9235aec32947c952c1f681e,915bedc898c4a63fff6d74c9da29c14f21d1a6b0a7877cba4f915509a86b273c,28e3f0e88742b79f23e207717e804594dc9075191db40cb3df24f97fe388f7bf,2026-09-20T12:20:40+00:00,24474252_121,laurel,"gr10497b,gr10609b,gr10672b",p=1:t=14:c=14:m=64000M,1800.0,1800.0,64000
BBM/model_223.bnet,cyber/complement-gfp,timeout,1791.82,1800.12,,,,38525560,,,,,true,false,141,,,,,,,,,,,,,,,,,final-comparison-and-ablation,0f8d662,36da421c-1044-4268-8546-4bb3791a2361,5ecb911901f39d46f9f74128a82a651fb871eef5f9235aec32947c952c1f681e,915bedc898c4a63fff6d74c9da29c14f21d1a6b0a7877cba4f915509a86b273c,28e3f0e88742b79f23e207717e804594dc9075191db40cb3df24f97fe388f7bf,2026-09-20T12:20:40+00:00,24474252_3,laurel,"gr10497b,gr10609b,gr10672b",p=1:t=14:c=14:m=64000M,1800.0,1800.0,64000
BBM/model_224.bnet,cyber/complement-gfp,timeout,1794.29,1800.01,,,,3806700,,,,,true,false,95,,,,,,,,,,,,,,,,,final-comparison-and-ablation,0f8d662,36da421c-1044-4268-8546-4bb3791a2361,5ecb911901f39d46f9f74128a82a651fb871eef5f9235aec32947c952c1f681e,915bedc898c4a63fff6d74c9da29c14f21d1a6b0a7877cba4f915509a86b273c,28e3f0e88742b79f23e207717e804594dc9075191db40cb3df24f97fe388f7bf,2026-09-20T12:20:40+00:00,24474252_182,laurel,"gr10497b,gr10609b,gr10672b",p=1:t=14:c=14:m=64000M,1800.0,1800.0,64000
BBM/model_225.bnet,cyber/complement-gfp,timeout,1791.67,1800.01,,,,3364764,,,,,true,false,91,,,,,,,,,,,,,,,,,final-comparison-and-ablation,0f8d662,36da421c-1044-4268-8546-4bb3791a2361,5ecb911901f39d46f9f74128a82a651fb871eef5f9235aec32947c952c1f681e,915bedc898c4a63fff6d74c9da29c14f21d1a6b0a7877cba4f915509a86b273c,28e3f0e88742b79f23e207717e804594dc9075191db40cb3df24f97fe388f7bf,2026-09-20T12:20:40+00:00,24474252_50,laurel,"gr10497b,gr10609b,gr10672b",p=1:t=14:c=14:m=64000M,1800.0,1800.0,64000
BBM/model_226.bnet,cyber/complement-gfp,completed,20.6825,20.8603,,,,12624,,,,,false,false,75,2147483648,111,46,27116,,75,0,75,0,,,,,,lexical,cyber-complement-gfp,final-comparison-and-ablation,0f8d662,36da421c-1044-4268-8546-4bb3791a2361,5ecb911901f39d46f9f74128a82a651fb871eef5f9235aec32947c952c1f681e,915bedc898c4a63fff6d74c9da29c14f21d1a6b0a7877cba4f915509a86b273c,28e3f0e88742b79f23e207717e804594dc9075191db40cb3df24f97fe388f7bf,2026-09-20T12:20:40+00:00,24474252_118,laurel,"gr10497b,gr10609b,gr10672b",p=1:t=14:c=14:m=64000M,1800.0,1800.0,64000
BBM/model_227.bnet,cyber/complement-gfp,completed,48.9483,49.2932,,,,20288,,,,,false,false,65,137438953472,140,30,74318,,65,0,65,0,,,,,,lexical,cyber-complement-gfp,final-comparison-and-ablation,0f8d662,36da421c-1044-4268-8546-4bb3791a2361,5ecb911901f39d46f9f74128a82a651fb871eef5f9235aec32947c952c1f681e,915bedc898c4a63fff6d74c9da29c14f21d1a6b0a7877cba4f915509a86b273c,28e3f0e88742b79f23e207717e804594dc9075191db40cb3df24f97fe388f7bf,2026-09-20T12:20:40+00:00,24474252_103,laurel,"gr10497b,gr10609b,gr10672b",p=1:t=14:c=14:m=64000M,1800.0,1800.0,64000
BBM/model_228.bnet,cyber/complement-gfp,timeout,1790.94,1800.01,,,,2488180,,,,,true,false,56,,,,,,,,,,,,,,,,,final-comparison-and-ablation,0f8d662,36da421c-1044-4268-8546-4bb3791a2361,5ecb911901f39d46f9f74128a82a651fb871eef5f9235aec32947c952c1f681e,915bedc898c4a63fff6d74c9da29c14f21d1a6b0a7877cba4f915509a86b273c,28e3f0e88742b79f23e207717e804594dc9075191db40cb3df24f97fe388f7bf,2026-09-20T12:20:40+00:00,24474252_120,laurel,"gr10497b,gr10609b,gr10672b",p=1:t=14:c=14:m=64000M,1800.0,1800.0,64000
BBM/model_230.bnet,cyber/complement-gfp,timeout,1794.44,1800.01,,,,1360180,,,,,true,false,55,,,,,,,,,,,,,,,,,final-comparison-and-ablation,0f8d662,36da421c-1044-4268-8546-4bb3791a2361,5ecb911901f39d46f9f74128a82a651fb871eef5f9235aec32947c952c1f681e,915bedc898c4a63fff6d74c9da29c14f21d1a6b0a7877cba4f915509a86b273c,28e3f0e88742b79f23e207717e804594dc9075191db40cb3df24f97fe388f7bf,2026-09-20T12:20:40+00:00,24474252_167,laurel,"gr10497b,gr10609b,gr10672b",p=1:t=14:c=14:m=64000M,1800.0,1800.0,64000
BBM/model_001.bnet,cyber/complement-gfp-plus-immutable,oom,1604.17,1609.75,,,,65322932,,,,,false,true,321,,,,,,,,,,,,,,,,cyber-complement-gfp-plus-immutable,final-comparison-and-ablation,0f8d662,565847fc-58d5-4b2d-96ec-a17ffb69e644,bceed70b9d3ec67ed89cb5c35b49b90624fd66315ab7d564fdbfcdcc9c3c820c,915bedc898c4a63fff6d74c9da29c14f21d1a6b0a7877cba4f915509a86b273c,28e3f0e88742b79f23e207717e804594dc9075191db40cb3df24f97fe388f7bf,2026-09-20T12:26:41+00:00,24474328_146,laurel,"gr10497b,gr10609b,gr10672b",p=1:t=14:c=14:m=64000M,1800.0,1800.0,64000
BBM/model_002.bnet,cyber/complement-gfp-plus-immutable,timeout,1792.56,1800.02,,,,12692936,,,,,true,false,139,,,,,,,,,,,,,,,,,final-comparison-and-ablation,0f8d662,565847fc-58d5-4b2d-96ec-a17ffb69e644,bceed70b9d3ec67ed89cb5c35b49b90624fd66315ab7d564fdbfcdcc9c3c820c,915bedc898c4a63fff6d74c9da29c14f21d1a6b0a7877cba4f915509a86b273c,28e3f0e88742b79f23e207717e804594dc9075191db40cb3df24f97fe388f7bf,2026-09-20T12:26:41+00:00,24474328_155,laurel,"gr10497b,gr10609b,gr10672b",p=1:t=14:c=14:m=64000M,1800.0,1800.0,64000
BBM/model_003.bnet,cyber/complement-gfp-plus-immutable,completed,0.488535,0.602216,,,,12608,,,,,false,false,20,337920,56,26,6512,,19,1,19,1,,,,,,lexical,cyber-complement-gfp-plus-immutable,final-comparison-and-ablation,0f8d662,565847fc-58d5-4b2d-96ec-a17ffb69e644,bceed70b9d3ec67ed89cb5c35b49b90624fd66315ab7d564fdbfcdcc9c3c820c,915bedc898c4a63fff6d74c9da29c14f21d1a6b0a7877cba4f915509a86b273c,28e3f0e88742b79f23e207717e804594dc9075191db40cb3df24f97fe388f7bf,2026-09-20T12:26:41+00:00,24474328_193,laurel,"gr10497b,gr10609b,gr10672b",p=1:t=14:c=14:m=64000M,1800.0,1800.0,64000
BBM/model_004.bnet,cyber/complement-gfp-plus-immutable,timeout,1795.26,1800.12,,,,24880360,,,,,true,false,247,,,,,,,,,,,,,,,,,final-comparison-and-ablation,0f8d662,565847fc-58d5-4b2d-96ec-a17ffb69e644,bceed70b9d3ec67ed89cb5c35b49b90624fd66315ab7d564fdbfcdcc9c3c820c,915bedc898c4a63fff6d74c9da29c14f21d1a6b0a7877cba4f915509a86b273c,28e3f0e88742b79f23e207717e804594dc9075191db40cb3df24f97fe388f7bf,2026-09-20T12:26:41+00:00,24474328_207,laurel,"gr10497b,gr10609b,gr10672b",p=1:t=14:c=14:m=64000M,1800.0,1800.0,64000
BBM/model_006.bnet,cyber/complement-gfp-plus-immutable,timeout,1794.67,1800.01,,,,1805232,,,,,true,false,68,,,,,,,,,,,,,,,,,final-comparison-and-ablation,0f8d662,565847fc-58d5-4b2d-96ec-a17ffb69e644,bceed70b9d3ec67ed89cb5c35b49b90624fd66315ab7d564fdbfcdcc9c3c820c,915bedc898c4a63fff6d74c9da29c14f21d1a6b0a7877cba4f915509a86b273c,28e3f0e88742b79f23e207717e804594dc9075191db40cb3df24f97fe388f7bf,2026-09-20T12:26:41+00:00,24474328_62,laurel,"gr10497b,gr10609b,gr10672b",p=1:t=14:c=14:m=64000M,1800.0,1800.0,64000
BBM/model_007.bnet,cyber/complement-gfp-plus-immutable,completed,0.165327,0.277724,,,,12560,,,,,false,false,5,16,9,3,29,,5,0,5,0,,,,,,lexical,cyber-complement-gfp-plus-immutable,final-comparison-and-ablation,0f8d662,565847fc-58d5-4b2d-96ec-a17ffb69e644,bceed70b9d3ec67ed89cb5c35b49b90624fd66315ab7d564fdbfcdcc9c3c820c,915bedc898c4a63fff6d74c9da29c14f21d1a6b0a7877cba4f915509a86b273c,28e3f0e88742b79f23e207717e804594dc9075191db40cb3df24f97fe388f7bf,2026-09-20T12:26:41+00:00,24474328_84,laurel,"gr10497b,gr10609b,gr10672b",p=1:t=14:c=14:m=64000M,1800.0,1800.0,64000
BBM/model_008.bnet,cyber/complement-gfp-plus-immutable,completed,0.232047,0.347155,,,,12616,,,,,false,false,28,41824,47,53,2457,,25,3,25,3,,,,,,lexical,cyber-complement-gfp-plus-immutable,final-comparison-and-ablation,0f8d662,565847fc-58d5-4b2d-96ec-a17ffb69e644,bceed70b9d3ec67ed89cb5c35b49b90624fd66315ab7d564fdbfcdcc9c3c820c,915bedc898c4a63fff6d74c9da29c14f21d1a6b0a7877cba4f915509a86b273c,28e3f0e88742b79f23e207717e804594dc9075191db40cb3df24f97fe388f7bf,2026-09-20T12:26:41+00:00,24474328_188,laurel,"gr10497b,gr10609b,gr10672b",p=1:t=14:c=14:m=64000M,1800.0,1800.0,64000
BBM/model_009.bnet,cyber/complement-gfp-plus-immutable,timeout,1795.11,1800.01,,,,1276108,,,,,true,false,73,,,,,,,,,,,,,,,,,final-comparison-and-ablation,0f8d662,565847fc-58d5-4b2d-96ec-a17ffb69e644,bceed70b9d3ec67ed89cb5c35b49b90624fd66315ab7d564fdbfcdcc9c3c820c,915bedc898c4a63fff6d74c9da29c14f21d1a6b0a7877cba4f915509a86b273c,28e3f0e88742b79f23e207717e804594dc9075191db40cb3df24f97fe388f7bf,2026-09-20T12:26:41+00:00,24474328_205,laurel,"gr10497b,gr10609b,gr10672b",p=1:t=14:c=14:m=64000M,1800.0,1800.0,64000
BBM/model_010.bnet,cyber/complement-gfp-plus-immutable,completed,0.143295,0.256013,,,,12628,,,,,false,false,15,368,17,17,190,,13,2,13,2,,,,,,lexical,cyber-complement-gfp-plus-immutable,final-comparison-and-ablation,0f8d662,565847fc-58d5-4b2d-96ec-a17ffb69e644,bceed70b9d3ec67ed89cb5c35b49b90624fd66315ab7d564fdbfcdcc9c3c820c,915bedc898c4a63fff6d74c9da29c14f21d1a6b0a7877cba4f915509a86b273c,28e3f0e88742b79f23e207717e804594dc9075191db40cb3df24f97fe388f7bf,2026-09-20T12:26:41+00:00,24474328_86,laurel,"gr10497b,gr10609b,gr10672b",p=1:t=14:c=14:m=64000M,1800.0,1800.0,64000
BBM/model_011.bnet,cyber/complement-gfp-plus-immutable,completed,3.13613,3.25571,,,,12648,,,,,false,false,44,72482816,49,191,22775,,40,4,40,4,,,,,,lexical,cyber-complement-gfp-plus-immutable,final-comparison-and-ablation,0f8d662,565847fc-58d5-4b2d-96ec-a17ffb69e644,bceed70b9d3ec67ed89cb5c35b49b90624fd66315ab7d564fdbfcdcc9c3c820c,915bedc898c4a63fff6d74c9da29c14f21d1a6b0a7877cba4f915509a86b273c,28e3f0e88742b79f23e207717e804594dc9075191db40cb3df24f97fe388f7bf,2026-09-20T12:26:41+00:00,24474328_183,laurel,"gr10497b,gr10609b,gr10672b",p=1:t=14:c=14:m=64000M,1800.0,1800.0,64000
BBM/model_012.bnet,cyber/complement-gfp-plus-immutable,timeout,1791.47,1800.01,,,,2553988,,,,,true,false,101,,,,,,,,,,,,,,,,,final-comparison-and-ablation,0f8d662,565847fc-58d5-4b2d-96ec-a17ffb69e644,bceed70b9d3ec67ed89cb5c35b49b90624fd66315ab7d564fdbfcdcc9c3c820c,915bedc898c4a63fff6d74c9da29c14f21d1a6b0a7877cba4f915509a86b273c,28e3f0e88742b79f23e207717e804594dc9075191db40cb3df24f97fe388f7bf,2026-09-20T12:26:41+00:00,24474328_6,laurel,"gr10497b,gr10609b,gr10672b",p=1:t=14:c=14:m=64000M,1800.0,1800.0,64000
BBM/model_013.bnet,cyber/complement-gfp-plus-immutable,completed,0.955928,1.06953,,,,12656,,,,,false,false,34,524288,106,15,4438,,32,2,32,2,,,,,,lexical,cyber-complement-gfp-plus-immutable,final-comparison-and-ablation,0f8d662,565847fc-58d5-4b2d-96ec-a17ffb69e644,bceed70b9d3ec67ed89cb5c35b49b90624fd66315ab7d564fdbfcdcc9c3c820c,915bedc898c4a63fff6d74c9da29c14f21d1a6b0a7877cba4f915509a86b273c,28e3f0e88742b79f23e207717e804594dc9075191db40cb3df24f97fe388f7bf,2026-09-20T12:26:41+00:00,24474328_181,laurel,"gr10497b,gr10609b,gr10672b",p=1:t=14:c=14:m=64000M,1800.0,1800.0,64000
BBM/model_014.bnet,cyber/complement-gfp-plus-immutable,completed,2.53147,2.65272,,,,12592,,,,,false,false,61,98205696,32,207,13731,,54,7,54,7,,,,,,lexical,cyber-complement-gfp-plus-immutable,final-comparison-and-ablation,0f8d662,565847fc-58d5-4b2d-96ec-a17ffb69e644,bceed70b9d3ec67ed89cb5c35b49b90624fd66315ab7d564fdbfcdcc9c3c820c,915bedc898c4a63fff6d74c9da29c14f21d1a6b0a7877cba4f915509a86b273c,28e3f0e88742b79f23e207717e804594dc9075191db40cb3df24f97fe388f7bf,2026-09-20T12:26:41+00:00,24474328_88,laurel,"gr10497b,gr10609b,gr10672b",p=1:t=14:c=14:m=64000M,1800.0,1800.0,64000
BBM/model_015.bnet,cyber/complement-gfp-plus-immutable,completed,0.122982,0.238914,,,,12644,,,,,false,false,16,16384,60,2,1189,,14,2,14,2,,,,,,lexical,cyber-complement-gfp-plus-immutable,final-comparison-and-ablation,0f8d662,565847fc-58d5-4b2d-96ec-a17ffb69e644,bceed70b9d3ec67ed89cb5c35b49b90624fd66315ab7d564fdbfcdcc9c3c820c,915bedc898c4a63fff6d74c9da29c14f21d1a6b0a7877cba4f915509a86b273c,28e3f0e88742b79f23e207717e804594dc9075191db40cb3df24f97fe388f7bf,2026-09-20T12:26:41+00:00,24474328_53,laurel,"gr10497b,gr10609b,gr10672b",p=1:t=14:c=14:m=64000M,1800.0,1800.0,64000
BBM/model_016.bnet,cyber/complement-gfp-plus-immutable,timeout,1795.07,1800.02,,,,2607456,,,,,true,false,118,,,,,,,,,,,,,,,,,final-comparison-and-ablation,0f8d662,565847fc-58d5-4b2d-96ec-a17ffb69e644,bceed70b9d3ec67ed89cb5c35b49b90624fd66315ab7d564fdbfcdcc9c3c820c,915bedc898c4a63fff6d74c9da29c14f21d1a6b0a7877cba4f915509a86b273c,28e3f0e88742b79f23e207717e804594dc9075191db40cb3df24f97fe388f7bf,2026-09-20T12:26:41+00:00,24474328_35,laurel,"gr10497b,gr10609b,gr10672b",p=1:t=14:c=14:m=64000M,1800.0,1800.0,64000
BBM/model_017.bnet,cyber/complement-gfp-plus-immutable,completed,0.150293,0.262793,,,,12640,,,,,false,false,50,4096,22,31,843,,41,9,41,9,,,,,,lexical,cyber-complement-gfp-plus-immutable,final-comparison-and-ablation,0f8d662,565847fc-58d5-4b2d-96ec-a17ffb69e644,bceed70b9d3ec67ed89cb5c35b49b90624fd66315ab7d564fdbfcdcc9c3c820c,915bedc898c4a63fff6d74c9da29c14f21d1a6b0a7877cba4f915509a86b273c,28e3f0e88742b79f23e207717e804594dc9075191db40cb3df24f97fe388f7bf,2026-09-20T12:26:41+00:00,24474328_60,laurel,"gr10497b,gr10609b,gr10672b",p=1:t=14:c=14:m=64000M,1800.0,1800.0,64000
BBM/model_018.bnet,cyber/complement-gfp-plus-immutable,timeout,1792.56,1800.01,,,,1534844,,,,,true,false,104,,,,,,,,,,,,,,,,,final-comparison-and-ablation,0f8d662,565847fc-58d5-4b2d-96ec-a17ffb69e644,bceed70b9d3ec67ed89cb5c35b49b90624fd66315ab7d564fdbfcdcc9c3c820c,915bedc898c4a63fff6d74c9da29c14f21d1a6b0a7877cba4f915509a86b273c,28e3f0e88742b79f23e207717e804594dc9075191db40cb3df24f97fe388f7bf,2026-09-20T12:26:41+00:00,24474328_39,laurel,"gr10497b,gr10609b,gr10672b",p=1:t=14:c=14:m=64000M,1800.0,1800.0,64000
BBM/model_019.bnet,cyber/complement-gfp-plus-immutable,timeout,1792.47,1800.01,,,,2336688,,,,,true,false,86,,,,,,,,,,,,,,,,,final-comparison-and-ablation,0f8d662,565847fc-58d5-4b2d-96ec-a17ffb69e644,bceed70b9d3ec67ed89cb5c35b49b90624fd66315ab7d564fdbfcdcc9c3c820c,915bedc898c4a63fff6d74c9da29c14f21d1a6b0a7877cba4f915509a86b273c,28e3f0e88742b79f23e207717e804594dc9075191db40cb3df24f97fe388f7bf,2026-09-20T12:26:41+00:00,24474328_140,laurel,"gr10497b,gr10609b,gr10672b",p=1:t=14:c=14:m=64000M,1800.0,1800.0,64000
BBM/model_021.bnet,cyber/complement-gfp-plus-immutable,completed,0.107773,0.218349,,,,12540,,,,,false,false,17,16384,57,2,942,,14,3,14,3,,,,,,lexical,cyber-complement-gfp-plus-immutable,final-comparison-and-ablation,0f8d662,565847fc-58d5-4b2d-96ec-a17ffb69e644,bceed70b9d3ec67ed89cb5c35b49b90624fd66315ab7d564fdbfcdcc9c3c820c,915bedc898c4a63fff6d74c9da29c14f21d1a6b0a7877cba4f915509a86b273c,28e3f0e88742b79f23e207717e804594dc9075191db40cb3df24f97fe388f7bf,2026-09-20T12:26:41+00:00,24474328_152,laurel,"gr10497b,gr10609b,gr10672b",p=1:t=14:c=14:m=64000M,1800.0,1800.0,64000
BBM/model_022.bnet,cyber/complement-gfp-plus-immutable,completed,0.302295,0.415864,,,,12564,,,,,false,false,22,131072,51,2,5430,,17,5,17,5,,,,,,lexical,cyber-complement-gfp-plus-immutable,final-comparison-and-ablation,0f8d662,565847fc-58d5-4b2d-96ec-a17ffb69e644,bceed70b9d3ec67ed89cb5c35b49b90624fd66315ab7d564fdbfcdcc9c3c820c,915bedc898c4a63fff6d74c9da29c14f21d1a6b0a7877cba4f915509a86b273c,28e3f0e88742b79f23e207717e804594dc9075191db40cb3df24f97fe388f7bf,2026-09-20T12:26:41+00:00,24474328_161,laurel,"gr10497b,gr10609b,gr10672b",p=1:t=14:c=14:m=64000M,1800.0,1800.0,64000
BBM/model_023.bnet,cyber/complement-gfp-plus-immutable,completed,0.05808,0.170719,,,,12632,,,,,false,false,10,32,5,11,61,,9,1,9,1,,,,,,lexical,cyber-complement-gfp-plus-immutable,final-comparison-and-ablation,0f8d662,565847fc-58d5-4b2d-96ec-a17ffb69e644,bceed70b9d3ec67ed89cb5c35b49b90624fd66315ab7d564fdbfcdcc9c3c820c,915bedc898c4a63fff6d74c9da29c14f21d1a6b0a7877cba4f915509a86b273c,28e3f0e88742b79f23e207717e804594dc9075191db40cb3df24f97fe388f7bf,2026-09-20T12:26:41+00:00,24474328_209,laurel,"gr10497b,gr10609b,gr10672b",p=1:t=14:c=14:m=64000M,1800.0,1800.0,64000
BBM/model_024.bnet,cyber/complement-gfp-plus-immutable,completed,0.093738,0.205573,,,,12552,,,,,false,false,20,5056,36,28,994,,16,4,16,4,,,,,,lexical,cyber-complement-gfp-plus-immutable,final-comparison-and-ablation,0f8d662,565847fc-58d5-4b2d-96ec-a17ffb69e644,bceed70b9d3ec67ed89cb5c35b49b90624fd66315ab7d564fdbfcdcc9c3c820c,915bedc898c4a63fff6d74c9da29c14f21d1a6b0a7877cba4f915509a86b273c,28e3f0e88742b79f23e207717e804594dc9075191db40cb3df24f97fe388f7bf,2026-09-20T12:26:41+00:00,24474328_81,laurel,"gr10497b,gr10609b,gr10672b",p=1:t=14:c=14:m=64000M,1800.0,1800.0,64000
BBM/model_025.bnet,cyber/complement-gfp-plus-immutable,completed,1.85712,1.97504,,,,12612,,,,,false,false,60,90243072,32,112,6278,,54,6,54,6,,,,,,lexical,cyber-complement-gfp-plus-immutable,final-comparison-and-ablation,0f8d662,565847fc-58d5-4b2d-96ec-a17ffb69e644,bceed70b9d3ec67ed89cb5c35b49b90624fd66315ab7d564fdbfcdcc9c3c820c,915bedc898c4a63fff6d74c9da29c14f21d1a6b0a7877cba4f915509a86b273c,28e3f0e88742b79f23e207717e804594dc9075191db40cb3df24f97fe388f7bf,2026-09-20T12:26:41+00:00,24474328_104,laurel,"gr10497b,gr10609b,gr10672b",p=1:t=14:c=14:m=64000M,1800.0,1800.0,64000
BBM/model_027.bnet,cyber/complement-gfp-plus-immutable,completed,0.060638,0.172163,,,,12632,,,,,false,false,26,2048,20,3,172,,12,14,12,14,,,,,,lexical,cyber-complement-gfp-plus-immutable,final-comparison-and-ablation,0f8d662,565847fc-58d5-4b2d-96ec-a17ffb69e644,bceed70b9d3ec67ed89cb5c35b49b90624fd66315ab7d564fdbfcdcc9c3c820c,915bedc898c4a63fff6d74c9da29c14f21d1a6b0a7877cba4f915509a86b273c,28e3f0e88742b79f23e207717e804594dc9075191db40cb3df24f97fe388f7bf,2026-09-20T12:26:41+00:00,24474328_163,laurel,"gr10497b,gr10609b,gr10672b",p=1:t=14:c=14:m=64000M,1800.0,1800.0,64000
BBM/model_028.bnet,cyber/complement-gfp-plus-immutable,completed,0.060931,0.17204,,,,12568,,,,,false,false,18,1024,30,2,206,,10,8,10,8,,,,,,lexical,cyber-complement-gfp-plus-immutable,final-comparison-and-ablation,0f8d662,565847fc-58d5-4b2d-96ec-a17ffb69e644,bceed70b9d3ec67ed89cb5c35b49b90624fd66315ab7d564fdbfcdcc9c3c820c,915bedc898c4a63fff6d74c9da29c14f21d1a6b0a7877cba4f915509a86b273c,28e3f0e88742b79f23e207717e804594dc9075191db40cb3df24f97fe388f7bf,2026-09-20T12:26:41+00:00,24474328_197,laurel,"gr10497b,gr10609b,gr10672b",p=1:t=14:c=14:m=64000M,1800.0,1800.0,64000
BBM/model_029.bnet,cyber/complement-gfp-plus-immutable,completed,0.059488,0.171602,,,,12556,,,,,false,false,11,512,24,2,130,,9,2,9,2,,,,,,lexical,cyber-complement-gfp-plus-immutable,final-comparison-and-ablation,0f8d662,565847fc-58d5-4b2d-96ec-a17ffb69e644,bceed70b9d3ec67ed89cb5c35b49b90624fd66315ab7d564fdbfcdcc9c3c820c,915bedc898c4a63fff6d74c9da29c14f21d1a6b0a7877cba4f915509a86b273c,28e3f0e88742b79f23e207717e804594dc9075191db40cb3df24f97fe388f7bf,2026-09-20T12:26:41+00:00,24474328_71,laurel,"gr10497b,gr10609b,gr10672b",p=1:t=14:c=14:m=64000M,1800.0,1800.0,64000
BBM/model_030.bnet,cyber/complement-gfp-plus-immutable,completed,0.162744,0.28277,,,,12608,,,,,false,false,24,262144,60,2,1584,,18,6,18,6,,,,,,lexical,cyber-complement-gfp-plus-immutable,final-comparison-and-ablation,0f8d662,565847fc-58d5-4b2d-96ec-a17ffb69e644,bceed70b9d3ec67ed89cb5c35b49b90624fd66315ab7d564fdbfcdcc9c3c820c,915bedc898c4a63fff6d74c9da29c14f21d1a6b0a7877cba4f915509a86b273c,28e3f0e88742b79f23e207717e804594dc9075191db40cb3df24f97fe388f7bf,2026-09-20T12:26:41+00:00,24474328_85,laurel,"gr10497b,gr10609b,gr10672b",p=1:t=14:c=14:m=64000M,1800.0,1800.0,64000
BBM/model_031.bnet,cyber/complement-gfp-plus-immutable,completed,0.056373,0.16726,,,,12620,,,,,false,false,9,60,7,24,89,,9,0,9,0,,,,,,lexical,cyber-complement-gfp-plus-immutable,final-comparison-and-ablation,0f8d662,565847fc-58d5-4b2d-96ec-a17ffb69e644,bceed70b9d3ec67ed89cb5c35b49b90624fd66315ab7d564fdbfcdcc9c3c820c,915bedc898c4a63fff6d74c9da29c14f21d1a6b0a7877cba4f915509a86b273c,28e3f0e88742b79f23e207717e804594dc9075191db40cb3df24f97fe388f7bf,2026-09-20T12:26:41+00:00,24474328_95,laurel,"gr10497b,gr10609b,gr10672b",p=1:t=14:c=14:m=64000M,1800.0,1800.0,64000
BBM/model_032.bnet,cyber/complement-gfp-plus-immutable,timeout,1794.43,1800.01,,,,262408,,,,,true,false,40,,,,,,,,,,,,,,,,cyber-complement-gfp-plus-immutable,final-comparison-and-ablation,0f8d662,565847fc-58d5-4b2d-96ec-a17ffb69e644,bceed70b9d3ec67ed89cb5c35b49b90624fd66315ab7d564fdbfcdcc9c3c820c,915bedc898c4a63fff6d74c9da29c14f21d1a6b0a7877cba4f915509a86b273c,28e3f0e88742b79f23e207717e804594dc9075191db40cb3df24f97fe388f7bf,2026-09-20T12:26:41+00:00,24474328_158,laurel,"gr10497b,gr10609b,gr10672b",p=1:t=14:c=14:m=64000M,1800.0,1800.0,64000
BBM/model_033.bnet,cyber/complement-gfp-plus-immutable,completed,0.055848,0.167978,,,,12632,,,,,false,false,24,1,1,19,102,,17,7,17,7,,,,,,lexical,cyber-complement-gfp-plus-immutable,final-comparison-and-ablation,0f8d662,565847fc-58d5-4b2d-96ec-a17ffb69e644,bceed70b9d3ec67ed89cb5c35b49b90624fd66315ab7d564fdbfcdcc9c3c820c,915bedc898c4a63fff6d74c9da29c14f21d1a6b0a7877cba4f915509a86b273c,28e3f0e88742b79f23e207717e804594dc9075191db40cb3df24f97fe388f7bf,2026-09-20T12:26:41+00:00,24474328_216,laurel,"gr10497b,gr10609b,gr10672b",p=1:t=14:c=14:m=64000M,1800.0,1800.0,64000
BBM/model_034.bnet,cyber/complement-gfp-plus-immutable,completed,0.219361,0.345233,,,,12584,,,,,false,false,23,1,1,20,122,,18,5,18,5,,,,,,lexical,cyber-complement-gfp-plus-immutable,final-comparison-and-ablation,0f8d662,565847fc-58d5-4b2d-96ec-a17ffb69e644,bceed70b9d3ec67ed89cb5c35b49b90624fd66315ab7d564fdbfcdcc9c3c820c,915bedc898c4a63fff6d74c9da29c14f21d1a6b0a7877cba4f915509a86b273c,28e3f0e88742b79f23e207717e804594dc9075191db40cb3df24f97fe388f7bf,2026-09-20T12:26:41+00:00,24474328_27,laurel,"gr10497b,gr10609b,gr10672b",p=1:t=14:c=14:m=64000M,1800.0,1800.0,64000
BBM/model_035.bnet,cyber/complement-gfp-plus-immutable,completed,0.061978,0.176314,,,,12560,,,,,false,false,16,1,1,11,48,,9,7,9,7,,,,,,lexical,cyber-complement-gfp-plus-immutable,final-comparison-and-ablation,0f8d662,565847fc-58d5-4b2d-96ec-a17ffb69e644,bceed70b9d3ec67ed89cb5c35b49b90624fd66315ab7d564fdbfcdcc9c3c820c,915bedc898c4a63fff6d74c9da29c14f21d1a6b0a7877cba4f915509a86b273c,28e3f0e88742b79f23e207717e804594dc9075191db40cb3df24f97fe388f7bf,2026-09-20T12:26:41+00:00,24474328_171,laurel,"gr10497b,gr10609b,gr10672b",p=1:t=14:c=14:m=64000M,1800.0,1800.0,64000
BBM/model_036.bnet,cyber/complement-gfp-plus-immutable,completed,0.056038,0.220089,,,,12628,,,,,false,false,16,1,1,13,54,,11,5,11,5,,,,,,lexical,cyber-complement-gfp-plus-immutable,final-comparison-and-ablation,0f8d662,565847fc-58d5-4b2d-96ec-a17ffb69e644,bceed70b9d3ec67ed89cb5c35b49b90624fd66315ab7d564fdbfcdcc9c3c820c,915bedc898c4a63fff6d74c9da29c14f21d1a6b0a7877cba4f915509a86b273c,28e3f0e88742b79f23e207717e804594dc9075191db40cb3df24f97fe388f7bf,2026-09-20T12:26:41+00:00,24474328_94,laurel,"gr10497b,gr10609b,gr10672b",p=1:t=14:c=14:m=64000M,1800.0,1800.0,64000
BBM/model_037.bnet,cyber/complement-gfp-plus-immutable,completed,0.061326,0.174482,,,,12596,,,,,false,false,16,1024,11,2,76,,10,6,10,6,,,,,,lexical,cyber-complement-gfp-plus-immutable,final-comparison-and-ablation,0f8d662,565847fc-58d5-4b2d-96ec-a17ffb69e644,bceed70b9d3ec67ed89cb5c35b49b90624fd66315ab7d564fdbfcdcc9c3c820c,915bedc898c4a63fff6d74c9da29c14f21d1a6b0a7877cba4f915509a86b273c,28e3f0e88742b79f23e207717e804594dc9075191db40cb3df24f97fe388f7bf,2026-09-20T12:26:41+00:00,24474328_119,laurel,"gr10497b,gr10609b,gr10672b",p=1:t=14:c=14:m=64000M,1800.0,1800.0,64000
BBM/model_038.bnet,cyber/complement-gfp-plus-immutable,completed,0.05666,0.1689,,,,12596,,,,,false,false,25,1,1,20,152,,18,7,18,7,,,,,,lexical,cyber-complement-gfp-plus-immutable,final-comparison-and-ablation,0f8d662,565847fc-58d5-4b2d-96ec-a17ffb69e644,bceed70b9d3ec67ed89cb5c35b49b90624fd66315ab7d564fdbfcdcc9c3c820c,915bedc898c4a63fff6d74c9da29c14f21d1a6b0a7877cba4f915509a86b273c,28e3f0e88742b79f23e207717e804594dc9075191db40cb3df24f97fe388f7bf,2026-09-20T12:26:41+00:00,24474328_106,laurel,"gr10497b,gr10609b,gr10672b",p=1:t=14:c=14:m=64000M,1800.0,1800.0,64000
BBM/model_039.bnet,cyber/complement-gfp-plus-immutable,timeout,1792.72,1800.01,,,,3311640,,,,,true,false,136,,,,,,,,,,,,,,,,,final-comparison-and-ablation,0f8d662,565847fc-58d5-4b2d-96ec-a17ffb69e644,bceed70b9d3ec67ed89cb5c35b49b90624fd66315ab7d564fdbfcdcc9c3c820c,915bedc898c4a63fff6d74c9da29c14f21d1a6b0a7877cba4f915509a86b273c,28e3f0e88742b79f23e207717e804594dc9075191db40cb3df24f97fe388f7bf,2026-09-20T12:26:41+00:00,24474328_19,laurel,"gr10497b,gr10609b,gr10672b",p=1:t=14:c=14:m=64000M,1800.0,1800.0,64000
BBM/model_040.bnet,cyber/complement-gfp-plus-immutable,completed,0.341627,0.454719,,,,12600,,,,,false,false,23,67584,67,10,3714,,19,4,19,4,,,,,,lexical,cyber-complement-gfp-plus-immutable,final-comparison-and-ablation,0f8d662,565847fc-58d5-4b2d-96ec-a17ffb69e644,bceed70b9d3ec67ed89cb5c35b49b90624fd66315ab7d564fdbfcdcc9c3c820c,915bedc898c4a63fff6d74c9da29c14f21d1a6b0a7877cba4f915509a86b273c,28e3f0e88742b79f23e207717e804594dc9075191db40cb3df24f97fe388f7bf,2026-09-20T12:26:41+00:00,24474328_172,laurel,"gr10497b,gr10609b,gr10672b",p=1:t=14:c=14:m=64000M,1800.0,1800.0,64000
BBM/model_041.bnet,cyber/complement-gfp-plus-immutable,timeout,1793.83,1800.01,,,,2624620,,,,,true,false,131,,,,,,,,,,,,,,,,,final-comparison-and-ablation,0f8d662,565847fc-58d5-4b2d-96ec-a17ffb69e644,bceed70b9d3ec67ed89cb5c35b49b90624fd66315ab7d564fdbfcdcc9c3c820c,915bedc898c4a63fff6d74c9da29c14f21d1a6b0a7877cba4f915509a86b273c,28e3f0e88742b79f23e207717e804594dc9075191db40cb3df24f97fe388f7bf,2026-09-20T12:26:41+00:00,24474328_162,laurel,"gr10497b,gr10609b,gr10672b",p=1:t=14:c=14:m=64000M,1800.0,1800.0,64000
BBM/model_042.bnet,cyber/complement-gfp-plus-immutable,completed,0.146884,0.282048,,,,12644,,,,,false,false,24,16384,31,2,732,,14,10,14,10,,,,,,lexical,cyber-complement-gfp-plus-immutable,final-comparison-and-ablation,0f8d662,565847fc-58d5-4b2d-96ec-a17ffb69e644,bceed70b9d3ec67ed89cb5c35b49b90624fd66315ab7d564fdbfcdcc9c3c820c,915bedc898c4a63fff6d74c9da29c14f21d1a6b0a7877cba4f915509a86b273c,28e3f0e88742b79f23e207717e804594dc9075191db40cb3df24f97fe388f7bf,2026-09-20T12:26:41+00:00,24474328_42,laurel,"gr10497b,gr10609b,gr10672b",p=1:t=14:c=14:m=64000M,1800.0,1800.0,64000
BBM/model_043.bnet,cyber/complement-gfp-plus-immutable,completed,1.85491,1.97423,,,,12604,,,,,false,false,33,40341504,62,107,12465,,33,0,33,0,,,,,,lexical,cyber-complement-gfp-plus-immutable,final-comparison-and-ablation,0f8d662,565847fc-58d5-4b2d-96ec-a17ffb69e644,bceed70b9d3ec67ed89cb5c35b49b90624fd66315ab7d564fdbfcdcc9c3c820c,915bedc898c4a63fff6d74c9da29c14f21d1a6b0a7877cba4f915509a86b273c,28e3f0e88742b79f23e207717e804594dc9075191db40cb3df24f97fe388f7bf,2026-09-20T12:26:41+00:00,24474328_16,laurel,"gr10497b,gr10609b,gr10672b",p=1:t=14:c=14:m=64000M,1800.0,1800.0,64000
BBM/model_044.bnet,cyber/complement-gfp-plus-immutable,completed,0.112418,0.224205,,,,12604,,,,,false,false,26,20480,26,16,915,,25,1,25,1,,,,,,lexical,cyber-complement-gfp-plus-immutable,final-comparison-and-ablation,0f8d662,565847fc-58d5-4b2d-96ec-a17ffb69e644,bceed70b9d3ec67ed89cb5c35b49b90624fd66315ab7d564fdbfcdcc9c3c820c,915bedc898c4a63fff6d74c9da29c14f21d1a6b0a7877cba4f915509a86b273c,28e3f0e88742b79f23e207717e804594dc9075191db40cb3df24f97fe388f7bf,2026-09-20T12:26:41+00:00,24474328_177,laurel,"gr10497b,gr10609b,gr10672b",p=1:t=14:c=14:m=64000M,1800.0,1800.0,64000
BBM/model_045.bnet,cyber/complement-gfp-plus-immutable,completed,0.097709,0.210714,,,,12612,,,,,false,false,24,2048,29,2,243,,11,13,11,13,,,,,,lexical,cyber-complement-gfp-plus-immutable,final-comparison-and-ablation,0f8d662,565847fc-58d5-4b2d-96ec-a17ffb69e644,bceed70b9d3ec67ed89cb5c35b49b90624fd66315ab7d564fdbfcdcc9c3c820c,915bedc898c4a63fff6d74c9da29c14f21d1a6b0a7877cba4f915509a86b273c,28e3f0e88742b79f23e207717e804594dc9075191db40cb3df24f97fe388f7bf,2026-09-20T12:26:41+00:00,24474328_21,laurel,"gr10497b,gr10609b,gr10672b",p=1:t=14:c=14:m=64000M,1800.0,1800.0,64000
BBM/model_046.bnet,cyber/complement-gfp-plus-immutable,completed,511.639,513.79,,,,173440,,,,,false,false,53,21743271936,127,49,721246,,52,1,52,1,,,,,,lexical,cyber-complement-gfp-plus-immutable,final-comparison-and-ablation,0f8d662,565847fc-58d5-4b2d-96ec-a17ffb69e644,bceed70b9d3ec67ed89cb5c35b49b90624fd66315ab7d564fdbfcdcc9c3c820c,915bedc898c4a63fff6d74c9da29c14f21d1a6b0a7877cba4f915509a86b273c,28e3f0e88742b79f23e207717e804594dc9075191db40cb3df24f97fe388f7bf,2026-09-20T12:26:41+00:00,24474328_44,laurel,"gr10497b,gr10609b,gr10672b",p=1:t=14:c=14:m=64000M,1800.0,1800.0,64000
BBM/model_047.bnet,cyber/complement-gfp-plus-immutable,completed,0.172468,0.293354,,,,12628,,,,,false,false,23,16384,47,2,806,,14,9,14,9,,,,,,lexical,cyber-complement-gfp-plus-immutable,final-comparison-and-ablation,0f8d662,565847fc-58d5-4b2d-96ec-a17ffb69e644,bceed70b9d3ec67ed89cb5c35b49b90624fd66315ab7d564fdbfcdcc9c3c820c,915bedc898c4a63fff6d74c9da29c14f21d1a6b0a7877cba4f915509a86b273c,28e3f0e88742b79f23e207717e804594dc9075191db40cb3df24f97fe388f7bf,2026-09-20T12:26:41+00:00,24474328_154,laurel,"gr10497b,gr10609b,gr10672b",p=1:t=14:c=14:m=64000M,1800.0,1800.0,64000
BBM/model_048.bnet,cyber/complement-gfp-plus-immutable,timeout,1794.97,1800.01,,,,1961784,,,,,true,false,73,,,,,,,,,,,,,,,,cyber-complement-gfp-plus-immutable,final-comparison-and-ablation,0f8d662,565847fc-58d5-4b2d-96ec-a17ffb69e644,bceed70b9d3ec67ed89cb5c35b49b90624fd66315ab7d564fdbfcdcc9c3c820c,915bedc898c4a63fff6d74c9da29c14f21d1a6b0a7877cba4f915509a86b273c,28e3f0e88742b79f23e207717e804594dc9075191db40cb3df24f97fe388f7bf,2026-09-20T12:26:41+00:00,24474328_38,laurel,"gr10497b,gr10609b,gr10672b",p=1:t=14:c=14:m=64000M,1800.0,1800.0,64000
BBM/model_049.bnet,cyber/complement-gfp-plus-immutable,completed,0.21451,0.329575,,,,12596,,,,,false,false,19,70720,59,23,1798,,18,1,18,1,,,,,,lexical,cyber-complement-gfp-plus-immutable,final-comparison-and-ablation,0f8d662,565847fc-58d5-4b2d-96ec-a17ffb69e644,bceed70b9d3ec67ed89cb5c35b49b90624fd66315ab7d564fdbfcdcc9c3c820c,915bedc898c4a63fff6d74c9da29c14f21d1a6b0a7877cba4f915509a86b273c,28e3f0e88742b79f23e207717e804594dc9075191db40cb3df24f97fe388f7bf,2026-09-20T12:26:41+00:00,24474328_191,laurel,"gr10497b,gr10609b,gr10672b",p=1:t=14:c=14:m=64000M,1800.0,1800.0,64000
BBM/model_050.bnet,cyber/complement-gfp-plus-immutable,timeout,1791.6,1800.2,,,,39347452,,,,,true,false,188,,,,,,,,,,,,,,,,,final-comparison-and-ablation,0f8d662,565847fc-58d5-4b2d-96ec-a17ffb69e644,bceed70b9d3ec67ed89cb5c35b49b90624fd66315ab7d564fdbfcdcc9c3c820c,915bedc898c4a63fff6d74c9da29c14f21d1a6b0a7877cba4f915509a86b273c,28e3f0e88742b79f23e207717e804594dc9075191db40cb3df24f97fe388f7bf,2026-09-20T12:26:41+00:00,24474328_51,laurel,"gr10497b,gr10609b,gr10672b",p=1:t=14:c=14:m=64000M,1800.0,1800.0,64000
BBM/model_051.bnet,cyber/complement-gfp-plus-immutable,completed,1048.9,1052.82,,,,180800,,,,,false,false,70,3320053760,167,283,697965,,69,1,69,1,,,,,,lexical,cyber-complement-gfp-plus-immutable,final-comparison-and-ablation,0f8d662,565847fc-58d5-4b2d-96ec-a17ffb69e644,bceed70b9d3ec67ed89cb5c35b49b90624fd66315ab7d564fdbfcdcc9c3c820c,915bedc898c4a63fff6d74c9da29c14f21d1a6b0a7877cba4f915509a86b273c,28e3f0e88742b79f23e207717e804594dc9075191db40cb3df24f97fe388f7bf,2026-09-20T12:26:41+00:00,24474328_164,laurel,"gr10497b,gr10609b,gr10672b",p=1:t=14:c=14:m=64000M,1800.0,1800.0,64000
BBM/model_052.bnet,cyber/complement-gfp-plus-immutable,completed,0.124813,0.237828,,,,12632,,,,,false,false,31,8192,21,12,567,,23,8,23,8,,,,,,lexical,cyber-complement-gfp-plus-immutable,final-comparison-and-ablation,0f8d662,565847fc-58d5-4b2d-96ec-a17ffb69e644,bceed70b9d3ec67ed89cb5c35b49b90624fd66315ab7d564fdbfcdcc9c3c820c,915bedc898c4a63fff6d74c9da29c14f21d1a6b0a7877cba4f915509a86b273c,28e3f0e88742b79f23e207717e804594dc9075191db40cb3df24f97fe388f7bf,2026-09-20T12:26:41+00:00,24474328_173,laurel,"gr10497b,gr10609b,gr10672b",p=1:t=14:c=14:m=64000M,1800.0,1800.0,64000
BBM/model_053.bnet,cyber/complement-gfp-plus-immutable,completed,0.086122,0.198931,,,,12596,,,,,false,false,15,368,17,17,190,,13,2,13,2,,,,,,lexical,cyber-complement-gfp-plus-immutable,final-comparison-and-ablation,0f8d662,565847fc-58d5-4b2d-96ec-a17ffb69e644,bceed70b9d3ec67ed89cb5c35b49b90624fd66315ab7d564fdbfcdcc9c3c820c,915bedc898c4a63fff6d74c9da29c14f21d1a6b0a7877cba4f915509a86b273c,28e3f0e88742b79f23e207717e804594dc9075191db40cb3df24f97fe388f7bf,2026-09-20T12:26:41+00:00,24474328_10,laurel,"gr10497b,gr10609b,gr10672b",p=1:t=14:c=14:m=64000M,1800.0,1800.0,64000
BBM/model_054.bnet,cyber/complement-gfp-plus-immutable,timeout,1791.25,1800.01,,,,2380484,,,,,true,false,62,,,,,,,,,,,,,,,,,final-comparison-and-ablation,0f8d662,565847fc-58d5-4b2d-96ec-a17ffb69e644,bceed70b9d3ec67ed89cb5c35b49b90624fd66315ab7d564fdbfcdcc9c3c820c,915bedc898c4a63fff6d74c9da29c14f21d1a6b0a7877cba4f915509a86b273c,28e3f0e88742b79f23e207717e804594dc9075191db40cb3df24f97fe388f7bf,2026-09-20T12:26:41+00:00,24474328_107,laurel,"gr10497b,gr10609b,gr10672b",p=1:t=14:c=14:m=64000M,1800.0,1800.0,64000
BBM/model_055.bnet,cyber/complement-gfp-plus-immutable,completed,0.413183,0.528688,,,,12564,,,,,false,false,19,118032,58,80,3771,,19,0,19,0,,,,,,lexical,cyber-complement-gfp-plus-immutable,final-comparison-and-ablation,0f8d662,565847fc-58d5-4b2d-96ec-a17ffb69e644,bceed70b9d3ec67ed89cb5c35b49b90624fd66315ab7d564fdbfcdcc9c3c820c,915bedc898c4a63fff6d74c9da29c14f21d1a6b0a7877cba4f915509a86b273c,28e3f0e88742b79f23e207717e804594dc9075191db40cb3df24f97fe388f7bf,2026-09-20T12:26:41+00:00,24474328_46,laurel,"gr10497b,gr10609b,gr10672b",p=1:t=14:c=14:m=64000M,1800.0,1800.0,64000
BBM/model_056.bnet,cyber/complement-gfp-plus-immutable,timeout,1790.46,1800.01,,,,1281032,,,,,true,false,91,,,,,,,,,,,,,,,,cyber-complement-gfp-plus-immutable,final-comparison-and-ablation,0f8d662,565847fc-58d5-4b2d-96ec-a17ffb69e644,bceed70b9d3ec67ed89cb5c35b49b90624fd66315ab7d564fdbfcdcc9c3c820c,915bedc898c4a63fff6d74c9da29c14f21d1a6b0a7877cba4f915509a86b273c,28e3f0e88742b79f23e207717e804594dc9075191db40cb3df24f97fe388f7bf,2026-09-20T12:26:41+00:00,24474328_7,laurel,"gr10497b,gr10609b,gr10672b",p=1:t=14:c=14:m=64000M,1800.0,1800.0,64000
BBM/model_059.bnet,cyber/complement-gfp-plus-immutable,completed,191.605,192.266,,,,64236,,,,,false,false,67,115964116992,144,50,206715,,62,5,62,5,,,,,,lexical,cyber-complement-gfp-plus-immutable,final-comparison-and-ablation,0f8d662,565847fc-58d5-4b2d-96ec-a17ffb69e644,bceed70b9d3ec67ed89cb5c35b49b90624fd66315ab7d564fdbfcdcc9c3c820c,915bedc898c4a63fff6d74c9da29c14f21d1a6b0a7877cba4f915509a86b273c,28e3f0e88742b79f23e207717e804594dc9075191db40cb3df24f97fe388f7bf,2026-09-20T12:26:41+00:00,24474328_101,laurel,"gr10497b,gr10609b,gr10672b",p=1:t=14:c=14:m=64000M,1800.0,1800.0,64000
BBM/model_060.bnet,cyber/complement-gfp-plus-immutable,completed,12.2605,12.4236,,,,13080,,,,,false,false,49,34359738368,83,11,53758,,44,5,44,5,,,,,,lexical,cyber-complement-gfp-plus-immutable,final-comparison-and-ablation,0f8d662,565847fc-58d5-4b2d-96ec-a17ffb69e644,bceed70b9d3ec67ed89cb5c35b49b90624fd66315ab7d564fdbfcdcc9c3c820c,915bedc898c4a63fff6d74c9da29c14f21d1a6b0a7877cba4f915509a86b273c,28e3f0e88742b79f23e207717e804594dc9075191db40cb3df24f97fe388f7bf,2026-09-20T12:26:41+00:00,24474328_89,laurel,"gr10497b,gr10609b,gr10672b",p=1:t=14:c=14:m=64000M,1800.0,1800.0,64000
BBM/model_061.bnet,cyber/complement-gfp-plus-immutable,completed,0.325313,0.441858,,,,12464,,,,,false,false,26,16384,78,12,1802,,24,2,24,2,,,,,,lexical,cyber-complement-gfp-plus-immutable,final-comparison-and-ablation,0f8d662,565847fc-58d5-4b2d-96ec-a17ffb69e644,bceed70b9d3ec67ed89cb5c35b49b90624fd66315ab7d564fdbfcdcc9c3c820c,915bedc898c4a63fff6d74c9da29c14f21d1a6b0a7877cba4f915509a86b273c,28e3f0e88742b79f23e207717e804594dc9075191db40cb3df24f97fe388f7bf,2026-09-20T12:26:41+00:00,24474328_201,laurel,"gr10497b,gr10609b,gr10672b",p=1:t=14:c=14:m=64000M,1800.0,1800.0,64000
BBM/model_062.bnet,cyber/complement-gfp-plus-immutable,completed,0.057867,0.171414,,,,12484,,,,,false,false,18,8,4,11,74,,12,6,12,6,,,,,,lexical,cyber-complement-gfp-plus-immutable,final-comparison-and-ablation,0f8d662,565847fc-58d5-4b2d-96ec-a17ffb69e644,bceed70b9d3ec67ed89cb5c35b49b90624fd66315ab7d564fdbfcdcc9c3c820c,915bedc898c4a63fff6d74c9da29c14f21d1a6b0a7877cba4f915509a86b273c,28e3f0e88742b79f23e207717e804594dc9075191db40cb3df24f97fe388f7bf,2026-09-20T12:26:41+00:00,24474328_58,laurel,"gr10497b,gr10609b,gr10672b",p=1:t=14:c=14:m=64000M,1800.0,1800.0,64000
BBM/model_063.bnet,cyber/complement-gfp-plus-immutable,completed,0.059636,0.173617,,,,12592,,,,,false,false,13,304,25,26,166,,10,3,10,3,,,,,,lexical,cyber-complement-gfp-plus-immutable,final-comparison-and-ablation,0f8d662,565847fc-58d5-4b2d-96ec-a17ffb69e644,bceed70b9d3ec67ed89cb5c35b49b90624fd66315ab7d564fdbfcdcc9c3c820c,915bedc898c4a63fff6d74c9da29c14f21d1a6b0a7877cba4f915509a86b273c,28e3f0e88742b79f23e207717e804594dc9075191db40cb3df24f97fe388f7bf,2026-09-20T12:26:41+00:00,24474328_111,laurel,"gr10497b,gr10609b,gr10672b",p=1:t=14:c=14:m=64000M,1800.0,1800.0,64000
BBM/model_064.bnet,cyber/complement-gfp-plus-immutable,completed,0.056499,0.169959,,,,12480,,,,,false,false,12,224,8,5,58,,8,4,8,4,,,,,,lexical,cyber-complement-gfp-plus-immutable,final-comparison-and-ablation,0f8d662,565847fc-58d5-4b2d-96ec-a17ffb69e644,bceed70b9d3ec67ed89cb5c35b49b90624fd66315ab7d564fdbfcdcc9c3c820c,915bedc898c4a63fff6d74c9da29c14f21d1a6b0a7877cba4f915509a86b273c,28e3f0e88742b79f23e207717e804594dc9075191db40cb3df24f97fe388f7bf,2026-09-20T12:26:41+00:00,24474328_73,laurel,"gr10497b,gr10609b,gr10672b",p=1:t=14:c=14:m=64000M,1800.0,1800.0,64000
BBM/model_065.bnet,cyber/complement-gfp-plus-immutable,completed,0.878316,0.994381,,,,12620,,,,,false,false,32,2097152,76,11,3572,,30,2,30,2,,,,,,lexical,cyber-complement-gfp-plus-immutable,final-comparison-and-ablation,0f8d662,565847fc-58d5-4b2d-96ec-a17ffb69e644,bceed70b9d3ec67ed89cb5c35b49b90624fd66315ab7d564fdbfcdcc9c3c820c,915bedc898c4a63fff6d74c9da29c14f21d1a6b0a7877cba4f915509a86b273c,28e3f0e88742b79f23e207717e804594dc9075191db40cb3df24f97fe388f7bf,2026-09-20T12:26:41+00:00,24474328_87,laurel,"gr10497b,gr10609b,gr10672b",p=1:t=14:c=14:m=64000M,1800.0,1800.0,64000
BBM/model_066.bnet,cyber/complement-gfp-plus-immutable,completed,1.39243,1.52338,,,,12644,,,,,false,false,38,262224,70,92,9992,,29,9,29,9,,,,,,lexical,cyber-complement-gfp-plus-immutable,final-comparison-and-ablation,0f8d662,565847fc-58d5-4b2d-96ec-a17ffb69e644,bceed70b9d3ec67ed89cb5c35b49b90624fd66315ab7d564fdbfcdcc9c3c820c,915bedc898c4a63fff6d74c9da29c14f21d1a6b0a7877cba4f915509a86b273c,28e3f0e88742b79f23e207717e804594dc9075191db40cb3df24f97fe388f7bf,2026-09-20T12:26:41+00:00,24474328_13,laurel,"gr10497b,gr10609b,gr10672b",p=1:t=14:c=14:m=64000M,1800.0,1800.0,64000
BBM/model_067.bnet,cyber/complement-gfp-plus-immutable,completed,0.129191,0.256807,,,,12600,,,,,false,false,13,280,19,12,123,,9,4,9,4,,,,,,lexical,cyber-complement-gfp-plus-immutable,final-comparison-and-ablation,0f8d662,565847fc-58d5-4b2d-96ec-a17ffb69e644,bceed70b9d3ec67ed89cb5c35b49b90624fd66315ab7d564fdbfcdcc9c3c820c,915bedc898c4a63fff6d74c9da29c14f21d1a6b0a7877cba4f915509a86b273c,28e3f0e88742b79f23e207717e804594dc9075191db40cb3df24f97fe388f7bf,2026-09-20T12:26:41+00:00,24474328_31,laurel,"gr10497b,gr10609b,gr10672b",p=1:t=14:c=14:m=64000M,1800.0,1800.0,64000
BBM/model_068.bnet,cyber/complement-gfp-plus-immutable,completed,0.187671,0.300327,,,,12536,,,,,false,false,23,4112,35,20,650,,19,4,19,4,,,,,,lexical,cyber-complement-gfp-plus-immutable,final-comparison-and-ablation,0f8d662,565847fc-58d5-4b2d-96ec-a17ffb69e644,bceed70b9d3ec67ed89cb5c35b49b90624fd66315ab7d564fdbfcdcc9c3c820c,915bedc898c4a63fff6d74c9da29c14f21d1a6b0a7877cba4f915509a86b273c,28e3f0e88742b79f23e207717e804594dc9075191db40cb3df24f97fe388f7bf,2026-09-20T12:26:41+00:00,24474328_29,laurel,"gr10497b,gr10609b,gr10672b",p=1:t=14:c=14:m=64000M,1800.0,1800.0,64000
BBM/model_070.bnet,cyber/complement-gfp-plus-immutable,completed,5.40141,5.53458,,,,12640,,,,,false,false,53,33554432,64,26,14364,,49,4,49,4,,,,,,lexical,cyber-complement-gfp-plus-immutable,final-comparison-and-ablation,0f8d662,565847fc-58d5-4b2d-96ec-a17ffb69e644,bceed70b9d3ec67ed89cb5c35b49b90624fd66315ab7d564fdbfcdcc9c3c820c,915bedc898c4a63fff6d74c9da29c14f21d1a6b0a7877cba4f915509a86b273c,28e3f0e88742b79f23e207717e804594dc9075191db40cb3df24f97fe388f7bf,2026-09-20T12:26:41+00:00,24474328_126,laurel,"gr10497b,gr10609b,gr10672b",p=1:t=14:c=14:m=64000M,1800.0,1800.0,64000
BBM/model_071.bnet,cyber/complement-gfp-plus-immutable,completed,6.41452,6.54552,,,,12956,,,,,false,false,42,268435456,91,2,46842,,28,14,28,14,,,,,,lexical,cyber-complement-gfp-plus-immutable,final-comparison-and-ablation,0f8d662,565847fc-58d5-4b2d-96ec-a17ffb69e644,bceed70b9d3ec67ed89cb5c35b49b90624fd66315ab7d564fdbfcdcc9c3c820c,915bedc898c4a63fff6d74c9da29c14f21d1a6b0a7877cba4f915509a86b273c,28e3f0e88742b79f23e207717e804594dc9075191db40cb3df24f97fe388f7bf,2026-09-20T12:26:41+00:00,24474328_30,laurel,"gr10497b,gr10609b,gr10672b",p=1:t=14:c=14:m=64000M,1800.0,1800.0,64000
BBM/model_072.bnet,cyber/complement-gfp-plus-immutable,timeout,1795.19,1800.02,,,,3568976,,,,,true,false,81,,,,,,,,,,,,,,,,,final-comparison-and-ablation,0f8d662,565847fc-58d5-4b2d-96ec-a17ffb69e644,bceed70b9d3ec67ed89cb5c35b49b90624fd66315ab7d564fdbfcdcc9c3c820c,915bedc898c4a63fff6d74c9da29c14f21d1a6b0a7877cba4f915509a86b273c,28e3f0e88742b79f23e207717e804594dc9075191db40cb3df24f97fe388f7bf,2026-09-20T12:26:41+00:00,24474328_213,laurel,"gr10497b,gr10609b,gr10672b",p=1:t=14:c=14:m=64000M,1800.0,1800.0,64000
BBM/model_073.bnet,cyber/complement-gfp-plus-immutable,completed,0.20557,0.317791,,,,12552,,,,,false,false,33,87552,30,83,1737,,31,2,31,2,,,,,,lexical,cyber-complement-gfp-plus-immutable,final-comparison-and-ablation,0f8d662,565847fc-58d5-4b2d-96ec-a17ffb69e644,bceed70b9d3ec67ed89cb5c35b49b90624fd66315ab7d564fdbfcdcc9c3c820c,915bedc898c4a63fff6d74c9da29c14f21d1a6b0a7877cba4f915509a86b273c,28e3f0e88742b79f23e207717e804594dc9075191db40cb3df24f97fe388f7bf,2026-09-20T12:26:41+00:00,24474328_144,laurel,"gr10497b,gr10609b,gr10672b",p=1:t=14:c=14:m=64000M,1800.0,1800.0,64000
BBM/model_074.bnet,cyber/complement-gfp-plus-immutable,completed,0.139993,0.252231,,,,12600,,,,,false,false,18,131072,18,3,187,,18,0,18,0,,,,,,lexical,cyber-complement-gfp-plus-immutable,final-comparison-and-ablation,0f8d662,565847fc-58d5-4b2d-96ec-a17ffb69e644,bceed70b9d3ec67ed89cb5c35b49b90624fd66315ab7d564fdbfcdcc9c3c820c,915bedc898c4a63fff6d74c9da29c14f21d1a6b0a7877cba4f915509a86b273c,28e3f0e88742b79f23e207717e804594dc9075191db40cb3df24f97fe388f7bf,2026-09-20T12:26:41+00:00,24474328_80,laurel,"gr10497b,gr10609b,gr10672b",p=1:t=14:c=14:m=64000M,1800.0,1800.0,64000
BBM/model_076.bnet,cyber/complement-gfp-plus-immutable,timeout,1793.16,1800.01,,,,1785844,,,,,true,false,51,,,,,,,,,,,,,,,,,final-comparison-and-ablation,0f8d662,565847fc-58d5-4b2d-96ec-a17ffb69e644,bceed70b9d3ec67ed89cb5c35b49b90624fd66315ab7d564fdbfcdcc9c3c820c,915bedc898c4a63fff6d74c9da29c14f21d1a6b0a7877cba4f915509a86b273c,28e3f0e88742b79f23e207717e804594dc9075191db40cb3df24f97fe388f7bf,2026-09-20T12:26:41+00:00,24474328_200,laurel,"gr10497b,gr10609b,gr10672b",p=1:t=14:c=14:m=64000M,1800.0,1800.0,64000
BBM/model_077.bnet,cyber/complement-gfp-plus-immutable,completed,637.569,640.884,,,,232120,,,,,false,false,66,70368744177664,159,9,567999,,53,13,53,13,,,,,,lexical,cyber-complement-gfp-plus-immutable,final-comparison-and-ablation,0f8d662,565847fc-58d5-4b2d-96ec-a17ffb69e644,bceed70b9d3ec67ed89cb5c35b49b90624fd66315ab7d564fdbfcdcc9c3c820c,915bedc898c4a63fff6d74c9da29c14f21d1a6b0a7877cba4f915509a86b273c,28e3f0e88742b79f23e207717e804594dc9075191db40cb3df24f97fe388f7bf,2026-09-20T12:26:41+00:00,24474328_210,laurel,"gr10497b,gr10609b,gr10672b",p=1:t=14:c=14:m=64000M,1800.0,1800.0,64000
BBM/model_078.bnet,cyber/complement-gfp-plus-immutable,timeout,1794.79,1800.01,,,,3272904,,,,,true,false,164,,,,,,,,,,,,,,,,cyber-complement-gfp-plus-immutable,final-comparison-and-ablation,0f8d662,565847fc-58d5-4b2d-96ec-a17ffb69e644,bceed70b9d3ec67ed89cb5c35b49b90624fd66315ab7d564fdbfcdcc9c3c820c,915bedc898c4a63fff6d74c9da29c14f21d1a6b0a7877cba4f915509a86b273c,28e3f0e88742b79f23e207717e804594dc9075191db40cb3df24f97fe388f7bf,2026-09-20T12:26:41+00:00,24474328_212,laurel,"gr10497b,gr10609b,gr10672b",p=1:t=14:c=14:m=64000M,1800.0,1800.0,64000
BBM/model_079.bnet,cyber/complement-gfp-plus-immutable,timeout,1794.72,1800.24,,,,51327064,,,,,true,false,197,,,,,,,,,,,,,,,,,final-comparison-and-ablation,0f8d662,565847fc-58d5-4b2d-96ec-a17ffb69e644,bceed70b9d3ec67ed89cb5c35b49b90624fd66315ab7d564fdbfcdcc9c3c820c,915bedc898c4a63fff6d74c9da29c14f21d1a6b0a7877cba4f915509a86b273c,28e3f0e88742b79f23e207717e804594dc9075191db40cb3df24f97fe388f7bf,2026-09-20T12:26:41+00:00,24474328_96,laurel,"gr10497b,gr10609b,gr10672b",p=1:t=14:c=14:m=64000M,1800.0,1800.0,64000
BBM/model_080.bnet,cyber/complement-gfp-plus-immutable,timeout,1792.4,1800.01,,,,2667576,,,,,true,false,110,,,,,,,,,,,,,,,,,final-comparison-and-ablation,0f8d662,565847fc-58d5-4b2d-96ec-a17ffb69e644,bceed70b9d3ec67ed89cb5c35b49b90624fd66315ab7d564fdbfcdcc9c3c820c,915bedc898c4a63fff6d74c9da29c14f21d1a6b0a7877cba4f915509a86b273c,28e3f0e88742b79f23e207717e804594dc9075191db40cb3df24f97fe388f7bf,2026-09-20T12:26:41+00:00,24474328_76,laurel,"gr10497b,gr10609b,gr10672b",p=1:t=14:c=14:m=64000M,1800.0,1800.0,64000
BBM/model_081.bnet,cyber/complement-gfp-plus-immutable,completed,182.574,183.174,,,,62216,,,,,false,false,42,2952790016,219,49,247848,,40,2,40,2,,,,,,lexical,cyber-complement-gfp-plus-immutable,final-comparison-and-ablation,0f8d662,565847fc-58d5-4b2d-96ec-a17ffb69e644,bceed70b9d3ec67ed89cb5c35b49b90624fd66315ab7d564fdbfcdcc9c3c820c,915bedc898c4a63fff6d74c9da29c14f21d1a6b0a7877cba4f915509a86b273c,28e3f0e88742b79f23e207717e804594dc9075191db40cb3df24f97fe388f7bf,2026-09-20T12:26:41+00:00,24474328_64,laurel,"gr10497b,gr10609b,gr10672b",p=1:t=14:c=14:m=64000M,1800.0,1800.0,64000
BBM/model_082.bnet,cyber/complement-gfp-plus-immutable,timeout,1795.14,1800.01,,,,2536932,,,,,true,false,128,,,,,,,,,,,,,,,,,final-comparison-and-ablation,0f8d662,565847fc-58d5-4b2d-96ec-a17ffb69e644,bceed70b9d3ec67ed89cb5c35b49b90624fd66315ab7d564fdbfcdcc9c3c820c,915bedc898c4a63fff6d74c9da29c14f21d1a6b0a7877cba4f915509a86b273c,28e3f0e88742b79f23e207717e804594dc9075191db40cb3df24f97fe388f7bf,2026-09-20T12:26:41+00:00,24474328_127,laurel,"gr10497b,gr10609b,gr10672b",p=1:t=14:c=14:m=64000M,1800.0,1800.0,64000
BBM/model_083.bnet,cyber/complement-gfp-plus-immutable,timeout,1793.46,1800.01,,,,2390252,,,,,true,false,133,,,,,,,,,,,,,,,,,final-comparison-and-ablation,0f8d662,565847fc-58d5-4b2d-96ec-a17ffb69e644,bceed70b9d3ec67ed89cb5c35b49b90624fd66315ab7d564fdbfcdcc9c3c820c,915bedc898c4a63fff6d74c9da29c14f21d1a6b0a7877cba4f915509a86b273c,28e3f0e88742b79f23e207717e804594dc9075191db40cb3df24f97fe388f7bf,2026-09-20T12:26:41+00:00,24474328_49,laurel,"gr10497b,gr10609b,gr10672b",p=1:t=14:c=14:m=64000M,1800.0,1800.0,64000
BBM/model_084.bnet,cyber/complement-gfp-plus-immutable,completed,1454.58,1458.88,,,,780560,,,,,false,false,81,1649267441664,101,22,2566099,,58,23,58,23,,,,,,lexical,cyber-complement-gfp-plus-immutable,final-comparison-and-ablation,0f8d662,565847fc-58d5-4b2d-96ec-a17ffb69e644,bceed70b9d3ec67ed89cb5c35b49b90624fd66315ab7d564fdbfcdcc9c3c820c,915bedc898c4a63fff6d74c9da29c14f21d1a6b0a7877cba4f915509a86b273c,28e3f0e88742b79f23e207717e804594dc9075191db40cb3df24f97fe388f7bf,2026-09-20T12:26:41+00:00,24474328_196,laurel,"gr10497b,gr10609b,gr10672b",p=1:t=14:c=14:m=64000M,1800.0,1800.0,64000
BBM/model_085.bnet,cyber/complement-gfp-plus-immutable,completed,0.607211,0.720297,,,,12620,,,,,false,false,27,98304,60,29,4592,,23,4,23,4,,,,,,lexical,cyber-complement-gfp-plus-immutable,final-comparison-and-ablation,0f8d662,565847fc-58d5-4b2d-96ec-a17ffb69e644,bceed70b9d3ec67ed89cb5c35b49b90624fd66315ab7d564fdbfcdcc9c3c820c,915bedc898c4a63fff6d74c9da29c14f21d1a6b0a7877cba4f915509a86b273c,28e3f0e88742b79f23e207717e804594dc9075191db40cb3df24f97fe388f7bf,2026-09-20T12:26:41+00:00,24474328_47,laurel,"gr10497b,gr10609b,gr10672b",p=1:t=14:c=14:m=64000M,1800.0,1800.0,64000
BBM/model_086.bnet,cyber/complement-gfp-plus-immutable,completed,0.087887,0.201027,,,,12636,,,,,false,false,20,11264,27,15,616,,18,2,18,2,,,,,,lexical,cyber-complement-gfp-plus-immutable,final-comparison-and-ablation,0f8d662,565847fc-58d5-4b2d-96ec-a17ffb69e644,bceed70b9d3ec67ed89cb5c35b49b90624fd66315ab7d564fdbfcdcc9c3c820c,915bedc898c4a63fff6d74c9da29c14f21d1a6b0a7877cba4f915509a86b273c,28e3f0e88742b79f23e207717e804594dc9075191db40cb3df24f97fe388f7bf,2026-09-20T12:26:41+00:00,24474328_170,laurel,"gr10497b,gr10609b,gr10672b",p=1:t=14:c=14:m=64000M,1800.0,1800.0,64000
BBM/model_087.bnet,cyber/complement-gfp-plus-immutable,timeout,1795.31,1800.01,,,,2431324,,,,,true,false,133,,,,,,,,,,,,,,,,,final-comparison-and-ablation,0f8d662,565847fc-58d5-4b2d-96ec-a17ffb69e644,bceed70b9d3ec67ed89cb5c35b49b90624fd66315ab7d564fdbfcdcc9c3c820c,915bedc898c4a63fff6d74c9da29c14f21d1a6b0a7877cba4f915509a86b273c,28e3f0e88742b79f23e207717e804594dc9075191db40cb3df24f97fe388f7bf,2026-09-20T12:26:41+00:00,24474328_41,laurel,"gr10497b,gr10609b,gr10672b",p=1:t=14:c=14:m=64000M,1800.0,1800.0,64000
BBM/model_088.bnet,cyber/complement-gfp-plus-immutable,completed,0.054552,0.165832,,,,12600,,,,,false,false,6,1,1,8,32,,6,0,6,0,,,,,,lexical,cyber-complement-gfp-plus-immutable,final-comparison-and-ablation,0f8d662,565847fc-58d5-4b2d-96ec-a17ffb69e644,bceed70b9d3ec67ed89cb5c35b49b90624fd66315ab7d564fdbfcdcc9c3c820c,915bedc898c4a63fff6d74c9da29c14f21d1a6b0a7877cba4f915509a86b273c,28e3f0e88742b79f23e207717e804594dc9075191db40cb3df24f97fe388f7bf,2026-09-20T12:26:41+00:00,24474328_138,laurel,"gr10497b,gr10609b,gr10672b",p=1:t=14:c=14:m=64000M,1800.0,1800.0,64000
BBM/model_089.bnet,cyber/complement-gfp-plus-immutable,completed,0.059427,0.173712,,,,12544,,,,,false,false,17,128,9,8,109,,13,4,13,4,,,,,,lexical,cyber-complement-gfp-plus-immutable,final-comparison-and-ablation,0f8d662,565847fc-58d5-4b2d-96ec-a17ffb69e644,bceed70b9d3ec67ed89cb5c35b49b90624fd66315ab7d564fdbfcdcc9c3c820c,915bedc898c4a63fff6d74c9da29c14f21d1a6b0a7877cba4f915509a86b273c,28e3f0e88742b79f23e207717e804594dc9075191db40cb3df24f97fe388f7bf,2026-09-20T12:26:41+00:00,24474328_131,laurel,"gr10497b,gr10609b,gr10672b",p=1:t=14:c=14:m=64000M,1800.0,1800.0,64000
BBM/model_090.bnet,cyber/complement-gfp-plus-immutable,completed,0.063299,0.184401,,,,12596,,,,,false,false,18,32,7,11,87,,14,4,14,4,,,,,,lexical,cyber-complement-gfp-plus-immutable,final-comparison-and-ablation,0f8d662,565847fc-58d5-4b2d-96ec-a17ffb69e644,bceed70b9d3ec67ed89cb5c35b49b90624fd66315ab7d564fdbfcdcc9c3c820c,915bedc898c4a63fff6d74c9da29c14f21d1a6b0a7877cba4f915509a86b273c,28e3f0e88742b79f23e207717e804594dc9075191db40cb3df24f97fe388f7bf,2026-09-20T12:26:41+00:00,24474328_2,laurel,"gr10497b,gr10609b,gr10672b",p=1:t=14:c=14:m=64000M,1800.0,1800.0,64000
BBM/model_091.bnet,cyber/complement-gfp-plus-immutable,completed,0.057552,0.169487,,,,12584,,,,,false,false,16,32,6,9,62,,12,4,12,4,,,,,,lexical,cyber-complement-gfp-plus-immutable,final-comparison-and-ablation,0f8d662,565847fc-58d5-4b2d-96ec-a17ffb69e644,bceed70b9d3ec67ed89cb5c35b49b90624fd66315ab7d564fdbfcdcc9c3c820c,915bedc898c4a63fff6d74c9da29c14f21d1a6b0a7877cba4f915509a86b273c,28e3f0e88742b79f23e207717e804594dc9075191db40cb3df24f97fe388f7bf,2026-09-20T12:26:41+00:00,24474328_142,laurel,"gr10497b,gr10609b,gr10672b",p=1:t=14:c=14:m=64000M,1800.0,1800.0,64000
BBM/model_092.bnet,cyber/complement-gfp-plus-immutable,timeout,1790.63,1800.01,,,,2611636,,,,,true,false,69,,,,,,,,,,,,,,,,,final-comparison-and-ablation,0f8d662,565847fc-58d5-4b2d-96ec-a17ffb69e644,bceed70b9d3ec67ed89cb5c35b49b90624fd66315ab7d564fdbfcdcc9c3c820c,915bedc898c4a63fff6d74c9da29c14f21d1a6b0a7877cba4f915509a86b273c,28e3f0e88742b79f23e207717e804594dc9075191db40cb3df24f97fe388f7bf,2026-09-20T12:26:41+00:00,24474328_175,laurel,"gr10497b,gr10609b,gr10672b",p=1:t=14:c=14:m=64000M,1800.0,1800.0,64000
BBM/model_093.bnet,cyber/complement-gfp-plus-immutable,completed,1436.35,1442.58,,,,459564,,,,,false,false,66,22717222912,156,2279,2144686,,51,15,51,15,,,,,,lexical,cyber-complement-gfp-plus-immutable,final-comparison-and-ablation,0f8d662,565847fc-58d5-4b2d-96ec-a17ffb69e644,bceed70b9d3ec67ed89cb5c35b49b90624fd66315ab7d564fdbfcdcc9c3c820c,915bedc898c4a63fff6d74c9da29c14f21d1a6b0a7877cba4f915509a86b273c,28e3f0e88742b79f23e207717e804594dc9075191db40cb3df24f97fe388f7bf,2026-09-20T12:26:41+00:00,24474328_43,laurel,"gr10497b,gr10609b,gr10672b",p=1:t=14:c=14:m=64000M,1800.0,1800.0,64000
BBM/model_094.bnet,cyber/complement-gfp-plus-immutable,completed,0.084214,0.199107,,,,12632,,,,,false,false,30,1024,27,15,517,,23,7,23,7,,,,,,lexical,cyber-complement-gfp-plus-immutable,final-comparison-and-ablation,0f8d662,565847fc-58d5-4b2d-96ec-a17ffb69e644,bceed70b9d3ec67ed89cb5c35b49b90624fd66315ab7d564fdbfcdcc9c3c820c,915bedc898c4a63fff6d74c9da29c14f21d1a6b0a7877cba4f915509a86b273c,28e3f0e88742b79f23e207717e804594dc9075191db40cb3df24f97fe388f7bf,2026-09-20T12:26:41+00:00,24474328_0,laurel,"gr10497b,gr10609b,gr10672b",p=1:t=14:c=14:m=64000M,1800.0,1800.0,64000
BBM/model_095.bnet,cyber/complement-gfp-plus-immutable,completed,0.058164,0.175177,,,,12632,,,,,false,false,10,1,1,11,33,,9,1,9,1,,,,,,lexical,cyber-complement-gfp-plus-immutable,final-comparison-and-ablation,0f8d662,565847fc-58d5-4b2d-96ec-a17ffb69e644,bceed70b9d3ec67ed89cb5c35b49b90624fd66315ab7d564fdbfcdcc9c3c820c,915bedc898c4a63fff6d74c9da29c14f21d1a6b0a7877cba4f915509a86b273c,28e3f0e88742b79f23e207717e804594dc9075191db40cb3df24f97fe388f7bf,2026-09-20T12:26:41+00:00,24474328_108,laurel,"gr10497b,gr10609b,gr10672b",p=1:t=14:c=14:m=64000M,1800.0,1800.0,64000
BBM/model_096.bnet,cyber/complement-gfp-plus-immutable,completed,0.410756,0.623445,,,,12564,,,,,false,false,20,337920,56,24,5930,,19,1,19,1,,,,,,lexical,cyber-complement-gfp-plus-immutable,final-comparison-and-ablation,0f8d662,565847fc-58d5-4b2d-96ec-a17ffb69e644,bceed70b9d3ec67ed89cb5c35b49b90624fd66315ab7d564fdbfcdcc9c3c820c,915bedc898c4a63fff6d74c9da29c14f21d1a6b0a7877cba4f915509a86b273c,28e3f0e88742b79f23e207717e804594dc9075191db40cb3df24f97fe388f7bf,2026-09-20T12:26:41+00:00,24474328_160,laurel,"gr10497b,gr10609b,gr10672b",p=1:t=14:c=14:m=64000M,1800.0,1800.0,64000
BBM/model_097.bnet,cyber/complement-gfp-plus-immutable,completed,0.055914,0.168045,,,,12548,,,,,false,false,10,256,13,2,92,,8,2,8,2,,,,,,lexical,cyber-complement-gfp-plus-immutable,final-comparison-and-ablation,0f8d662,565847fc-58d5-4b2d-96ec-a17ffb69e644,bceed70b9d3ec67ed89cb5c35b49b90624fd66315ab7d564fdbfcdcc9c3c820c,915bedc898c4a63fff6d74c9da29c14f21d1a6b0a7877cba4f915509a86b273c,28e3f0e88742b79f23e207717e804594dc9075191db40cb3df24f97fe388f7bf,2026-09-20T12:26:41+00:00,24474328_180,laurel,"gr10497b,gr10609b,gr10672b",p=1:t=14:c=14:m=64000M,1800.0,1800.0,64000
BBM/model_098.bnet,cyber/complement-gfp-plus-immutable,completed,0.095742,0.209681,,,,12592,,,,,false,false,42,1280,17,31,376,,30,12,30,12,,,,,,lexical,cyber-complement-gfp-plus-immutable,final-comparison-and-ablation,0f8d662,565847fc-58d5-4b2d-96ec-a17ffb69e644,bceed70b9d3ec67ed89cb5c35b49b90624fd66315ab7d564fdbfcdcc9c3c820c,915bedc898c4a63fff6d74c9da29c14f21d1a6b0a7877cba4f915509a86b273c,28e3f0e88742b79f23e207717e804594dc9075191db40cb3df24f97fe388f7bf,2026-09-20T12:26:41+00:00,24474328_26,laurel,"gr10497b,gr10609b,gr10672b",p=1:t=14:c=14:m=64000M,1800.0,1800.0,64000
BBM/model_099.bnet,cyber/complement-gfp-plus-immutable,completed,0.066971,0.178598,,,,12608,,,,,false,false,19,2048,20,7,509,,16,3,16,3,,,,,,lexical,cyber-complement-gfp-plus-immutable,final-comparison-and-ablation,0f8d662,565847fc-58d5-4b2d-96ec-a17ffb69e644,bceed70b9d3ec67ed89cb5c35b49b90624fd66315ab7d564fdbfcdcc9c3c820c,915bedc898c4a63fff6d74c9da29c14f21d1a6b0a7877cba4f915509a86b273c,28e3f0e88742b79f23e207717e804594dc9075191db40cb3df24f97fe388f7bf,2026-09-20T12:26:41+00:00,24474328_195,laurel,"gr10497b,gr10609b,gr10672b",p=1:t=14:c=14:m=64000M,1800.0,1800.0,64000
BBM/model_100.bnet,cyber/complement-gfp-plus-immutable,completed,0.304415,0.417755,,,,12592,,,,,false,false,21,262144,42,2,7159,,18,3,18,3,,,,,,lexical,cyber-complement-gfp-plus-immutable,final-comparison-and-ablation,0f8d662,565847fc-58d5-4b2d-96ec-a17ffb69e644,bceed70b9d3ec67ed89cb5c35b49b90624fd66315ab7d564fdbfcdcc9c3c820c,915bedc898c4a63fff6d74c9da29c14f21d1a6b0a7877cba4f915509a86b273c,28e3f0e88742b79f23e207717e804594dc9075191db40cb3df24f97fe388f7bf,2026-09-20T12:26:41+00:00,24474328_168,laurel,"gr10497b,gr10609b,gr10672b",p=1:t=14:c=14:m=64000M,1800.0,1800.0,64000
BBM/model_101.bnet,cyber/complement-gfp-plus-immutable,completed,1515.9,1521.36,,,,739656,,,,,false,false,85,3710851743744,99,40,2615893,,61,24,61,24,,,,,,lexical,cyber-complement-gfp-plus-immutable,final-comparison-and-ablation,0f8d662,565847fc-58d5-4b2d-96ec-a17ffb69e644,bceed70b9d3ec67ed89cb5c35b49b90624fd66315ab7d564fdbfcdcc9c3c820c,915bedc898c4a63fff6d74c9da29c14f21d1a6b0a7877cba4f915509a86b273c,28e3f0e88742b79f23e207717e804594dc9075191db40cb3df24f97fe388f7bf,2026-09-20T12:26:41+00:00,24474328_135,laurel,"gr10497b,gr10609b,gr10672b",p=1:t=14:c=14:m=64000M,1800.0,1800.0,64000
BBM/model_102.bnet,cyber/complement-gfp-plus-immutable,completed,0.064065,0.254219,,,,12528,,,,,false,false,22,1024,14,9,208,,17,5,17,5,,,,,,lexical,cyber-complement-gfp-plus-immutable,final-comparison-and-ablation,0f8d662,565847fc-58d5-4b2d-96ec-a17ffb69e644,bceed70b9d3ec67ed89cb5c35b49b90624fd66315ab7d564fdbfcdcc9c3c820c,915bedc898c4a63fff6d74c9da29c14f21d1a6b0a7877cba4f915509a86b273c,28e3f0e88742b79f23e207717e804594dc9075191db40cb3df24f97fe388f7bf,2026-09-20T12:26:41+00:00,24474328_117,laurel,"gr10497b,gr10609b,gr10672b",p=1:t=14:c=14:m=64000M,1800.0,1800.0,64000
BBM/model_103.bnet,cyber/complement-gfp-plus-immutable,timeout,1792.26,1800.01,,,,2520032,,,,,true,false,69,,,,,,,,,,,,,,,,,final-comparison-and-ablation,0f8d662,565847fc-58d5-4b2d-96ec-a17ffb69e644,bceed70b9d3ec67ed89cb5c35b49b90624fd66315ab7d564fdbfcdcc9c3c820c,915bedc898c4a63fff6d74c9da29c14f21d1a6b0a7877cba4f915509a86b273c,28e3f0e88742b79f23e207717e804594dc9075191db40cb3df24f97fe388f7bf,2026-09-20T12:26:41+00:00,24474328_74,laurel,"gr10497b,gr10609b,gr10672b",p=1:t=14:c=14:m=64000M,1800.0,1800.0,64000
BBM/model_104.bnet,cyber/complement-gfp-plus-immutable,completed,0.058977,0.172707,,,,12588,,,,,false,false,14,128,9,12,81,,11,3,11,3,,,,,,lexical,cyber-complement-gfp-plus-immutable,final-comparison-and-ablation,0f8d662,565847fc-58d5-4b2d-96ec-a17ffb69e644,bceed70b9d3ec67ed89cb5c35b49b90624fd66315ab7d564fdbfcdcc9c3c820c,915bedc898c4a63fff6d74c9da29c14f21d1a6b0a7877cba4f915509a86b273c,28e3f0e88742b79f23e207717e804594dc9075191db40cb3df24f97fe388f7bf,2026-09-20T12:26:41+00:00,24474328_185,laurel,"gr10497b,gr10609b,gr10672b",p=1:t=14:c=14:m=64000M,1800.0,1800.0,64000
BBM/model_105.bnet,cyber/complement-gfp-plus-immutable,completed,12.6366,12.7908,,,,19616,,,,,false,false,49,140443648,66,72,62149,,46,3,46,3,,,,,,lexical,cyber-complement-gfp-plus-immutable,final-comparison-and-ablation,0f8d662,565847fc-58d5-4b2d-96ec-a17ffb69e644,bceed70b9d3ec67ed89cb5c35b49b90624fd66315ab7d564fdbfcdcc9c3c820c,915bedc898c4a63fff6d74c9da29c14f21d1a6b0a7877cba4f915509a86b273c,28e3f0e88742b79f23e207717e804594dc9075191db40cb3df24f97fe388f7bf,2026-09-20T12:26:41+00:00,24474328_116,laurel,"gr10497b,gr10609b,gr10672b",p=1:t=14:c=14:m=64000M,1800.0,1800.0,64000
BBM/model_106.bnet,cyber/complement-gfp-plus-immutable,timeout,1791.92,1800.01,,,,1353460,,,,,true,false,80,,,,,,,,,,,,,,,,,final-comparison-and-ablation,0f8d662,565847fc-58d5-4b2d-96ec-a17ffb69e644,bceed70b9d3ec67ed89cb5c35b49b90624fd66315ab7d564fdbfcdcc9c3c820c,915bedc898c4a63fff6d74c9da29c14f21d1a6b0a7877cba4f915509a86b273c,28e3f0e88742b79f23e207717e804594dc9075191db40cb3df24f97fe388f7bf,2026-09-20T12:26:41+00:00,24474328_198,laurel,"gr10497b,gr10609b,gr10672b",p=1:t=14:c=14:m=64000M,1800.0,1800.0,64000
BBM/model_107.bnet,cyber/complement-gfp-plus-immutable,completed,2.1119,2.22891,,,,12608,,,,,false,false,33,2785280,45,68,24737,,32,1,32,1,,,,,,lexical,cyber-complement-gfp-plus-immutable,final-comparison-and-ablation,0f8d662,565847fc-58d5-4b2d-96ec-a17ffb69e644,bceed70b9d3ec67ed89cb5c35b49b90624fd66315ab7d564fdbfcdcc9c3c820c,915bedc898c4a63fff6d74c9da29c14f21d1a6b0a7877cba4f915509a86b273c,28e3f0e88742b79f23e207717e804594dc9075191db40cb3df24f97fe388f7bf,2026-09-20T12:26:41+00:00,24474328_98,laurel,"gr10497b,gr10609b,gr10672b",p=1:t=14:c=14:m=64000M,1800.0,1800.0,64000
BBM/model_108.bnet,cyber/complement-gfp-plus-immutable,completed,0.254691,0.367858,,,,12528,,,,,false,false,25,17472,53,37,2072,,23,2,23,2,,,,,,lexical,cyber-complement-gfp-plus-immutable,final-comparison-and-ablation,0f8d662,565847fc-58d5-4b2d-96ec-a17ffb69e644,bceed70b9d3ec67ed89cb5c35b49b90624fd66315ab7d564fdbfcdcc9c3c820c,915bedc898c4a63fff6d74c9da29c14f21d1a6b0a7877cba4f915509a86b273c,28e3f0e88742b79f23e207717e804594dc9075191db40cb3df24f97fe388f7bf,2026-09-20T12:26:41+00:00,24474328_206,laurel,"gr10497b,gr10609b,gr10672b",p=1:t=14:c=14:m=64000M,1800.0,1800.0,64000
BBM/model_109.bnet,cyber/complement-gfp-plus-immutable,completed,0.062722,0.180553,,,,12624,,,,,false,false,5,5,3,10,27,,5,0,5,0,,,,,,lexical,cyber-complement-gfp-plus-immutable,final-comparison-and-ablation,0f8d662,565847fc-58d5-4b2d-96ec-a17ffb69e644,bceed70b9d3ec67ed89cb5c35b49b90624fd66315ab7d564fdbfcdcc9c3c820c,915bedc898c4a63fff6d74c9da29c14f21d1a6b0a7877cba4f915509a86b273c,28e3f0e88742b79f23e207717e804594dc9075191db40cb3df24f97fe388f7bf,2026-09-20T12:26:41+00:00,24474328_17,laurel,"gr10497b,gr10609b,gr10672b",p=1:t=14:c=14:m=64000M,1800.0,1800.0,64000
BBM/model_110.bnet,cyber/complement-gfp-plus-immutable,completed,0.190575,0.497234,,,,12636,,,,,false,false,9,192,25,6,73,,9,0,9,0,,,,,,lexical,cyber-complement-gfp-plus-immutable,final-comparison-and-ablation,0f8d662,565847fc-58d5-4b2d-96ec-a17ffb69e644,bceed70b9d3ec67ed89cb5c35b49b90624fd66315ab7d564fdbfcdcc9c3c820c,915bedc898c4a63fff6d74c9da29c14f21d1a6b0a7877cba4f915509a86b273c,28e3f0e88742b79f23e207717e804594dc9075191db40cb3df24f97fe388f7bf,2026-09-20T12:26:41+00:00,24474328_77,laurel,"gr10497b,gr10609b,gr10672b",p=1:t=14:c=14:m=64000M,1800.0,1800.0,64000
BBM/model_111.bnet,cyber/complement-gfp-plus-immutable,completed,0.171255,0.283059,,,,12560,,,,,false,false,33,262144,64,2,1971,,18,15,18,15,,,,,,lexical,cyber-complement-gfp-plus-immutable,final-comparison-and-ablation,0f8d662,565847fc-58d5-4b2d-96ec-a17ffb69e644,bceed70b9d3ec67ed89cb5c35b49b90624fd66315ab7d564fdbfcdcc9c3c820c,915bedc898c4a63fff6d74c9da29c14f21d1a6b0a7877cba4f915509a86b273c,28e3f0e88742b79f23e207717e804594dc9075191db40cb3df24f97fe388f7bf,2026-09-20T12:26:41+00:00,24474328_136,laurel,"gr10497b,gr10609b,gr10672b",p=1:t=14:c=14:m=64000M,1800.0,1800.0,64000
BBM/model_112.bnet,cyber/complement-gfp-plus-immutable,timeout,1791.79,1800.02,,,,3425988,,,,,true,false,112,,,,,,,,,,,,,,,,,final-comparison-and-ablation,0f8d662,565847fc-58d5-4b2d-96ec-a17ffb69e644,bceed70b9d3ec67ed89cb5c35b49b90624fd66315ab7d564fdbfcdcc9c3c820c,915bedc898c4a63fff6d74c9da29c14f21d1a6b0a7877cba4f915509a86b273c,28e3f0e88742b79f23e207717e804594dc9075191db40cb3df24f97fe388f7bf,2026-09-20T12:26:41+00:00,24474328_59,laurel,"gr10497b,gr10609b,gr10672b",p=1:t=14:c=14:m=64000M,1800.0,1800.0,64000
BBM/model_113.bnet,cyber/complement-gfp-plus-immutable,timeout,1792.63,1800.02,,,,2531988,,,,,true,false,182,,,,,,,,,,,,,,,,,final-comparison-and-ablation,0f8d662,565847fc-58d5-4b2d-96ec-a17ffb69e644,bceed70b9d3ec67ed89cb5c35b49b90624fd66315ab7d564fdbfcdcc9c3c820c,915bedc898c4a63fff6d74c9da29c14f21d1a6b0a7877cba4f915509a86b273c,28e3f0e88742b79f23e207717e804594dc9075191db40cb3df24f97fe388f7bf,2026-09-20T12:26:41+00:00,24474328_189,laurel,"gr10497b,gr10609b,gr10672b",p=1:t=14:c=14:m=64000M,1800.0,1800.0,64000
BBM/model_114.bnet,cyber/complement-gfp-plus-immutable,completed,4.54282,4.6683,,,,12648,,,,,false,false,84,34359738368,76,12,18048,,45,39,45,39,,,,,,lexical,cyber-complement-gfp-plus-immutable,final-comparison-and-ablation,0f8d662,565847fc-58d5-4b2d-96ec-a17ffb69e644,bceed70b9d3ec67ed89cb5c35b49b90624fd66315ab7d564fdbfcdcc9c3c820c,915bedc898c4a63fff6d74c9da29c14f21d1a6b0a7877cba4f915509a86b273c,28e3f0e88742b79f23e207717e804594dc9075191db40cb3df24f97fe388f7bf,2026-09-20T12:26:41+00:00,24474328_99,laurel,"gr10497b,gr10609b,gr10672b",p=1:t=14:c=14:m=64000M,1800.0,1800.0,64000
BBM/model_115.bnet,cyber/complement-gfp-plus-immutable,completed,0.066858,0.177629,,,,12608,,,,,false,false,35,16384,26,2,548,,14,21,14,21,,,,,,lexical,cyber-complement-gfp-plus-immutable,final-comparison-and-ablation,0f8d662,565847fc-58d5-4b2d-96ec-a17ffb69e644,bceed70b9d3ec67ed89cb5c35b49b90624fd66315ab7d564fdbfcdcc9c3c820c,915bedc898c4a63fff6d74c9da29c14f21d1a6b0a7877cba4f915509a86b273c,28e3f0e88742b79f23e207717e804594dc9075191db40cb3df24f97fe388f7bf,2026-09-20T12:26:41+00:00,24474328_151,laurel,"gr10497b,gr10609b,gr10672b",p=1:t=14:c=14:m=64000M,1800.0,1800.0,64000
BBM/model_116.bnet,cyber/complement-gfp-plus-immutable,completed,486.582,488.392,,,,99372,,,,,false,false,144,3626777458843887524118528,144,16,433189,,88,56,88,56,,,,,,lexical,cyber-complement-gfp-plus-immutable,final-comparison-and-ablation,0f8d662,565847fc-58d5-4b2d-96ec-a17ffb69e644,bceed70b9d3ec67ed89cb5c35b49b90624fd66315ab7d564fdbfcdcc9c3c820c,915bedc898c4a63fff6d74c9da29c14f21d1a6b0a7877cba4f915509a86b273c,28e3f0e88742b79f23e207717e804594dc9075191db40cb3df24f97fe388f7bf,2026-09-20T12:26:41+00:00,24474328_20,laurel,"gr10497b,gr10609b,gr10672b",p=1:t=14:c=14:m=64000M,1800.0,1800.0,64000
BBM/model_117.bnet,cyber/complement-gfp-plus-immutable,completed,3.43034,3.5905,,,,12608,,,,,false,false,47,33554432,67,5,27157,,28,19,28,19,,,,,,lexical,cyber-complement-gfp-plus-immutable,final-comparison-and-ablation,0f8d662,565847fc-58d5-4b2d-96ec-a17ffb69e644,bceed70b9d3ec67ed89cb5c35b49b90624fd66315ab7d564fdbfcdcc9c3c820c,915bedc898c4a63fff6d74c9da29c14f21d1a6b0a7877cba4f915509a86b273c,28e3f0e88742b79f23e207717e804594dc9075191db40cb3df24f97fe388f7bf,2026-09-20T12:26:41+00:00,24474328_203,laurel,"gr10497b,gr10609b,gr10672b",p=1:t=14:c=14:m=64000M,1800.0,1800.0,64000
BBM/model_118.bnet,cyber/complement-gfp-plus-immutable,timeout,1794.47,1800.01,,,,1310932,,,,,true,false,121,,,,,,,,,,,,,,,,,final-comparison-and-ablation,0f8d662,565847fc-58d5-4b2d-96ec-a17ffb69e644,bceed70b9d3ec67ed89cb5c35b49b90624fd66315ab7d564fdbfcdcc9c3c820c,915bedc898c4a63fff6d74c9da29c14f21d1a6b0a7877cba4f915509a86b273c,28e3f0e88742b79f23e207717e804594dc9075191db40cb3df24f97fe388f7bf,2026-09-20T12:26:41+00:00,24474328_97,laurel,"gr10497b,gr10609b,gr10672b",p=1:t=14:c=14:m=64000M,1800.0,1800.0,64000
BBM/model_119.bnet,cyber/complement-gfp-plus-immutable,completed,0.063066,0.17514,,,,12492,,,,,false,false,19,8192,24,2,227,,13,6,13,6,,,,,,lexical,cyber-complement-gfp-plus-immutable,final-comparison-and-ablation,0f8d662,565847fc-58d5-4b2d-96ec-a17ffb69e644,bceed70b9d3ec67ed89cb5c35b49b90624fd66315ab7d564fdbfcdcc9c3c820c,915bedc898c4a63fff6d74c9da29c14f21d1a6b0a7877cba4f915509a86b273c,28e3f0e88742b79f23e207717e804594dc9075191db40cb3df24f97fe388f7bf,2026-09-20T12:26:41+00:00,24474328_199,laurel,"gr10497b,gr10609b,gr10672b",p=1:t=14:c=14:m=64000M,1800.0,1800.0,64000
BBM/model_120.bnet,cyber/complement-gfp-plus-immutable,completed,499.294,500.86,,,,134792,,,,,false,false,150,302231454903657293676544,103,2,677556,,78,72,78,72,,,,,,lexical,cyber-complement-gfp-plus-immutable,final-comparison-and-ablation,0f8d662,565847fc-58d5-4b2d-96ec-a17ffb69e644,bceed70b9d3ec67ed89cb5c35b49b90624fd66315ab7d564fdbfcdcc9c3c820c,915bedc898c4a63fff6d74c9da29c14f21d1a6b0a7877cba4f915509a86b273c,28e3f0e88742b79f23e207717e804594dc9075191db40cb3df24f97fe388f7bf,2026-09-20T12:26:41+00:00,24474328_153,laurel,"gr10497b,gr10609b,gr10672b",p=1:t=14:c=14:m=64000M,1800.0,1800.0,64000
BBM/model_121.bnet,cyber/complement-gfp-plus-immutable,completed,47.608,47.9315,,,,33396,,,,,false,false,57,446676598784,111,10,147348,,39,18,39,18,,,,,,lexical,cyber-complement-gfp-plus-immutable,final-comparison-and-ablation,0f8d662,565847fc-58d5-4b2d-96ec-a17ffb69e644,bceed70b9d3ec67ed89cb5c35b49b90624fd66315ab7d564fdbfcdcc9c3c820c,915bedc898c4a63fff6d74c9da29c14f21d1a6b0a7877cba4f915509a86b273c,28e3f0e88742b79f23e207717e804594dc9075191db40cb3df24f97fe388f7bf,2026-09-20T12:26:41+00:00,24474328_114,laurel,"gr10497b,gr10609b,gr10672b",p=1:t=14:c=14:m=64000M,1800.0,1800.0,64000
BBM/model_122.bnet,cyber/complement-gfp-plus-immutable,timeout,1794.68,1800.01,,,,1384512,,,,,true,false,168,,,,,,,,,,,,,,,,cyber-complement-gfp-plus-immutable,final-comparison-and-ablation,0f8d662,565847fc-58d5-4b2d-96ec-a17ffb69e644,bceed70b9d3ec67ed89cb5c35b49b90624fd66315ab7d564fdbfcdcc9c3c820c,915bedc898c4a63fff6d74c9da29c14f21d1a6b0a7877cba4f915509a86b273c,28e3f0e88742b79f23e207717e804594dc9075191db40cb3df24f97fe388f7bf,2026-09-20T12:26:41+00:00,24474328_48,laurel,"gr10497b,gr10609b,gr10672b",p=1:t=14:c=14:m=64000M,1800.0,1800.0,64000
BBM/model_123.bnet,cyber/complement-gfp-plus-immutable,completed,1.49266,1.61065,,,,12556,,,,,false,false,60,137438953472,66,8,7771,,43,17,43,17,,,,,,lexical,cyber-complement-gfp-plus-immutable,final-comparison-and-ablation,0f8d662,565847fc-58d5-4b2d-96ec-a17ffb69e644,bceed70b9d3ec67ed89cb5c35b49b90624fd66315ab7d564fdbfcdcc9c3c820c,915bedc898c4a63fff6d74c9da29c14f21d1a6b0a7877cba4f915509a86b273c,28e3f0e88742b79f23e207717e804594dc9075191db40cb3df24f97fe388f7bf,2026-09-20T12:26:41+00:00,24474328_113,laurel,"gr10497b,gr10609b,gr10672b",p=1:t=14:c=14:m=64000M,1800.0,1800.0,64000
BBM/model_124.bnet,cyber/complement-gfp-plus-immutable,completed,178.461,179.119,,,,20460,,,,,false,false,252,332306998946228968225951765070086144,155,2,116650,,118,134,118,134,,,,,,lexical,cyber-complement-gfp-plus-immutable,final-comparison-and-ablation,0f8d662,565847fc-58d5-4b2d-96ec-a17ffb69e644,bceed70b9d3ec67ed89cb5c35b49b90624fd66315ab7d564fdbfcdcc9c3c820c,915bedc898c4a63fff6d74c9da29c14f21d1a6b0a7877cba4f915509a86b273c,28e3f0e88742b79f23e207717e804594dc9075191db40cb3df24f97fe388f7bf,2026-09-20T12:26:41+00:00,24474328_93,laurel,"gr10497b,gr10609b,gr10672b",p=1:t=14:c=14:m=64000M,1800.0,1800.0,64000
BBM/model_125.bnet,cyber/complement-gfp-plus-immutable,completed,142.455,143.024,,,,127820,,,,,false,false,51,2147483648,81,5,781376,,34,17,34,17,,,,,,lexical,cyber-complement-gfp-plus-immutable,final-comparison-and-ablation,0f8d662,565847fc-58d5-4b2d-96ec-a17ffb69e644,bceed70b9d3ec67ed89cb5c35b49b90624fd66315ab7d564fdbfcdcc9c3c820c,915bedc898c4a63fff6d74c9da29c14f21d1a6b0a7877cba4f915509a86b273c,28e3f0e88742b79f23e207717e804594dc9075191db40cb3df24f97fe388f7bf,2026-09-20T12:26:41+00:00,24474328_91,laurel,"gr10497b,gr10609b,gr10672b",p=1:t=14:c=14:m=64000M,1800.0,1800.0,64000
BBM/model_126.bnet,cyber/complement-gfp-plus-immutable,completed,0.058237,0.168521,,,,12548,,,,,false,false,42,512,10,13,142,,20,22,20,22,,,,,,lexical,cyber-complement-gfp-plus-immutable,final-comparison-and-ablation,0f8d662,565847fc-58d5-4b2d-96ec-a17ffb69e644,bceed70b9d3ec67ed89cb5c35b49b90624fd66315ab7d564fdbfcdcc9c3c820c,915bedc898c4a63fff6d74c9da29c14f21d1a6b0a7877cba4f915509a86b273c,28e3f0e88742b79f23e207717e804594dc9075191db40cb3df24f97fe388f7bf,2026-09-20T12:26:41+00:00,24474328_215,laurel,"gr10497b,gr10609b,gr10672b",p=1:t=14:c=14:m=64000M,1800.0,1800.0,64000
BBM/model_127.bnet,cyber/complement-gfp-plus-immutable,timeout,1794.96,1800.01,,,,774516,,,,,true,false,79,,,,,,,,,,,,,,,,cyber-complement-gfp-plus-immutable,final-comparison-and-ablation,0f8d662,565847fc-58d5-4b2d-96ec-a17ffb69e644,bceed70b9d3ec67ed89cb5c35b49b90624fd66315ab7d564fdbfcdcc9c3c820c,915bedc898c4a63fff6d74c9da29c14f21d1a6b0a7877cba4f915509a86b273c,28e3f0e88742b79f23e207717e804594dc9075191db40cb3df24f97fe388f7bf,2026-09-20T12:26:41+00:00,24474328_69,laurel,"gr10497b,gr10609b,gr10672b",p=1:t=14:c=14:m=64000M,1800.0,1800.0,64000
BBM/model_128.bnet,cyber/complement-gfp-plus-immutable,timeout,1792.58,1800.01,,,,1097568,,,,,true,false,90,,,,,,,,,,,,,,,,,final-comparison-and-ablation,0f8d662,565847fc-58d5-4b2d-96ec-a17ffb69e644,bceed70b9d3ec67ed89cb5c35b49b90624fd66315ab7d564fdbfcdcc9c3c820c,915bedc898c4a63fff6d74c9da29c14f21d1a6b0a7877cba4f915509a86b273c,28e3f0e88742b79f23e207717e804594dc9075191db40cb3df24f97fe388f7bf,2026-09-20T12:26:41+00:00,24474328_36,laurel,"gr10497b,gr10609b,gr10672b",p=1:t=14:c=14:m=64000M,1800.0,1800.0,64000
BBM/model_129.bnet,cyber/complement-gfp-plus-immutable,completed,20.6767,20.85,,,,12584,,,,,false,false,34,8589934592,187,2,60789,,33,1,33,1,,,,,,lexical,cyber-complement-gfp-plus-immutable,final-comparison-and-ablation,0f8d662,565847fc-58d5-4b2d-96ec-a17ffb69e644,bceed70b9d3ec67ed89cb5c35b49b90624fd66315ab7d564fdbfcdcc9c3c820c,915bedc898c4a63fff6d74c9da29c14f21d1a6b0a7877cba4f915509a86b273c,28e3f0e88742b79f23e207717e804594dc9075191db40cb3df24f97fe388f7bf,2026-09-20T12:26:41+00:00,24474328_190,laurel,"gr10497b,gr10609b,gr10672b",p=1:t=14:c=14:m=64000M,1800.0,1800.0,64000
BBM/model_130.bnet,cyber/complement-gfp-plus-immutable,completed,1271.94,1277.2,,,,185924,,,,,false,false,77,8796093022208,352,2,978083,,43,34,43,34,,,,,,lexical,cyber-complement-gfp-plus-immutable,final-comparison-and-ablation,0f8d662,565847fc-58d5-4b2d-96ec-a17ffb69e644,bceed70b9d3ec67ed89cb5c35b49b90624fd66315ab7d564fdbfcdcc9c3c820c,915bedc898c4a63fff6d74c9da29c14f21d1a6b0a7877cba4f915509a86b273c,28e3f0e88742b79f23e207717e804594dc9075191db40cb3df24f97fe388f7bf,2026-09-20T12:26:41+00:00,24474328_166,laurel,"gr10497b,gr10609b,gr10672b",p=1:t=14:c=14:m=64000M,1800.0,1800.0,64000
BBM/model_131.bnet,cyber/complement-gfp-plus-immutable,completed,0.056047,0.167789,,,,12600,,,,,false,false,21,128,10,2,54,,7,14,7,14,,,,,,lexical,cyber-complement-gfp-plus-immutable,final-comparison-and-ablation,0f8d662,565847fc-58d5-4b2d-96ec-a17ffb69e644,bceed70b9d3ec67ed89cb5c35b49b90624fd66315ab7d564fdbfcdcc9c3c820c,915bedc898c4a63fff6d74c9da29c14f21d1a6b0a7877cba4f915509a86b273c,28e3f0e88742b79f23e207717e804594dc9075191db40cb3df24f97fe388f7bf,2026-09-20T12:26:41+00:00,24474328_133,laurel,"gr10497b,gr10609b,gr10672b",p=1:t=14:c=14:m=64000M,1800.0,1800.0,64000
BBM/model_132.bnet,cyber/complement-gfp-plus-immutable,timeout,1793.96,1800.01,,,,2343024,,,,,true,false,148,,,,,,,,,,,,,,,,,final-comparison-and-ablation,0f8d662,565847fc-58d5-4b2d-96ec-a17ffb69e644,bceed70b9d3ec67ed89cb5c35b49b90624fd66315ab7d564fdbfcdcc9c3c820c,915bedc898c4a63fff6d74c9da29c14f21d1a6b0a7877cba4f915509a86b273c,28e3f0e88742b79f23e207717e804594dc9075191db40cb3df24f97fe388f7bf,2026-09-20T12:26:41+00:00,24474328_145,laurel,"gr10497b,gr10609b,gr10672b",p=1:t=14:c=14:m=64000M,1800.0,1800.0,64000
BBM/model_133.bnet,cyber/complement-gfp-plus-immutable,completed,0.056988,0.17248,,,,12628,,,,,false,false,10,64,11,2,40,,6,4,6,4,,,,,,lexical,cyber-complement-gfp-plus-immutable,final-comparison-and-ablation,0f8d662,565847fc-58d5-4b2d-96ec-a17ffb69e644,bceed70b9d3ec67ed89cb5c35b49b90624fd66315ab7d564fdbfcdcc9c3c820c,915bedc898c4a63fff6d74c9da29c14f21d1a6b0a7877cba4f915509a86b273c,28e3f0e88742b79f23e207717e804594dc9075191db40cb3df24f97fe388f7bf,2026-09-20T12:26:41+00:00,24474328_75,laurel,"gr10497b,gr10609b,gr10672b",p=1:t=14:c=14:m=64000M,1800.0,1800.0,64000
BBM/model_134.bnet,cyber/complement-gfp-plus-immutable,timeout,1794.12,1800.01,,,,310504,,,,,true,false,38,,,,,,,,,,,,,,,,cyber-complement-gfp-plus-immutable,final-comparison-and-ablation,0f8d662,565847fc-58d5-4b2d-96ec-a17ffb69e644,bceed70b9d3ec67ed89cb5c35b49b90624fd66315ab7d564fdbfcdcc9c3c820c,915bedc898c4a63fff6d74c9da29c14f21d1a6b0a7877cba4f915509a86b273c,28e3f0e88742b79f23e207717e804594dc9075191db40cb3df24f97fe388f7bf,2026-09-20T12:26:41+00:00,24474328_132,laurel,"gr10497b,gr10609b,gr10672b",p=1:t=14:c=14:m=64000M,1800.0,1800.0,64000
BBM/model_135.bnet,cyber/complement-gfp-plus-immutable,completed,3.14074,3.2617,,,,12640,,,,,false,false,30,4194304,81,8,20577,,28,2,28,2,,,,,,lexical,cyber-complement-gfp-plus-immutable,final-comparison-and-ablation,0f8d662,565847fc-58d5-4b2d-96ec-a17ffb69e644,bceed70b9d3ec67ed89cb5c35b49b90624fd66315ab7d564fdbfcdcc9c3c820c,915bedc898c4a63fff6d74c9da29c14f21d1a6b0a7877cba4f915509a86b273c,28e3f0e88742b79f23e207717e804594dc9075191db40cb3df24f97fe388f7bf,2026-09-20T12:26:41+00:00,24474328_211,laurel,"gr10497b,gr10609b,gr10672b",p=1:t=14:c=14:m=64000M,1800.0,1800.0,64000
BBM/model_136.bnet,cyber/complement-gfp-plus-immutable,completed,0.179022,0.336742,,,,12648,,,,,false,false,28,16384,32,14,2164,,26,2,26,2,,,,,,lexical,cyber-complement-gfp-plus-immutable,final-comparison-and-ablation,0f8d662,565847fc-58d5-4b2d-96ec-a17ffb69e644,bceed70b9d3ec67ed89cb5c35b49b90624fd66315ab7d564fdbfcdcc9c3c820c,915bedc898c4a63fff6d74c9da29c14f21d1a6b0a7877cba4f915509a86b273c,28e3f0e88742b79f23e207717e804594dc9075191db40cb3df24f97fe388f7bf,2026-09-20T12:26:41+00:00,24474328_150,laurel,"gr10497b,gr10609b,gr10672b",p=1:t=14:c=14:m=64000M,1800.0,1800.0,64000
BBM/model_137.bnet,cyber/complement-gfp-plus-immutable,timeout,1794.18,1800.02,,,,4860768,,,,,true,false,82,,,,,,,,,,,,,,,,,final-comparison-and-ablation,0f8d662,565847fc-58d5-4b2d-96ec-a17ffb69e644,bceed70b9d3ec67ed89cb5c35b49b90624fd66315ab7d564fdbfcdcc9c3c820c,915bedc898c4a63fff6d74c9da29c14f21d1a6b0a7877cba4f915509a86b273c,28e3f0e88742b79f23e207717e804594dc9075191db40cb3df24f97fe388f7bf,2026-09-20T12:26:41+00:00,24474328_92,laurel,"gr10497b,gr10609b,gr10672b",p=1:t=14:c=14:m=64000M,1800.0,1800.0,64000
BBM/model_138.bnet,cyber/complement-gfp-plus-immutable,completed,0.150247,0.263912,,,,12536,,,,,false,false,31,131072,51,2,1347,,17,14,17,14,,,,,,lexical,cyber-complement-gfp-plus-immutable,final-comparison-and-ablation,0f8d662,565847fc-58d5-4b2d-96ec-a17ffb69e644,bceed70b9d3ec67ed89cb5c35b49b90624fd66315ab7d564fdbfcdcc9c3c820c,915bedc898c4a63fff6d74c9da29c14f21d1a6b0a7877cba4f915509a86b273c,28e3f0e88742b79f23e207717e804594dc9075191db40cb3df24f97fe388f7bf,2026-09-20T12:26:41+00:00,24474328_109,laurel,"gr10497b,gr10609b,gr10672b",p=1:t=14:c=14:m=64000M,1800.0,1800.0,64000
BBM/model_139.bnet,cyber/complement-gfp-plus-immutable,completed,0.078051,0.190488,,,,12628,,,,,false,false,19,24,7,11,68,,10,9,10,9,,,,,,lexical,cyber-complement-gfp-plus-immutable,final-comparison-and-ablation,0f8d662,565847fc-58d5-4b2d-96ec-a17ffb69e644,bceed70b9d3ec67ed89cb5c35b49b90624fd66315ab7d564fdbfcdcc9c3c820c,915bedc898c4a63fff6d74c9da29c14f21d1a6b0a7877cba4f915509a86b273c,28e3f0e88742b79f23e207717e804594dc9075191db40cb3df24f97fe388f7bf,2026-09-20T12:26:41+00:00,24474328_78,laurel,"gr10497b,gr10609b,gr10672b",p=1:t=14:c=14:m=64000M,1800.0,1800.0,64000
BBM/model_140.bnet,cyber/complement-gfp-plus-immutable,completed,227.227,228.059,,,,120060,,,,,false,false,80,1099511627776,99,24,498347,,62,18,62,18,,,,,,lexical,cyber-complement-gfp-plus-immutable,final-comparison-and-ablation,0f8d662,565847fc-58d5-4b2d-96ec-a17ffb69e644,bceed70b9d3ec67ed89cb5c35b49b90624fd66315ab7d564fdbfcdcc9c3c820c,915bedc898c4a63fff6d74c9da29c14f21d1a6b0a7877cba4f915509a86b273c,28e3f0e88742b79f23e207717e804594dc9075191db40cb3df24f97fe388f7bf,2026-09-20T12:26:41+00:00,24474328_56,laurel,"gr10497b,gr10609b,gr10672b",p=1:t=14:c=14:m=64000M,1800.0,1800.0,64000
BBM/model_141.bnet,cyber/complement-gfp-plus-immutable,completed,3.22808,3.35516,,,,12520,,,,,false,false,45,59659780096,76,19,11061,,43,2,43,2,,,,,,lexical,cyber-complement-gfp-plus-immutable,final-comparison-and-ablation,0f8d662,565847fc-58d5-4b2d-96ec-a17ffb69e644,bceed70b9d3ec67ed89cb5c35b49b90624fd66315ab7d564fdbfcdcc9c3c820c,915bedc898c4a63fff6d74c9da29c14f21d1a6b0a7877cba4f915509a86b273c,28e3f0e88742b79f23e207717e804594dc9075191db40cb3df24f97fe388f7bf,2026-09-20T12:26:41+00:00,24474328_115,laurel,"gr10497b,gr10609b,gr10672b",p=1:t=14:c=14:m=64000M,1800.0,1800.0,64000
BBM/model_142.bnet,cyber/complement-gfp-plus-immutable,completed,0.631184,0.746063,,,,12636,,,,,false,false,29,2097152,47,8,10163,,27,2,27,2,,,,,,lexical,cyber-complement-gfp-plus-immutable,final-comparison-and-ablation,0f8d662,565847fc-58d5-4b2d-96ec-a17ffb69e644,bceed70b9d3ec67ed89cb5c35b49b90624fd66315ab7d564fdbfcdcc9c3c820c,915bedc898c4a63fff6d74c9da29c14f21d1a6b0a7877cba4f915509a86b273c,28e3f0e88742b79f23e207717e804594dc9075191db40cb3df24f97fe388f7bf,2026-09-20T12:26:41+00:00,24474328_57,laurel,"gr10497b,gr10609b,gr10672b",p=1:t=14:c=14:m=64000M,1800.0,1800.0,64000
BBM/model_143.bnet,cyber/complement-gfp-plus-immutable,timeout,1792.21,1800.01,,,,2347180,,,,,true,false,97,,,,,,,,,,,,,,,,,final-comparison-and-ablation,0f8d662,565847fc-58d5-4b2d-96ec-a17ffb69e644,bceed70b9d3ec67ed89cb5c35b49b90624fd66315ab7d564fdbfcdcc9c3c820c,915bedc898c4a63fff6d74c9da29c14f21d1a6b0a7877cba4f915509a86b273c,28e3f0e88742b79f23e207717e804594dc9075191db40cb3df24f97fe388f7bf,2026-09-20T12:26:41+00:00,24474328_28,laurel,"gr10497b,gr10609b,gr10672b",p=1:t=14:c=14:m=64000M,1800.0,1800.0,64000
BBM/model_144.bnet,cyber/complement-gfp-plus-immutable,timeout,1794.71,1800.01,,,,1620848,,,,,true,false,202,,,,,,,,,,,,,,,,cyber-complement-gfp-plus-immutable,final-comparison-and-ablation,0f8d662,565847fc-58d5-4b2d-96ec-a17ffb69e644,bceed70b9d3ec67ed89cb5c35b49b90624fd66315ab7d564fdbfcdcc9c3c820c,915bedc898c4a63fff6d74c9da29c14f21d1a6b0a7877cba4f915509a86b273c,28e3f0e88742b79f23e207717e804594dc9075191db40cb3df24f97fe388f7bf,2026-09-20T12:26:41+00:00,24474328_194,laurel,"gr10497b,gr10609b,gr10672b",p=1:t=14:c=14:m=64000M,1800.0,1800.0,64000
BBM/model_145.bnet,cyber/complement-gfp-plus-immutable,timeout,1794.48,1800.01,,,,554688,,,,,true,false,62,,,,,,,,,,,,,,,,cyber-complement-gfp-plus-immutable,final-comparison-and-ablation,0f8d662,565847fc-58d5-4b2d-96ec-a17ffb69e644,bceed70b9d3ec67ed89cb5c35b49b90624fd66315ab7d564fdbfcdcc9c3c820c,915bedc898c4a63fff6d74c9da29c14f21d1a6b0a7877cba4f915509a86b273c,28e3f0e88742b79f23e207717e804594dc9075191db40cb3df24f97fe388f7bf,2026-09-20T12:26:41+00:00,24474328_156,laurel,"gr10497b,gr10609b,gr10672b",p=1:t=14:c=14:m=64000M,1800.0,1800.0,64000
BBM/model_146.bnet,cyber/complement-gfp-plus-immutable,completed,30.6177,30.8713,,,,32512,,,,,false,false,50,103275520,111,872,89340,,40,10,40,10,,,,,,lexical,cyber-complement-gfp-plus-immutable,final-comparison-and-ablation,0f8d662,565847fc-58d5-4b2d-96ec-a17ffb69e644,bceed70b9d3ec67ed89cb5c35b49b90624fd66315ab7d564fdbfcdcc9c3c820c,915bedc898c4a63fff6d74c9da29c14f21d1a6b0a7877cba4f915509a86b273c,28e3f0e88742b79f23e207717e804594dc9075191db40cb3df24f97fe388f7bf,2026-09-20T12:26:41+00:00,24474328_54,laurel,"gr10497b,gr10609b,gr10672b",p=1:t=14:c=14:m=64000M,1800.0,1800.0,64000
BBM/model_147.bnet,cyber/complement-gfp-plus-immutable,completed,0.133711,0.265646,,,,12612,,,,,false,false,16,128,14,6,103,,11,5,11,5,,,,,,lexical,cyber-complement-gfp-plus-immutable,final-comparison-and-ablation,0f8d662,565847fc-58d5-4b2d-96ec-a17ffb69e644,bceed70b9d3ec67ed89cb5c35b49b90624fd66315ab7d564fdbfcdcc9c3c820c,915bedc898c4a63fff6d74c9da29c14f21d1a6b0a7877cba4f915509a86b273c,28e3f0e88742b79f23e207717e804594dc9075191db40cb3df24f97fe388f7bf,2026-09-20T12:26:41+00:00,24474328_67,laurel,"gr10497b,gr10609b,gr10672b",p=1:t=14:c=14:m=64000M,1800.0,1800.0,64000
BBM/model_148.bnet,cyber/complement-gfp-plus-immutable,timeout,1790.73,1800.01,,,,2455512,,,,,true,false,83,,,,,,,,,,,,,,,,,final-comparison-and-ablation,0f8d662,565847fc-58d5-4b2d-96ec-a17ffb69e644,bceed70b9d3ec67ed89cb5c35b49b90624fd66315ab7d564fdbfcdcc9c3c820c,915bedc898c4a63fff6d74c9da29c14f21d1a6b0a7877cba4f915509a86b273c,28e3f0e88742b79f23e207717e804594dc9075191db40cb3df24f97fe388f7bf,2026-09-20T12:26:41+00:00,24474328_12,laurel,"gr10497b,gr10609b,gr10672b",p=1:t=14:c=14:m=64000M,1800.0,1800.0,64000
BBM/model_149.bnet,cyber/complement-gfp-plus-immutable,completed,0.060928,0.1716,,,,12552,,,,,false,false,14,896,25,9,147,,12,2,12,2,,,,,,lexical,cyber-complement-gfp-plus-immutable,final-comparison-and-ablation,0f8d662,565847fc-58d5-4b2d-96ec-a17ffb69e644,bceed70b9d3ec67ed89cb5c35b49b90624fd66315ab7d564fdbfcdcc9c3c820c,915bedc898c4a63fff6d74c9da29c14f21d1a6b0a7877cba4f915509a86b273c,28e3f0e88742b79f23e207717e804594dc9075191db40cb3df24f97fe388f7bf,2026-09-20T12:26:41+00:00,24474328_159,laurel,"gr10497b,gr10609b,gr10672b",p=1:t=14:c=14:m=64000M,1800.0,1800.0,64000
BBM/model_150.bnet,cyber/complement-gfp-plus-immutable,completed,2.96062,3.36062,,,,12652,,,,,false,false,33,1331456,88,66,22207,,31,2,31,2,,,,,,lexical,cyber-complement-gfp-plus-immutable,final-comparison-and-ablation,0f8d662,565847fc-58d5-4b2d-96ec-a17ffb69e644,bceed70b9d3ec67ed89cb5c35b49b90624fd66315ab7d564fdbfcdcc9c3c820c,915bedc898c4a63fff6d74c9da29c14f21d1a6b0a7877cba4f915509a86b273c,28e3f0e88742b79f23e207717e804594dc9075191db40cb3df24f97fe388f7bf,2026-09-20T12:26:41+00:00,24474328_72,laurel,"gr10497b,gr10609b,gr10672b",p=1:t=14:c=14:m=64000M,1800.0,1800.0,64000
BBM/model_151.bnet,cyber/complement-gfp-plus-immutable,timeout,1790.5,1800.01,,,,2441884,,,,,true,false,133,,,,,,,,,,,,,,,,,final-comparison-and-ablation,0f8d662,565847fc-58d5-4b2d-96ec-a17ffb69e644,bceed70b9d3ec67ed89cb5c35b49b90624fd66315ab7d564fdbfcdcc9c3c820c,915bedc898c4a63fff6d74c9da29c14f21d1a6b0a7877cba4f915509a86b273c,28e3f0e88742b79f23e207717e804594dc9075191db40cb3df24f97fe388f7bf,2026-09-20T12:26:41+00:00,24474328_25,laurel,"gr10497b,gr10609b,gr10672b",p=1:t=14:c=14:m=64000M,1800.0,1800.0,64000
BBM/model_152.bnet,cyber/complement-gfp-plus-immutable,completed,527.251,529.179,,,,195396,,,,,false,false,53,11800422645760,165,118,878764,,50,3,50,3,,,,,,lexical,cyber-complement-gfp-plus-immutable,final-comparison-and-ablation,0f8d662,565847fc-58d5-4b2d-96ec-a17ffb69e644,bceed70b9d3ec67ed89cb5c35b49b90624fd66315ab7d564fdbfcdcc9c3c820c,915bedc898c4a63fff6d74c9da29c14f21d1a6b0a7877cba4f915509a86b273c,28e3f0e88742b79f23e207717e804594dc9075191db40cb3df24f97fe388f7bf,2026-09-20T12:26:41+00:00,24474328_149,laurel,"gr10497b,gr10609b,gr10672b",p=1:t=14:c=14:m=64000M,1800.0,1800.0,64000
BBM/model_153.bnet,cyber/complement-gfp-plus-immutable,completed,0.080208,0.204296,,,,12596,,,,,false,false,18,640,23,13,299,,17,1,17,1,,,,,,lexical,cyber-complement-gfp-plus-immutable,final-comparison-and-ablation,0f8d662,565847fc-58d5-4b2d-96ec-a17ffb69e644,bceed70b9d3ec67ed89cb5c35b49b90624fd66315ab7d564fdbfcdcc9c3c820c,915bedc898c4a63fff6d74c9da29c14f21d1a6b0a7877cba4f915509a86b273c,28e3f0e88742b79f23e207717e804594dc9075191db40cb3df24f97fe388f7bf,2026-09-20T12:26:41+00:00,24474328_11,laurel,"gr10497b,gr10609b,gr10672b",p=1:t=14:c=14:m=64000M,1800.0,1800.0,64000
BBM/model_154.bnet,cyber/complement-gfp-plus-immutable,completed,0.105603,0.216602,,,,12560,,,,,false,false,21,128,9,13,134,,18,3,18,3,,,,,,lexical,cyber-complement-gfp-plus-immutable,final-comparison-and-ablation,0f8d662,565847fc-58d5-4b2d-96ec-a17ffb69e644,bceed70b9d3ec67ed89cb5c35b49b90624fd66315ab7d564fdbfcdcc9c3c820c,915bedc898c4a63fff6d74c9da29c14f21d1a6b0a7877cba4f915509a86b273c,28e3f0e88742b79f23e207717e804594dc9075191db40cb3df24f97fe388f7bf,2026-09-20T12:26:41+00:00,24474328_214,laurel,"gr10497b,gr10609b,gr10672b",p=1:t=14:c=14:m=64000M,1800.0,1800.0,64000
BBM/model_155.bnet,cyber/complement-gfp-plus-immutable,completed,472.247,473.921,,,,299224,,,,,false,false,71,133143986176,79,30,1634594,,45,26,45,26,,,,,,lexical,cyber-complement-gfp-plus-immutable,final-comparison-and-ablation,0f8d662,565847fc-58d5-4b2d-96ec-a17ffb69e644,bceed70b9d3ec67ed89cb5c35b49b90624fd66315ab7d564fdbfcdcc9c3c820c,915bedc898c4a63fff6d74c9da29c14f21d1a6b0a7877cba4f915509a86b273c,28e3f0e88742b79f23e207717e804594dc9075191db40cb3df24f97fe388f7bf,2026-09-20T12:26:41+00:00,24474328_157,laurel,"gr10497b,gr10609b,gr10672b",p=1:t=14:c=14:m=64000M,1800.0,1800.0,64000
BBM/model_156.bnet,cyber/complement-gfp-plus-immutable,completed,0.099056,0.332809,,,,12572,,,,,false,false,36,262144,24,7,790,,23,13,23,13,,,,,,lexical,cyber-complement-gfp-plus-immutable,final-comparison-and-ablation,0f8d662,565847fc-58d5-4b2d-96ec-a17ffb69e644,bceed70b9d3ec67ed89cb5c35b49b90624fd66315ab7d564fdbfcdcc9c3c820c,915bedc898c4a63fff6d74c9da29c14f21d1a6b0a7877cba4f915509a86b273c,28e3f0e88742b79f23e207717e804594dc9075191db40cb3df24f97fe388f7bf,2026-09-20T12:26:41+00:00,24474328_33,laurel,"gr10497b,gr10609b,gr10672b",p=1:t=14:c=14:m=64000M,1800.0,1800.0,64000
BBM/model_157.bnet,cyber/complement-gfp-plus-immutable,completed,1416.9,1423.05,,,,707012,,,,,false,false,103,2181431069507584,94,47,1373727,,62,41,62,41,,,,,,lexical,cyber-complement-gfp-plus-immutable,final-comparison-and-ablation,0f8d662,565847fc-58d5-4b2d-96ec-a17ffb69e644,bceed70b9d3ec67ed89cb5c35b49b90624fd66315ab7d564fdbfcdcc9c3c820c,915bedc898c4a63fff6d74c9da29c14f21d1a6b0a7877cba4f915509a86b273c,28e3f0e88742b79f23e207717e804594dc9075191db40cb3df24f97fe388f7bf,2026-09-20T12:26:41+00:00,24474328_143,laurel,"gr10497b,gr10609b,gr10672b",p=1:t=14:c=14:m=64000M,1800.0,1800.0,64000
BBM/model_158.bnet,cyber/complement-gfp-plus-immutable,completed,0.056655,0.16939,,,,12604,,,,,false,false,7,16,5,5,37,,7,0,7,0,,,,,,lexical,cyber-complement-gfp-plus-immutable,final-comparison-and-ablation,0f8d662,565847fc-58d5-4b2d-96ec-a17ffb69e644,bceed70b9d3ec67ed89cb5c35b49b90624fd66315ab7d564fdbfcdcc9c3c820c,915bedc898c4a63fff6d74c9da29c14f21d1a6b0a7877cba4f915509a86b273c,28e3f0e88742b79f23e207717e804594dc9075191db40cb3df24f97fe388f7bf,2026-09-20T12:26:41+00:00,24474328_139,laurel,"gr10497b,gr10609b,gr10672b",p=1:t=14:c=14:m=64000M,1800.0,1800.0,64000
BBM/model_159.bnet,cyber/complement-gfp-plus-immutable,completed,6.41068,6.53947,,,,13020,,,,,false,false,39,10673152,115,146,25526,,31,8,31,8,,,,,,lexical,cyber-complement-gfp-plus-immutable,final-comparison-and-ablation,0f8d662,565847fc-58d5-4b2d-96ec-a17ffb69e644,bceed70b9d3ec67ed89cb5c35b49b90624fd66315ab7d564fdbfcdcc9c3c820c,915bedc898c4a63fff6d74c9da29c14f21d1a6b0a7877cba4f915509a86b273c,28e3f0e88742b79f23e207717e804594dc9075191db40cb3df24f97fe388f7bf,2026-09-20T12:26:41+00:00,24474328_70,laurel,"gr10497b,gr10609b,gr10672b",p=1:t=14:c=14:m=64000M,1800.0,1800.0,64000
BBM/model_160.bnet,cyber/complement-gfp-plus-immutable,timeout,1792.9,1800.01,,,,3470100,,,,,true,false,92,,,,,,,,,,,,,,,,,final-comparison-and-ablation,0f8d662,565847fc-58d5-4b2d-96ec-a17ffb69e644,bceed70b9d3ec67ed89cb5c35b49b90624fd66315ab7d564fdbfcdcc9c3c820c,915bedc898c4a63fff6d74c9da29c14f21d1a6b0a7877cba4f915509a86b273c,28e3f0e88742b79f23e207717e804594dc9075191db40cb3df24f97fe388f7bf,2026-09-20T12:26:41+00:00,24474328_123,laurel,"gr10497b,gr10609b,gr10672b",p=1:t=14:c=14:m=64000M,1800.0,1800.0,64000
BBM/model_161.bnet,cyber/complement-gfp-plus-immutable,timeout,1792.68,1800.01,,,,3434296,,,,,true,false,96,,,,,,,,,,,,,,,,,final-comparison-and-ablation,0f8d662,565847fc-58d5-4b2d-96ec-a17ffb69e644,bceed70b9d3ec67ed89cb5c35b49b90624fd66315ab7d564fdbfcdcc9c3c820c,915bedc898c4a63fff6d74c9da29c14f21d1a6b0a7877cba4f915509a86b273c,28e3f0e88742b79f23e207717e804594dc9075191db40cb3df24f97fe388f7bf,2026-09-20T12:26:41+00:00,24474328_124,laurel,"gr10497b,gr10609b,gr10672b",p=1:t=14:c=14:m=64000M,1800.0,1800.0,64000
BBM/model_162.bnet,cyber/complement-gfp-plus-immutable,completed,0.061369,0.176162,,,,12632,,,,,false,false,18,768,15,4,109,,10,8,10,8,,,,,,lexical,cyber-complement-gfp-plus-immutable,final-comparison-and-ablation,0f8d662,565847fc-58d5-4b2d-96ec-a17ffb69e644,bceed70b9d3ec67ed89cb5c35b49b90624fd66315ab7d564fdbfcdcc9c3c820c,915bedc898c4a63fff6d74c9da29c14f21d1a6b0a7877cba4f915509a86b273c,28e3f0e88742b79f23e207717e804594dc9075191db40cb3df24f97fe388f7bf,2026-09-20T12:26:41+00:00,24474328_130,laurel,"gr10497b,gr10609b,gr10672b",p=1:t=14:c=14:m=64000M,1800.0,1800.0,64000
BBM/model_163.bnet,cyber/complement-gfp-plus-immutable,completed,2.64621,2.7857,,,,12560,,,,,false,false,34,8388608,73,2,28909,,23,11,23,11,,,,,,lexical,cyber-complement-gfp-plus-immutable,final-comparison-and-ablation,0f8d662,565847fc-58d5-4b2d-96ec-a17ffb69e644,bceed70b9d3ec67ed89cb5c35b49b90624fd66315ab7d564fdbfcdcc9c3c820c,915bedc898c4a63fff6d74c9da29c14f21d1a6b0a7877cba4f915509a86b273c,28e3f0e88742b79f23e207717e804594dc9075191db40cb3df24f97fe388f7bf,2026-09-20T12:26:41+00:00,24474328_122,laurel,"gr10497b,gr10609b,gr10672b",p=1:t=14:c=14:m=64000M,1800.0,1800.0,64000
BBM/model_164.bnet,cyber/complement-gfp-plus-immutable,completed,0.062817,0.174074,,,,12648,,,,,false,false,24,4096,23,2,329,,12,12,12,12,,,,,,lexical,cyber-complement-gfp-plus-immutable,final-comparison-and-ablation,0f8d662,565847fc-58d5-4b2d-96ec-a17ffb69e644,bceed70b9d3ec67ed89cb5c35b49b90624fd66315ab7d564fdbfcdcc9c3c820c,915bedc898c4a63fff6d74c9da29c14f21d1a6b0a7877cba4f915509a86b273c,28e3f0e88742b79f23e207717e804594dc9075191db40cb3df24f97fe388f7bf,2026-09-20T12:26:41+00:00,24474328_165,laurel,"gr10497b,gr10609b,gr10672b",p=1:t=14:c=14:m=64000M,1800.0,1800.0,64000
BBM/model_165.bnet,cyber/complement-gfp-plus-immutable,completed,0.055867,0.16674,,,,12636,,,,,false,false,8,8,4,2,16,,3,5,3,5,,,,,,lexical,cyber-complement-gfp-plus-immutable,final-comparison-and-ablation,0f8d662,565847fc-58d5-4b2d-96ec-a17ffb69e644,bceed70b9d3ec67ed89cb5c35b49b90624fd66315ab7d564fdbfcdcc9c3c820c,915bedc898c4a63fff6d74c9da29c14f21d1a6b0a7877cba4f915509a86b273c,28e3f0e88742b79f23e207717e804594dc9075191db40cb3df24f97fe388f7bf,2026-09-20T12:26:41+00:00,24474328_34,laurel,"gr10497b,gr10609b,gr10672b",p=1:t=14:c=14:m=64000M,1800.0,1800.0,64000
BBM/model_166.bnet,cyber/complement-gfp-plus-immutable,completed,0.077119,0.188737,,,,12480,,,,,false,false,19,128,9,2,49,,7,12,7,12,,,,,,lexical,cyber-complement-gfp-plus-immutable,final-comparison-and-ablation,0f8d662,565847fc-58d5-4b2d-96ec-a17ffb69e644,bceed70b9d3ec67ed89cb5c35b49b90624fd66315ab7d564fdbfcdcc9c3c820c,915bedc898c4a63fff6d74c9da29c14f21d1a6b0a7877cba4f915509a86b273c,28e3f0e88742b79f23e207717e804594dc9075191db40cb3df24f97fe388f7bf,2026-09-20T12:26:41+00:00,24474328_192,laurel,"gr10497b,gr10609b,gr10672b",p=1:t=14:c=14:m=64000M,1800.0,1800.0,64000
BBM/model_167.bnet,cyber/complement-gfp-plus-immutable,completed,161.487,162.288,,,,65496,,,,,false,false,57,150323855360,119,11,461755,,41,16,41,16,,,,,,lexical,cyber-complement-gfp-plus-immutable,final-comparison-and-ablation,0f8d662,565847fc-58d5-4b2d-96ec-a17ffb69e644,bceed70b9d3ec67ed89cb5c35b49b90624fd66315ab7d564fdbfcdcc9c3c820c,915bedc898c4a63fff6d74c9da29c14f21d1a6b0a7877cba4f915509a86b273c,28e3f0e88742b79f23e207717e804594dc9075191db40cb3df24f97fe388f7bf,2026-09-20T12:26:41+00:00,24474328_169,laurel,"gr10497b,gr10609b,gr10672b",p=1:t=14:c=14:m=64000M,1800.0,1800.0,64000
BBM/model_168.bnet,cyber/complement-gfp-plus-immutable,completed,0.065397,0.184006,,,,12552,,,,,false,false,13,128,19,2,67,,7,6,7,6,,,,,,lexical,cyber-complement-gfp-plus-immutable,final-comparison-and-ablation,0f8d662,565847fc-58d5-4b2d-96ec-a17ffb69e644,bceed70b9d3ec67ed89cb5c35b49b90624fd66315ab7d564fdbfcdcc9c3c820c,915bedc898c4a63fff6d74c9da29c14f21d1a6b0a7877cba4f915509a86b273c,28e3f0e88742b79f23e207717e804594dc9075191db40cb3df24f97fe388f7bf,2026-09-20T12:26:41+00:00,24474328_1,laurel,"gr10497b,gr10609b,gr10672b",p=1:t=14:c=14:m=64000M,1800.0,1800.0,64000
BBM/model_169.bnet,cyber/complement-gfp-plus-immutable,completed,0.056324,0.166732,,,,12548,,,,,false,false,7,32,8,2,33,,5,2,5,2,,,,,,lexical,cyber-complement-gfp-plus-immutable,final-comparison-and-ablation,0f8d662,565847fc-58d5-4b2d-96ec-a17ffb69e644,bceed70b9d3ec67ed89cb5c35b49b90624fd66315ab7d564fdbfcdcc9c3c820c,915bedc898c4a63fff6d74c9da29c14f21d1a6b0a7877cba4f915509a86b273c,28e3f0e88742b79f23e207717e804594dc9075191db40cb3df24f97fe388f7bf,2026-09-20T12:26:41+00:00,24474328_179,laurel,"gr10497b,gr10609b,gr10672b",p=1:t=14:c=14:m=64000M,1800.0,1800.0,64000
BBM/model_170.bnet,cyber/complement-gfp-plus-immutable,completed,0.210952,0.322506,,,,12600,,,,,false,false,7,16,6,2,23,,4,3,4,3,,,,,,lexical,cyber-complement-gfp-plus-immutable,final-comparison-and-ablation,0f8d662,565847fc-58d5-4b2d-96ec-a17ffb69e644,bceed70b9d3ec67ed89cb5c35b49b90624fd66315ab7d564fdbfcdcc9c3c820c,915bedc898c4a63fff6d74c9da29c14f21d1a6b0a7877cba4f915509a86b273c,28e3f0e88742b79f23e207717e804594dc9075191db40cb3df24f97fe388f7bf,2026-09-20T12:26:41+00:00,24474328_82,laurel,"gr10497b,gr10609b,gr10672b",p=1:t=14:c=14:m=64000M,1800.0,1800.0,64000
BBM/model_171.bnet,cyber/complement-gfp-plus-immutable,completed,0.069,0.181715,,,,12552,,,,,false,false,7,16,6,2,22,,4,3,4,3,,,,,,lexical,cyber-complement-gfp-plus-immutable,final-comparison-and-ablation,0f8d662,565847fc-58d5-4b2d-96ec-a17ffb69e644,bceed70b9d3ec67ed89cb5c35b49b90624fd66315ab7d564fdbfcdcc9c3c820c,915bedc898c4a63fff6d74c9da29c14f21d1a6b0a7877cba4f915509a86b273c,28e3f0e88742b79f23e207717e804594dc9075191db40cb3df24f97fe388f7bf,2026-09-20T12:26:41+00:00,24474328_65,laurel,"gr10497b,gr10609b,gr10672b",p=1:t=14:c=14:m=64000M,1800.0,1800.0,64000
BBM/model_172.bnet,cyber/complement-gfp-plus-immutable,completed,0.055525,0.167834,,,,12580,,,,,false,false,7,12,7,4,22,,4,3,4,3,,,,,,lexical,cyber-complement-gfp-plus-immutable,final-comparison-and-ablation,0f8d662,565847fc-58d5-4b2d-96ec-a17ffb69e644,bceed70b9d3ec67ed89cb5c35b49b90624fd66315ab7d564fdbfcdcc9c3c820c,915bedc898c4a63fff6d74c9da29c14f21d1a6b0a7877cba4f915509a86b273c,28e3f0e88742b79f23e207717e804594dc9075191db40cb3df24f97fe388f7bf,2026-09-20T12:26:41+00:00,24474328_5,laurel,"gr10497b,gr10609b,gr10672b",p=1:t=14:c=14:m=64000M,1800.0,1800.0,64000
BBM/model_173.bnet,cyber/complement-gfp-plus-immutable,timeout,1794.07,1800.01,,,,2008900,,,,,true,false,76,,,,,,,,,,,,,,,,,final-comparison-and-ablation,0f8d662,565847fc-58d5-4b2d-96ec-a17ffb69e644,bceed70b9d3ec67ed89cb5c35b49b90624fd66315ab7d564fdbfcdcc9c3c820c,915bedc898c4a63fff6d74c9da29c14f21d1a6b0a7877cba4f915509a86b273c,28e3f0e88742b79f23e207717e804594dc9075191db40cb3df24f97fe388f7bf,2026-09-20T12:26:41+00:00,24474328_83,laurel,"gr10497b,gr10609b,gr10672b",p=1:t=14:c=14:m=64000M,1800.0,1800.0,64000
BBM/model_174.bnet,cyber/complement-gfp-plus-immutable,completed,0.380624,0.504457,,,,12616,,,,,false,false,19,335872,61,11,3971,,19,0,19,0,,,,,,lexical,cyber-complement-gfp-plus-immutable,final-comparison-and-ablation,0f8d662,565847fc-58d5-4b2d-96ec-a17ffb69e644,bceed70b9d3ec67ed89cb5c35b49b90624fd66315ab7d564fdbfcdcc9c3c820c,915bedc898c4a63fff6d74c9da29c14f21d1a6b0a7877cba4f915509a86b273c,28e3f0e88742b79f23e207717e804594dc9075191db40cb3df24f97fe388f7bf,2026-09-20T12:26:41+00:00,24474328_186,laurel,"gr10497b,gr10609b,gr10672b",p=1:t=14:c=14:m=64000M,1800.0,1800.0,64000
BBM/model_175.bnet,cyber/complement-gfp-plus-immutable,completed,1.20255,1.3261,,,,12608,,,,,false,false,41,12582912,38,15,14497,,28,13,28,13,,,,,,lexical,cyber-complement-gfp-plus-immutable,final-comparison-and-ablation,0f8d662,565847fc-58d5-4b2d-96ec-a17ffb69e644,bceed70b9d3ec67ed89cb5c35b49b90624fd66315ab7d564fdbfcdcc9c3c820c,915bedc898c4a63fff6d74c9da29c14f21d1a6b0a7877cba4f915509a86b273c,28e3f0e88742b79f23e207717e804594dc9075191db40cb3df24f97fe388f7bf,2026-09-20T12:26:41+00:00,24474328_24,laurel,"gr10497b,gr10609b,gr10672b",p=1:t=14:c=14:m=64000M,1800.0,1800.0,64000
BBM/model_177.bnet,cyber/complement-gfp-plus-immutable,completed,0.120438,0.232579,,,,12560,,,,,false,false,34,5376,25,58,839,,31,3,31,3,,,,,,lexical,cyber-complement-gfp-plus-immutable,final-comparison-and-ablation,0f8d662,565847fc-58d5-4b2d-96ec-a17ffb69e644,bceed70b9d3ec67ed89cb5c35b49b90624fd66315ab7d564fdbfcdcc9c3c820c,915bedc898c4a63fff6d74c9da29c14f21d1a6b0a7877cba4f915509a86b273c,28e3f0e88742b79f23e207717e804594dc9075191db40cb3df24f97fe388f7bf,2026-09-20T12:26:41+00:00,24474328_178,laurel,"gr10497b,gr10609b,gr10672b",p=1:t=14:c=14:m=64000M,1800.0,1800.0,64000
BBM/model_178.bnet,cyber/complement-gfp-plus-immutable,timeout,1794.66,1800.01,,,,1293324,,,,,true,false,48,,,,,,,,,,,,,,,,cyber-complement-gfp-plus-immutable,final-comparison-and-ablation,0f8d662,565847fc-58d5-4b2d-96ec-a17ffb69e644,bceed70b9d3ec67ed89cb5c35b49b90624fd66315ab7d564fdbfcdcc9c3c820c,915bedc898c4a63fff6d74c9da29c14f21d1a6b0a7877cba4f915509a86b273c,28e3f0e88742b79f23e207717e804594dc9075191db40cb3df24f97fe388f7bf,2026-09-20T12:26:41+00:00,24474328_18,laurel,"gr10497b,gr10609b,gr10672b",p=1:t=14:c=14:m=64000M,1800.0,1800.0,64000
BBM/model_179.bnet,cyber/complement-gfp-plus-immutable,completed,1758.94,1764.62,,,,138220,,,,,false,false,56,10761338880,618,284,858160,,46,10,46,10,,,,,,lexical,cyber-complement-gfp-plus-immutable,final-comparison-and-ablation,0f8d662,565847fc-58d5-4b2d-96ec-a17ffb69e644,bceed70b9d3ec67ed89cb5c35b49b90624fd66315ab7d564fdbfcdcc9c3c820c,915bedc898c4a63fff6d74c9da29c14f21d1a6b0a7877cba4f915509a86b273c,28e3f0e88742b79f23e207717e804594dc9075191db40cb3df24f97fe388f7bf,2026-09-20T12:26:41+00:00,24474328_63,laurel,"gr10497b,gr10609b,gr10672b",p=1:t=14:c=14:m=64000M,1800.0,1800.0,64000
BBM/model_180.bnet,cyber/complement-gfp-plus-immutable,completed,0.061944,0.184254,,,,12608,,,,,false,false,12,1024,28,2,204,,10,2,10,2,,,,,,lexical,cyber-complement-gfp-plus-immutable,final-comparison-and-ablation,0f8d662,565847fc-58d5-4b2d-96ec-a17ffb69e644,bceed70b9d3ec67ed89cb5c35b49b90624fd66315ab7d564fdbfcdcc9c3c820c,915bedc898c4a63fff6d74c9da29c14f21d1a6b0a7877cba4f915509a86b273c,28e3f0e88742b79f23e207717e804594dc9075191db40cb3df24f97fe388f7bf,2026-09-20T12:26:41+00:00,24474328_45,laurel,"gr10497b,gr10609b,gr10672b",p=1:t=14:c=14:m=64000M,1800.0,1800.0,64000
BBM/model_181.bnet,cyber/complement-gfp-plus-immutable,completed,0.058825,0.170601,,,,12528,,,,,false,false,13,180,11,28,169,,12,1,12,1,,,,,,lexical,cyber-complement-gfp-plus-immutable,final-comparison-and-ablation,0f8d662,565847fc-58d5-4b2d-96ec-a17ffb69e644,bceed70b9d3ec67ed89cb5c35b49b90624fd66315ab7d564fdbfcdcc9c3c820c,915bedc898c4a63fff6d74c9da29c14f21d1a6b0a7877cba4f915509a86b273c,28e3f0e88742b79f23e207717e804594dc9075191db40cb3df24f97fe388f7bf,2026-09-20T12:26:41+00:00,24474328_61,laurel,"gr10497b,gr10609b,gr10672b",p=1:t=14:c=14:m=64000M,1800.0,1800.0,64000
BBM/model_182.bnet,cyber/complement-gfp-plus-immutable,completed,0.076381,0.197603,,,,12560,,,,,false,false,14,16,5,10,73,,12,2,12,2,,,,,,lexical,cyber-complement-gfp-plus-immutable,final-comparison-and-ablation,0f8d662,565847fc-58d5-4b2d-96ec-a17ffb69e644,bceed70b9d3ec67ed89cb5c35b49b90624fd66315ab7d564fdbfcdcc9c3c820c,915bedc898c4a63fff6d74c9da29c14f21d1a6b0a7877cba4f915509a86b273c,28e3f0e88742b79f23e207717e804594dc9075191db40cb3df24f97fe388f7bf,2026-09-20T12:26:41+00:00,24474328_32,laurel,"gr10497b,gr10609b,gr10672b",p=1:t=14:c=14:m=64000M,1800.0,1800.0,64000
BBM/model_183.bnet,cyber/complement-gfp-plus-immutable,completed,26.6507,26.8544,,,,19196,,,,,false,false,35,48131776,181,382,73575,,31,4,31,4,,,,,,lexical,cyber-complement-gfp-plus-immutable,final-comparison-and-ablation,0f8d662,565847fc-58d5-4b2d-96ec-a17ffb69e644,bceed70b9d3ec67ed89cb5c35b49b90624fd66315ab7d564fdbfcdcc9c3c820c,915bedc898c4a63fff6d74c9da29c14f21d1a6b0a7877cba4f915509a86b273c,28e3f0e88742b79f23e207717e804594dc9075191db40cb3df24f97fe388f7bf,2026-09-20T12:26:41+00:00,24474328_134,laurel,"gr10497b,gr10609b,gr10672b",p=1:t=14:c=14:m=64000M,1800.0,1800.0,64000
BBM/model_184.bnet,cyber/complement-gfp-plus-immutable,completed,0.059945,0.179792,,,,12556,,,,,false,false,6,4,3,5,23,,5,1,5,1,,,,,,lexical,cyber-complement-gfp-plus-immutable,final-comparison-and-ablation,0f8d662,565847fc-58d5-4b2d-96ec-a17ffb69e644,bceed70b9d3ec67ed89cb5c35b49b90624fd66315ab7d564fdbfcdcc9c3c820c,915bedc898c4a63fff6d74c9da29c14f21d1a6b0a7877cba4f915509a86b273c,28e3f0e88742b79f23e207717e804594dc9075191db40cb3df24f97fe388f7bf,2026-09-20T12:26:41+00:00,24474328_174,laurel,"gr10497b,gr10609b,gr10672b",p=1:t=14:c=14:m=64000M,1800.0,1800.0,64000
BBM/model_185.bnet,cyber/complement-gfp-plus-immutable,completed,0.061343,0.173458,,,,12592,,,,,false,false,15,72,14,18,105,,12,3,12,3,,,,,,lexical,cyber-complement-gfp-plus-immutable,final-comparison-and-ablation,0f8d662,565847fc-58d5-4b2d-96ec-a17ffb69e644,bceed70b9d3ec67ed89cb5c35b49b90624fd66315ab7d564fdbfcdcc9c3c820c,915bedc898c4a63fff6d74c9da29c14f21d1a6b0a7877cba4f915509a86b273c,28e3f0e88742b79f23e207717e804594dc9075191db40cb3df24f97fe388f7bf,2026-09-20T12:26:41+00:00,24474328_79,laurel,"gr10497b,gr10609b,gr10672b",p=1:t=14:c=14:m=64000M,1800.0,1800.0,64000
BBM/model_186.bnet,cyber/complement-gfp-plus-immutable,completed,0.059113,0.175151,,,,12556,,,,,false,false,10,3,3,10,39,,7,3,7,3,,,,,,lexical,cyber-complement-gfp-plus-immutable,final-comparison-and-ablation,0f8d662,565847fc-58d5-4b2d-96ec-a17ffb69e644,bceed70b9d3ec67ed89cb5c35b49b90624fd66315ab7d564fdbfcdcc9c3c820c,915bedc898c4a63fff6d74c9da29c14f21d1a6b0a7877cba4f915509a86b273c,28e3f0e88742b79f23e207717e804594dc9075191db40cb3df24f97fe388f7bf,2026-09-20T12:26:41+00:00,24474328_110,laurel,"gr10497b,gr10609b,gr10672b",p=1:t=14:c=14:m=64000M,1800.0,1800.0,64000
BBM/model_187.bnet,cyber/complement-gfp-plus-immutable,completed,0.05962,0.171071,,,,12532,,,,,false,false,19,576,18,9,120,,13,6,13,6,,,,,,lexical,cyber-complement-gfp-plus-immutable,final-comparison-and-ablation,0f8d662,565847fc-58d5-4b2d-96ec-a17ffb69e644,bceed70b9d3ec67ed89cb5c35b49b90624fd66315ab7d564fdbfcdcc9c3c820c,915bedc898c4a63fff6d74c9da29c14f21d1a6b0a7877cba4f915509a86b273c,28e3f0e88742b79f23e207717e804594dc9075191db40cb3df24f97fe388f7bf,2026-09-20T12:26:41+00:00,24474328_176,laurel,"gr10497b,gr10609b,gr10672b",p=1:t=14:c=14:m=64000M,1800.0,1800.0,64000
BBM/model_188.bnet,cyber/complement-gfp-plus-immutable,completed,0.464569,0.608803,,,,12600,,,,,false,false,37,5308416,49,22,3943,,30,7,30,7,,,,,,lexical,cyber-complement-gfp-plus-immutable,final-comparison-and-ablation,0f8d662,565847fc-58d5-4b2d-96ec-a17ffb69e644,bceed70b9d3ec67ed89cb5c35b49b90624fd66315ab7d564fdbfcdcc9c3c820c,915bedc898c4a63fff6d74c9da29c14f21d1a6b0a7877cba4f915509a86b273c,28e3f0e88742b79f23e207717e804594dc9075191db40cb3df24f97fe388f7bf,2026-09-20T12:26:41+00:00,24474328_9,laurel,"gr10497b,gr10609b,gr10672b",p=1:t=14:c=14:m=64000M,1800.0,1800.0,64000
BBM/model_189.bnet,cyber/complement-gfp-plus-immutable,completed,0.055275,0.165973,,,,12540,,,,,false,false,6,16,9,2,22,,4,2,4,2,,,,,,lexical,cyber-complement-gfp-plus-immutable,final-comparison-and-ablation,0f8d662,565847fc-58d5-4b2d-96ec-a17ffb69e644,bceed70b9d3ec67ed89cb5c35b49b90624fd66315ab7d564fdbfcdcc9c3c820c,915bedc898c4a63fff6d74c9da29c14f21d1a6b0a7877cba4f915509a86b273c,28e3f0e88742b79f23e207717e804594dc9075191db40cb3df24f97fe388f7bf,2026-09-20T12:26:41+00:00,24474328_128,laurel,"gr10497b,gr10609b,gr10672b",p=1:t=14:c=14:m=64000M,1800.0,1800.0,64000
BBM/model_190.bnet,cyber/complement-gfp-plus-immutable,completed,27.4822,27.6796,,,,12644,,,,,false,false,37,33554432,230,9,61923,,32,5,32,5,,,,,,lexical,cyber-complement-gfp-plus-immutable,final-comparison-and-ablation,0f8d662,565847fc-58d5-4b2d-96ec-a17ffb69e644,bceed70b9d3ec67ed89cb5c35b49b90624fd66315ab7d564fdbfcdcc9c3c820c,915bedc898c4a63fff6d74c9da29c14f21d1a6b0a7877cba4f915509a86b273c,28e3f0e88742b79f23e207717e804594dc9075191db40cb3df24f97fe388f7bf,2026-09-20T12:26:41+00:00,24474328_14,laurel,"gr10497b,gr10609b,gr10672b",p=1:t=14:c=14:m=64000M,1800.0,1800.0,64000
BBM/model_191.bnet,cyber/complement-gfp-plus-immutable,completed,0.079364,0.193038,,,,12604,,,,,false,false,19,8192,33,6,509,,17,2,17,2,,,,,,lexical,cyber-complement-gfp-plus-immutable,final-comparison-and-ablation,0f8d662,565847fc-58d5-4b2d-96ec-a17ffb69e644,bceed70b9d3ec67ed89cb5c35b49b90624fd66315ab7d564fdbfcdcc9c3c820c,915bedc898c4a63fff6d74c9da29c14f21d1a6b0a7877cba4f915509a86b273c,28e3f0e88742b79f23e207717e804594dc9075191db40cb3df24f97fe388f7bf,2026-09-20T12:26:41+00:00,24474328_105,laurel,"gr10497b,gr10609b,gr10672b",p=1:t=14:c=14:m=64000M,1800.0,1800.0,64000
BBM/model_192.bnet,cyber/complement-gfp-plus-immutable,timeout,1792.86,1800.01,,,,2476728,,,,,true,false,102,,,,,,,,,,,,,,,,,final-comparison-and-ablation,0f8d662,565847fc-58d5-4b2d-96ec-a17ffb69e644,bceed70b9d3ec67ed89cb5c35b49b90624fd66315ab7d564fdbfcdcc9c3c820c,915bedc898c4a63fff6d74c9da29c14f21d1a6b0a7877cba4f915509a86b273c,28e3f0e88742b79f23e207717e804594dc9075191db40cb3df24f97fe388f7bf,2026-09-20T12:26:41+00:00,24474328_23,laurel,"gr10497b,gr10609b,gr10672b",p=1:t=14:c=14:m=64000M,1800.0,1800.0,64000
BBM/model_193.bnet,cyber/complement-gfp-plus-immutable,completed,0.936648,1.05537,,,,12556,,,,,false,false,30,2686976,69,64,8288,,28,2,28,2,,,,,,lexical,cyber-complement-gfp-plus-immutable,final-comparison-and-ablation,0f8d662,565847fc-58d5-4b2d-96ec-a17ffb69e644,bceed70b9d3ec67ed89cb5c35b49b90624fd66315ab7d564fdbfcdcc9c3c820c,915bedc898c4a63fff6d74c9da29c14f21d1a6b0a7877cba4f915509a86b273c,28e3f0e88742b79f23e207717e804594dc9075191db40cb3df24f97fe388f7bf,2026-09-20T12:26:41+00:00,24474328_208,laurel,"gr10497b,gr10609b,gr10672b",p=1:t=14:c=14:m=64000M,1800.0,1800.0,64000
BBM/model_194.bnet,cyber/complement-gfp-plus-immutable,timeout,1794.32,1800.01,,,,2445520,,,,,true,false,106,,,,,,,,,,,,,,,,,final-comparison-and-ablation,0f8d662,565847fc-58d5-4b2d-96ec-a17ffb69e644,bceed70b9d3ec67ed89cb5c35b49b90624fd66315ab7d564fdbfcdcc9c3c820c,915bedc898c4a63fff6d74c9da29c14f21d1a6b0a7877cba4f915509a86b273c,28e3f0e88742b79f23e207717e804594dc9075191db40cb3df24f97fe388f7bf,2026-09-20T12:26:41+00:00,24474328_112,laurel,"gr10497b,gr10609b,gr10672b",p=1:t=14:c=14:m=64000M,1800.0,1800.0,64000
BBM/model_195.bnet,cyber/complement-gfp-plus-immutable,timeout,1792.45,1800.01,,,,6413016,,,,,true,false,216,,,,,,,,,,,,,,,,,final-comparison-and-ablation,0f8d662,565847fc-58d5-4b2d-96ec-a17ffb69e644,bceed70b9d3ec67ed89cb5c35b49b90624fd66315ab7d564fdbfcdcc9c3c820c,915bedc898c4a63fff6d74c9da29c14f21d1a6b0a7877cba4f915509a86b273c,28e3f0e88742b79f23e207717e804594dc9075191db40cb3df24f97fe388f7bf,2026-09-20T12:26:41+00:00,24474328_15,laurel,"gr10497b,gr10609b,gr10672b",p=1:t=14:c=14:m=64000M,1800.0,1800.0,64000
BBM/model_196.bnet,cyber/complement-gfp-plus-immutable,completed,1502.16,1508.93,,,,581996,,,,,false,false,61,665559943348224,113,215,1275976,,58,3,58,3,,,,,,lexical,cyber-complement-gfp-plus-immutable,final-comparison-and-ablation,0f8d662,565847fc-58d5-4b2d-96ec-a17ffb69e644,bceed70b9d3ec67ed89cb5c35b49b90624fd66315ab7d564fdbfcdcc9c3c820c,915bedc898c4a63fff6d74c9da29c14f21d1a6b0a7877cba4f915509a86b273c,28e3f0e88742b79f23e207717e804594dc9075191db40cb3df24f97fe388f7bf,2026-09-20T12:26:41+00:00,24474328_37,laurel,"gr10497b,gr10609b,gr10672b",p=1:t=14:c=14:m=64000M,1800.0,1800.0,64000
BBM/model_197.bnet,cyber/complement-gfp-plus-immutable,timeout,1791.31,1800.01,,,,3209804,,,,,true,false,56,,,,,,,,,,,,,,,,,final-comparison-and-ablation,0f8d662,565847fc-58d5-4b2d-96ec-a17ffb69e644,bceed70b9d3ec67ed89cb5c35b49b90624fd66315ab7d564fdbfcdcc9c3c820c,915bedc898c4a63fff6d74c9da29c14f21d1a6b0a7877cba4f915509a86b273c,28e3f0e88742b79f23e207717e804594dc9075191db40cb3df24f97fe388f7bf,2026-09-20T12:26:41+00:00,24474328_202,laurel,"gr10497b,gr10609b,gr10672b",p=1:t=14:c=14:m=64000M,1800.0,1800.0,64000
BBM/model_198.bnet,cyber/complement-gfp-plus-immutable,completed,0.056565,0.168339,,,,12560,,,,,false,false,11,32,7,8,80,,11,0,11,0,,,,,,lexical,cyber-complement-gfp-plus-immutable,final-comparison-and-ablation,0f8d662,565847fc-58d5-4b2d-96ec-a17ffb69e644,bceed70b9d3ec67ed89cb5c35b49b90624fd66315ab7d564fdbfcdcc9c3c820c,915bedc898c4a63fff6d74c9da29c14f21d1a6b0a7877cba4f915509a86b273c,28e3f0e88742b79f23e207717e804594dc9075191db40cb3df24f97fe388f7bf,2026-09-20T12:26:41+00:00,24474328_102,laurel,"gr10497b,gr10609b,gr10672b",p=1:t=14:c=14:m=64000M,1800.0,1800.0,64000
BBM/model_199.bnet,cyber/complement-gfp-plus-immutable,completed,18.6795,18.9866,,,,12640,,,,,false,false,30,53796224,240,285,36864,,30,0,30,0,,,,,,lexical,cyber-complement-gfp-plus-immutable,final-comparison-and-ablation,0f8d662,565847fc-58d5-4b2d-96ec-a17ffb69e644,bceed70b9d3ec67ed89cb5c35b49b90624fd66315ab7d564fdbfcdcc9c3c820c,915bedc898c4a63fff6d74c9da29c14f21d1a6b0a7877cba4f915509a86b273c,28e3f0e88742b79f23e207717e804594dc9075191db40cb3df24f97fe388f7bf,2026-09-20T12:26:41+00:00,24474328_4,laurel,"gr10497b,gr10609b,gr10672b",p=1:t=14:c=14:m=64000M,1800.0,1800.0,64000
BBM/model_200.bnet,cyber/complement-gfp-plus-immutable,completed,0.387145,0.516397,,,,12608,,,,,false,false,26,94208,46,75,3661,,25,1,25,1,,,,,,lexical,cyber-complement-gfp-plus-immutable,final-comparison-and-ablation,0f8d662,565847fc-58d5-4b2d-96ec-a17ffb69e644,bceed70b9d3ec67ed89cb5c35b49b90624fd66315ab7d564fdbfcdcc9c3c820c,915bedc898c4a63fff6d74c9da29c14f21d1a6b0a7877cba4f915509a86b273c,28e3f0e88742b79f23e207717e804594dc9075191db40cb3df24f97fe388f7bf,2026-09-20T12:26:41+00:00,24474328_22,laurel,"gr10497b,gr10609b,gr10672b",p=1:t=14:c=14:m=64000M,1800.0,1800.0,64000
BBM/model_201.bnet,cyber/complement-gfp-plus-immutable,completed,2.4359,2.55726,,,,12608,,,,,false,false,33,6356992,69,83,18174,,31,2,31,2,,,,,,lexical,cyber-complement-gfp-plus-immutable,final-comparison-and-ablation,0f8d662,565847fc-58d5-4b2d-96ec-a17ffb69e644,bceed70b9d3ec67ed89cb5c35b49b90624fd66315ab7d564fdbfcdcc9c3c820c,915bedc898c4a63fff6d74c9da29c14f21d1a6b0a7877cba4f915509a86b273c,28e3f0e88742b79f23e207717e804594dc9075191db40cb3df24f97fe388f7bf,2026-09-20T12:26:41+00:00,24474328_52,laurel,"gr10497b,gr10609b,gr10672b",p=1:t=14:c=14:m=64000M,1800.0,1800.0,64000
BBM/model_202.bnet,cyber/complement-gfp-plus-immutable,completed,1.16598,1.28579,,,,12608,,,,,false,false,31,249856,69,41,9561,,30,1,30,1,,,,,,lexical,cyber-complement-gfp-plus-immutable,final-comparison-and-ablation,0f8d662,565847fc-58d5-4b2d-96ec-a17ffb69e644,bceed70b9d3ec67ed89cb5c35b49b90624fd66315ab7d564fdbfcdcc9c3c820c,915bedc898c4a63fff6d74c9da29c14f21d1a6b0a7877cba4f915509a86b273c,28e3f0e88742b79f23e207717e804594dc9075191db40cb3df24f97fe388f7bf,2026-09-20T12:26:41+00:00,24474328_217,laurel,"gr10497b,gr10609b,gr10672b",p=1:t=14:c=14:m=64000M,1800.0,1800.0,64000
BBM/model_203.bnet,cyber/complement-gfp-plus-immutable,completed,8.044,8.18359,,,,12952,,,,,false,false,40,83361792,76,47,41643,,39,1,39,1,,,,,,lexical,cyber-complement-gfp-plus-immutable,final-comparison-and-ablation,0f8d662,565847fc-58d5-4b2d-96ec-a17ffb69e644,bceed70b9d3ec67ed89cb5c35b49b90624fd66315ab7d564fdbfcdcc9c3c820c,915bedc898c4a63fff6d74c9da29c14f21d1a6b0a7877cba4f915509a86b273c,28e3f0e88742b79f23e207717e804594dc9075191db40cb3df24f97fe388f7bf,2026-09-20T12:26:41+00:00,24474328_68,laurel,"gr10497b,gr10609b,gr10672b",p=1:t=14:c=14:m=64000M,1800.0,1800.0,64000
BBM/model_205.bnet,cyber/complement-gfp-plus-immutable,completed,7.29404,7.4243,,,,19900,,,,,false,false,45,68115496960,53,28,60749,,41,4,41,4,,,,,,lexical,cyber-complement-gfp-plus-immutable,final-comparison-and-ablation,0f8d662,565847fc-58d5-4b2d-96ec-a17ffb69e644,bceed70b9d3ec67ed89cb5c35b49b90624fd66315ab7d564fdbfcdcc9c3c820c,915bedc898c4a63fff6d74c9da29c14f21d1a6b0a7877cba4f915509a86b273c,28e3f0e88742b79f23e207717e804594dc9075191db40cb3df24f97fe388f7bf,2026-09-20T12:26:41+00:00,24474328_147,laurel,"gr10497b,gr10609b,gr10672b",p=1:t=14:c=14:m=64000M,1800.0,1800.0,64000
BBM/model_206.bnet,cyber/complement-gfp-plus-immutable,completed,0.906217,1.0281,,,,12640,,,,,false,false,41,75497472,38,16,10736,,36,5,36,5,,,,,,lexical,cyber-complement-gfp-plus-immutable,final-comparison-and-ablation,0f8d662,565847fc-58d5-4b2d-96ec-a17ffb69e644,bceed70b9d3ec67ed89cb5c35b49b90624fd66315ab7d564fdbfcdcc9c3c820c,915bedc898c4a63fff6d74c9da29c14f21d1a6b0a7877cba4f915509a86b273c,28e3f0e88742b79f23e207717e804594dc9075191db40cb3df24f97fe388f7bf,2026-09-20T12:26:41+00:00,24474328_141,laurel,"gr10497b,gr10609b,gr10672b",p=1:t=14:c=14:m=64000M,1800.0,1800.0,64000
BBM/model_207.bnet,cyber/complement-gfp-plus-immutable,completed,10.0063,10.1501,,,,17912,,,,,false,false,103,2199023255552,51,46,8239,,85,18,85,18,,,,,,lexical,cyber-complement-gfp-plus-immutable,final-comparison-and-ablation,0f8d662,565847fc-58d5-4b2d-96ec-a17ffb69e644,bceed70b9d3ec67ed89cb5c35b49b90624fd66315ab7d564fdbfcdcc9c3c820c,915bedc898c4a63fff6d74c9da29c14f21d1a6b0a7877cba4f915509a86b273c,28e3f0e88742b79f23e207717e804594dc9075191db40cb3df24f97fe388f7bf,2026-09-20T12:26:41+00:00,24474328_55,laurel,"gr10497b,gr10609b,gr10672b",p=1:t=14:c=14:m=64000M,1800.0,1800.0,64000
BBM/model_208.bnet,cyber/complement-gfp-plus-immutable,completed,0.058811,0.171293,,,,12600,,,,,false,false,15,128,9,10,147,,15,0,15,0,,,,,,lexical,cyber-complement-gfp-plus-immutable,final-comparison-and-ablation,0f8d662,565847fc-58d5-4b2d-96ec-a17ffb69e644,bceed70b9d3ec67ed89cb5c35b49b90624fd66315ab7d564fdbfcdcc9c3c820c,915bedc898c4a63fff6d74c9da29c14f21d1a6b0a7877cba4f915509a86b273c,28e3f0e88742b79f23e207717e804594dc9075191db40cb3df24f97fe388f7bf,2026-09-20T12:26:41+00:00,24474328_100,laurel,"gr10497b,gr10609b,gr10672b",p=1:t=14:c=14:m=64000M,1800.0,1800.0,64000
BBM/model_209.bnet,cyber/complement-gfp-plus-immutable,timeout,1793.09,1800.01,,,,2606708,,,,,true,false,87,,,,,,,,,,,,,,,,,final-comparison-and-ablation,0f8d662,565847fc-58d5-4b2d-96ec-a17ffb69e644,bceed70b9d3ec67ed89cb5c35b49b90624fd66315ab7d564fdbfcdcc9c3c820c,915bedc898c4a63fff6d74c9da29c14f21d1a6b0a7877cba4f915509a86b273c,28e3f0e88742b79f23e207717e804594dc9075191db40cb3df24f97fe388f7bf,2026-09-20T12:26:41+00:00,24474328_204,laurel,"gr10497b,gr10609b,gr10672b",p=1:t=14:c=14:m=64000M,1800.0,1800.0,64000
BBM/model_212.bnet,cyber/complement-gfp-plus-immutable,completed,0.05838,0.170315,,,,12604,,,,,false,false,16,152,13,18,120,,13,3,13,3,,,,,,lexical,cyber-complement-gfp-plus-immutable,final-comparison-and-ablation,0f8d662,565847fc-58d5-4b2d-96ec-a17ffb69e644,bceed70b9d3ec67ed89cb5c35b49b90624fd66315ab7d564fdbfcdcc9c3c820c,915bedc898c4a63fff6d74c9da29c14f21d1a6b0a7877cba4f915509a86b273c,28e3f0e88742b79f23e207717e804594dc9075191db40cb3df24f97fe388f7bf,2026-09-20T12:26:41+00:00,24474328_125,laurel,"gr10497b,gr10609b,gr10672b",p=1:t=14:c=14:m=64000M,1800.0,1800.0,64000
BBM/model_213.bnet,cyber/complement-gfp-plus-immutable,completed,458.402,460.084,,,,241460,,,,,false,false,65,18014398509481984,94,2,1313932,,54,11,54,11,,,,,,lexical,cyber-complement-gfp-plus-immutable,final-comparison-and-ablation,0f8d662,565847fc-58d5-4b2d-96ec-a17ffb69e644,bceed70b9d3ec67ed89cb5c35b49b90624fd66315ab7d564fdbfcdcc9c3c820c,915bedc898c4a63fff6d74c9da29c14f21d1a6b0a7877cba4f915509a86b273c,28e3f0e88742b79f23e207717e804594dc9075191db40cb3df24f97fe388f7bf,2026-09-20T12:26:41+00:00,24474328_148,laurel,"gr10497b,gr10609b,gr10672b",p=1:t=14:c=14:m=64000M,1800.0,1800.0,64000
BBM/model_214.bnet,cyber/complement-gfp-plus-immutable,timeout,1792.57,1800.01,,,,1339136,,,,,true,false,70,,,,,,,,,,,,,,,,,final-comparison-and-ablation,0f8d662,565847fc-58d5-4b2d-96ec-a17ffb69e644,bceed70b9d3ec67ed89cb5c35b49b90624fd66315ab7d564fdbfcdcc9c3c820c,915bedc898c4a63fff6d74c9da29c14f21d1a6b0a7877cba4f915509a86b273c,28e3f0e88742b79f23e207717e804594dc9075191db40cb3df24f97fe388f7bf,2026-09-20T12:26:41+00:00,24474328_8,laurel,"gr10497b,gr10609b,gr10672b",p=1:t=14:c=14:m=64000M,1800.0,1800.0,64000
BBM/model_215.bnet,cyber/complement-gfp-plus-immutable,completed,30.3219,30.5436,,,,37316,,,,,false,false,67,17179869184,65,8,196483,,40,27,40,27,,,,,,lexical,cyber-complement-gfp-plus-immutable,final-comparison-and-ablation,0f8d662,565847fc-58d5-4b2d-96ec-a17ffb69e644,bceed70b9d3ec67ed89cb5c35b49b90624fd66315ab7d564fdbfcdcc9c3c820c,915bedc898c4a63fff6d74c9da29c14f21d1a6b0a7877cba4f915509a86b273c,28e3f0e88742b79f23e207717e804594dc9075191db40cb3df24f97fe388f7bf,2026-09-20T12:26:41+00:00,24474328_66,laurel,"gr10497b,gr10609b,gr10672b",p=1:t=14:c=14:m=64000M,1800.0,1800.0,64000
BBM/model_216.bnet,cyber/complement-gfp-plus-immutable,completed,539.374,541.082,,,,393864,,,,,false,false,69,562949953421312,94,5,1947763,,52,17,52,17,,,,,,lexical,cyber-complement-gfp-plus-immutable,final-comparison-and-ablation,0f8d662,565847fc-58d5-4b2d-96ec-a17ffb69e644,bceed70b9d3ec67ed89cb5c35b49b90624fd66315ab7d564fdbfcdcc9c3c820c,915bedc898c4a63fff6d74c9da29c14f21d1a6b0a7877cba4f915509a86b273c,28e3f0e88742b79f23e207717e804594dc9075191db40cb3df24f97fe388f7bf,2026-09-20T12:26:41+00:00,24474328_184,laurel,"gr10497b,gr10609b,gr10672b",p=1:t=14:c=14:m=64000M,1800.0,1800.0,64000
BBM/model_217.bnet,cyber/complement-gfp-plus-immutable,completed,0.219951,0.333183,,,,12556,,,,,false,false,56,2097152,33,2,4215,,21,35,21,35,,,,,,lexical,cyber-complement-gfp-plus-immutable,final-comparison-and-ablation,0f8d662,565847fc-58d5-4b2d-96ec-a17ffb69e644,bceed70b9d3ec67ed89cb5c35b49b90624fd66315ab7d564fdbfcdcc9c3c820c,915bedc898c4a63fff6d74c9da29c14f21d1a6b0a7877cba4f915509a86b273c,28e3f0e88742b79f23e207717e804594dc9075191db40cb3df24f97fe388f7bf,2026-09-20T12:26:41+00:00,24474328_137,laurel,"gr10497b,gr10609b,gr10672b",p=1:t=14:c=14:m=64000M,1800.0,1800.0,64000
BBM/model_218.bnet,cyber/complement-gfp-plus-immutable,completed,0.180835,0.296308,,,,12548,,,,,false,false,68,65536,29,20,1086,,34,34,34,34,,,,,,lexical,cyber-complement-gfp-plus-immutable,final-comparison-and-ablation,0f8d662,565847fc-58d5-4b2d-96ec-a17ffb69e644,bceed70b9d3ec67ed89cb5c35b49b90624fd66315ab7d564fdbfcdcc9c3c820c,915bedc898c4a63fff6d74c9da29c14f21d1a6b0a7877cba4f915509a86b273c,28e3f0e88742b79f23e207717e804594dc9075191db40cb3df24f97fe388f7bf,2026-09-20T12:26:41+00:00,24474328_129,laurel,"gr10497b,gr10609b,gr10672b",p=1:t=14:c=14:m=64000M,1800.0,1800.0,64000
BBM/model_219.bnet,cyber/complement-gfp-plus-immutable,completed,40.4989,40.8159,,,,37792,,,,,false,false,84,377957122048,73,17,196123,,45,39,45,39,,,,,,lexical,cyber-complement-gfp-plus-immutable,final-comparison-and-ablation,0f8d662,565847fc-58d5-4b2d-96ec-a17ffb69e644,bceed70b9d3ec67ed89cb5c35b49b90624fd66315ab7d564fdbfcdcc9c3c820c,915bedc898c4a63fff6d74c9da29c14f21d1a6b0a7877cba4f915509a86b273c,28e3f0e88742b79f23e207717e804594dc9075191db40cb3df24f97fe388f7bf,2026-09-20T12:26:41+00:00,24474328_187,laurel,"gr10497b,gr10609b,gr10672b",p=1:t=14:c=14:m=64000M,1800.0,1800.0,64000
BBM/model_220.bnet,cyber/complement-gfp-plus-immutable,timeout,1794.58,1800.31,,,,50896416,,,,,true,false,342,,,,,,,,,,,,,,,,,final-comparison-and-ablation,0f8d662,565847fc-58d5-4b2d-96ec-a17ffb69e644,bceed70b9d3ec67ed89cb5c35b49b90624fd66315ab7d564fdbfcdcc9c3c820c,915bedc898c4a63fff6d74c9da29c14f21d1a6b0a7877cba4f915509a86b273c,28e3f0e88742b79f23e207717e804594dc9075191db40cb3df24f97fe388f7bf,2026-09-20T12:26:41+00:00,24474328_90,laurel,"gr10497b,gr10609b,gr10672b",p=1:t=14:c=14:m=64000M,1800.0,1800.0,64000
BBM/model_221.bnet,cyber/complement-gfp-plus-immutable,timeout,1792.85,1800.01,,,,1240576,,,,,true,false,317,,,,,,,,,,,,,,,,,final-comparison-and-ablation,0f8d662,565847fc-58d5-4b2d-96ec-a17ffb69e644,bceed70b9d3ec67ed89cb5c35b49b90624fd66315ab7d564fdbfcdcc9c3c820c,915bedc898c4a63fff6d74c9da29c14f21d1a6b0a7877cba4f915509a86b273c,28e3f0e88742b79f23e207717e804594dc9075191db40cb3df24f97fe388f7bf,2026-09-20T12:26:41+00:00,24474328_40,laurel,"gr10497b,gr10609b,gr10672b",p=1:t=14:c=14:m=64000M,1800.0,1800.0,64000
BBM/model_222.bnet,cyber/complement-gfp-plus-immutable,timeout,1794.52,1800.02,,,,25344896,,,,,true,false,206,,,,,,,,,,,,,,,,,final-comparison-and-ablation,0f8d662,565847fc-58d5-4b2d-96ec-a17ffb69e644,bceed70b9d3ec67ed89cb5c35b49b90624fd66315ab7d564fdbfcdcc9c3c820c,915bedc898c4a63fff6d74c9da29c14f21d1a6b0a7877cba4f915509a86b273c,28e3f0e88742b79f23e207717e804594dc9075191db40cb3df24f97fe388f7bf,2026-09-20T12:26:41+00:00,24474328_121,laurel,"gr10497b,gr10609b,gr10672b",p=1:t=14:c=14:m=64000M,1800.0,1800.0,64000
BBM/model_223.bnet,cyber/complement-gfp-plus-immutable,timeout,1793.21,1800.01,,,,1738048,,,,,true,false,141,,,,,,,,,,,,,,,,,final-comparison-and-ablation,0f8d662,565847fc-58d5-4b2d-96ec-a17ffb69e644,bceed70b9d3ec67ed89cb5c35b49b90624fd66315ab7d564fdbfcdcc9c3c820c,915bedc898c4a63fff6d74c9da29c14f21d1a6b0a7877cba4f915509a86b273c,28e3f0e88742b79f23e207717e804594dc9075191db40cb3df24f97fe388f7bf,2026-09-20T12:26:41+00:00,24474328_3,laurel,"gr10497b,gr10609b,gr10672b",p=1:t=14:c=14:m=64000M,1800.0,1800.0,64000
BBM/model_224.bnet,cyber/complement-gfp-plus-immutable,timeout,1796.08,1800.01,,,,3923072,,,,,true,false,95,,,,,,,,,,,,,,,,,final-comparison-and-ablation,0f8d662,565847fc-58d5-4b2d-96ec-a17ffb69e644,bceed70b9d3ec67ed89cb5c35b49b90624fd66315ab7d564fdbfcdcc9c3c820c,915bedc898c4a63fff6d74c9da29c14f21d1a6b0a7877cba4f915509a86b273c,28e3f0e88742b79f23e207717e804594dc9075191db40cb3df24f97fe388f7bf,2026-09-20T12:26:41+00:00,24474328_182,laurel,"gr10497b,gr10609b,gr10672b",p=1:t=14:c=14:m=64000M,1800.0,1800.0,64000
BBM/model_225.bnet,cyber/complement-gfp-plus-immutable,timeout,1791.02,1800.01,,,,2652300,,,,,true,false,91,,,,,,,,,,,,,,,,,final-comparison-and-ablation,0f8d662,565847fc-58d5-4b2d-96ec-a17ffb69e644,bceed70b9d3ec67ed89cb5c35b49b90624fd66315ab7d564fdbfcdcc9c3c820c,915bedc898c4a63fff6d74c9da29c14f21d1a6b0a7877cba4f915509a86b273c,28e3f0e88742b79f23e207717e804594dc9075191db40cb3df24f97fe388f7bf,2026-09-20T12:26:41+00:00,24474328_50,laurel,"gr10497b,gr10609b,gr10672b",p=1:t=14:c=14:m=64000M,1800.0,1800.0,64000
BBM/model_226.bnet,cyber/complement-gfp-plus-immutable,completed,16.791,16.9799,,,,12516,,,,,false,false,75,2147483648,111,39,24822,,68,7,68,7,,,,,,lexical,cyber-complement-gfp-plus-immutable,final-comparison-and-ablation,0f8d662,565847fc-58d5-4b2d-96ec-a17ffb69e644,bceed70b9d3ec67ed89cb5c35b49b90624fd66315ab7d564fdbfcdcc9c3c820c,915bedc898c4a63fff6d74c9da29c14f21d1a6b0a7877cba4f915509a86b273c,28e3f0e88742b79f23e207717e804594dc9075191db40cb3df24f97fe388f7bf,2026-09-20T12:26:41+00:00,24474328_118,laurel,"gr10497b,gr10609b,gr10672b",p=1:t=14:c=14:m=64000M,1800.0,1800.0,64000
BBM/model_227.bnet,cyber/complement-gfp-plus-immutable,completed,13.4961,13.6436,,,,12680,,,,,false,false,65,137438953472,140,2,36160,,37,28,37,28,,,,,,lexical,cyber-complement-gfp-plus-immutable,final-comparison-and-ablation,0f8d662,565847fc-58d5-4b2d-96ec-a17ffb69e644,bceed70b9d3ec67ed89cb5c35b49b90624fd66315ab7d564fdbfcdcc9c3c820c,915bedc898c4a63fff6d74c9da29c14f21d1a6b0a7877cba4f915509a86b273c,28e3f0e88742b79f23e207717e804594dc9075191db40cb3df24f97fe388f7bf,2026-09-20T12:26:41+00:00,24474328_103,laurel,"gr10497b,gr10609b,gr10672b",p=1:t=14:c=14:m=64000M,1800.0,1800.0,64000
BBM/model_228.bnet,cyber/complement-gfp-plus-immutable,timeout,1791.66,1800.01,,,,2421648,,,,,true,false,56,,,,,,,,,,,,,,,,,final-comparison-and-ablation,0f8d662,565847fc-58d5-4b2d-96ec-a17ffb69e644,bceed70b9d3ec67ed89cb5c35b49b90624fd66315ab7d564fdbfcdcc9c3c820c,915bedc898c4a63fff6d74c9da29c14f21d1a6b0a7877cba4f915509a86b273c,28e3f0e88742b79f23e207717e804594dc9075191db40cb3df24f97fe388f7bf,2026-09-20T12:26:41+00:00,24474328_120,laurel,"gr10497b,gr10609b,gr10672b",p=1:t=14:c=14:m=64000M,1800.0,1800.0,64000
BBM/model_230.bnet,cyber/complement-gfp-plus-immutable,timeout,1791.06,1800.01,,,,1350748,,,,,true,false,55,,,,,,,,,,,,,,,,,final-comparison-and-ablation,0f8d662,565847fc-58d5-4b2d-96ec-a17ffb69e644,bceed70b9d3ec67ed89cb5c35b49b90624fd66315ab7d564fdbfcdcc9c3c820c,915bedc898c4a63fff6d74c9da29c14f21d1a6b0a7877cba4f915509a86b273c,28e3f0e88742b79f23e207717e804594dc9075191db40cb3df24f97fe388f7bf,2026-09-20T12:26:41+00:00,24474328_167,laurel,"gr10497b,gr10609b,gr10672b",p=1:t=14:c=14:m=64000M,1800.0,1800.0,64000
BBM/model_001.bnet,cyber/complement-gfp-plus-sink-scc,timeout,1791.7,1800.01,,,,1255892,,,,,true,false,321,,,,,,,,,,,,,,,,,final-comparison-and-ablation,0f8d662,448595f2-3bca-485e-b63a-352e03687ede,73f3bf88e9e5d9b2e1d17aee903c42eb9f1185789321f0491a17382462775d34,915bedc898c4a63fff6d74c9da29c14f21d1a6b0a7877cba4f915509a86b273c,28e3f0e88742b79f23e207717e804594dc9075191db40cb3df24f97fe388f7bf,2026-09-20T12:29:18+00:00,24474349_146,laurel,"gr10497b,gr10609b,gr10672b",p=1:t=14:c=14:m=64000M,1800.0,1800.0,64000
BBM/model_002.bnet,cyber/complement-gfp-plus-sink-scc,timeout,1788.28,1800.23,,,,42426808,,,,,true,false,139,,,,,,,,,,,,,,,,,final-comparison-and-ablation,0f8d662,448595f2-3bca-485e-b63a-352e03687ede,73f3bf88e9e5d9b2e1d17aee903c42eb9f1185789321f0491a17382462775d34,915bedc898c4a63fff6d74c9da29c14f21d1a6b0a7877cba4f915509a86b273c,28e3f0e88742b79f23e207717e804594dc9075191db40cb3df24f97fe388f7bf,2026-09-20T12:29:18+00:00,24474349_155,laurel,"gr10497b,gr10609b,gr10672b",p=1:t=14:c=14:m=64000M,1800.0,1800.0,64000
BBM/model_003.bnet,cyber/complement-gfp-plus-sink-scc,completed,0.05957,0.169199,,,,12636,,,,,false,false,20,337920,18,28,250,,11,9,11,9,20,11,,,,lexical,cyber-complement-gfp-plus-sink-scc,final-comparison-and-ablation,0f8d662,448595f2-3bca-485e-b63a-352e03687ede,73f3bf88e9e5d9b2e1d17aee903c42eb9f1185789321f0491a17382462775d34,915bedc898c4a63fff6d74c9da29c14f21d1a6b0a7877cba4f915509a86b273c,28e3f0e88742b79f23e207717e804594dc9075191db40cb3df24f97fe388f7bf,2026-09-20T12:29:18+00:00,24474349_193,laurel,"gr10497b,gr10609b,gr10672b",p=1:t=14:c=14:m=64000M,1800.0,1800.0,64000
BBM/model_004.bnet,cyber/complement-gfp-plus-sink-scc,oom,1290.98,1295.14,,,,65328164,,,,,false,true,247,,,,,,,,,,,,,,,,cyber-complement-gfp-plus-sink-scc,final-comparison-and-ablation,0f8d662,448595f2-3bca-485e-b63a-352e03687ede,73f3bf88e9e5d9b2e1d17aee903c42eb9f1185789321f0491a17382462775d34,915bedc898c4a63fff6d74c9da29c14f21d1a6b0a7877cba4f915509a86b273c,28e3f0e88742b79f23e207717e804594dc9075191db40cb3df24f97fe388f7bf,2026-09-20T12:29:18+00:00,24474349_207,laurel,"gr10497b,gr10609b,gr10672b",p=1:t=14:c=14:m=64000M,1800.0,1800.0,64000
BBM/model_006.bnet,cyber/complement-gfp-plus-sink-scc,timeout,1789.48,1800.01,,,,879344,,,,,true,false,68,,,,,,,,,,,,,,,,,final-comparison-and-ablation,0f8d662,448595f2-3bca-485e-b63a-352e03687ede,73f3bf88e9e5d9b2e1d17aee903c42eb9f1185789321f0491a17382462775d34,915bedc898c4a63fff6d74c9da29c14f21d1a6b0a7877cba4f915509a86b273c,28e3f0e88742b79f23e207717e804594dc9075191db40cb3df24f97fe388f7bf,2026-09-20T12:29:18+00:00,24474349_62,laurel,"gr10497b,gr10609b,gr10672b",p=1:t=14:c=14:m=64000M,1800.0,1800.0,64000
BBM/model_007.bnet,cyber/complement-gfp-plus-sink-scc,completed,0.056906,0.169691,,,,12528,,,,,false,false,5,16,9,3,29,,5,0,5,0,5,5,,,,lexical,cyber-complement-gfp-plus-sink-scc,final-comparison-and-ablation,0f8d662,448595f2-3bca-485e-b63a-352e03687ede,73f3bf88e9e5d9b2e1d17aee903c42eb9f1185789321f0491a17382462775d34,915bedc898c4a63fff6d74c9da29c14f21d1a6b0a7877cba4f915509a86b273c,28e3f0e88742b79f23e207717e804594dc9075191db40cb3df24f97fe388f7bf,2026-09-20T12:29:18+00:00,24474349_84,laurel,"gr10497b,gr10609b,gr10672b",p=1:t=14:c=14:m=64000M,1800.0,1800.0,64000
BBM/model_008.bnet,cyber/complement-gfp-plus-sink-scc,completed,1.09986,1.22637,,,,12568,,,,,false,false,28,41824,35,67,1715,,25,3,25,3,28,25,,,,lexical,cyber-complement-gfp-plus-sink-scc,final-comparison-and-ablation,0f8d662,448595f2-3bca-485e-b63a-352e03687ede,73f3bf88e9e5d9b2e1d17aee903c42eb9f1185789321f0491a17382462775d34,915bedc898c4a63fff6d74c9da29c14f21d1a6b0a7877cba4f915509a86b273c,28e3f0e88742b79f23e207717e804594dc9075191db40cb3df24f97fe388f7bf,2026-09-20T12:29:18+00:00,24474349_188,laurel,"gr10497b,gr10609b,gr10672b",p=1:t=14:c=14:m=64000M,1800.0,1800.0,64000
BBM/model_009.bnet,cyber/complement-gfp-plus-sink-scc,completed,0.076774,0.189837,,,,12604,,,,,false,false,73,1152921504606846976,21,15,383,,24,49,24,49,73,24,,,,lexical,cyber-complement-gfp-plus-sink-scc,final-comparison-and-ablation,0f8d662,448595f2-3bca-485e-b63a-352e03687ede,73f3bf88e9e5d9b2e1d17aee903c42eb9f1185789321f0491a17382462775d34,915bedc898c4a63fff6d74c9da29c14f21d1a6b0a7877cba4f915509a86b273c,28e3f0e88742b79f23e207717e804594dc9075191db40cb3df24f97fe388f7bf,2026-09-20T12:29:18+00:00,24474349_205,laurel,"gr10497b,gr10609b,gr10672b",p=1:t=14:c=14:m=64000M,1800.0,1800.0,64000
BBM/model_010.bnet,cyber/complement-gfp-plus-sink-scc,completed,0.064317,0.177904,,,,12632,,,,,false,false,15,368,17,20,233,,15,0,15,0,15,15,,,,lexical,cyber-complement-gfp-plus-sink-scc,final-comparison-and-ablation,0f8d662,448595f2-3bca-485e-b63a-352e03687ede,73f3bf88e9e5d9b2e1d17aee903c42eb9f1185789321f0491a17382462775d34,915bedc898c4a63fff6d74c9da29c14f21d1a6b0a7877cba4f915509a86b273c,28e3f0e88742b79f23e207717e804594dc9075191db40cb3df24f97fe388f7bf,2026-09-20T12:29:18+00:00,24474349_86,laurel,"gr10497b,gr10609b,gr10672b",p=1:t=14:c=14:m=64000M,1800.0,1800.0,64000
BBM/model_011.bnet,cyber/complement-gfp-plus-sink-scc,completed,0.552549,0.677161,,,,12496,,,,,false,false,44,72482816,34,218,5645,,37,7,37,7,44,37,,,,lexical,cyber-complement-gfp-plus-sink-scc,final-comparison-and-ablation,0f8d662,448595f2-3bca-485e-b63a-352e03687ede,73f3bf88e9e5d9b2e1d17aee903c42eb9f1185789321f0491a17382462775d34,915bedc898c4a63fff6d74c9da29c14f21d1a6b0a7877cba4f915509a86b273c,28e3f0e88742b79f23e207717e804594dc9075191db40cb3df24f97fe388f7bf,2026-09-20T12:29:18+00:00,24474349_183,laurel,"gr10497b,gr10609b,gr10672b",p=1:t=14:c=14:m=64000M,1800.0,1800.0,64000
BBM/model_012.bnet,cyber/complement-gfp-plus-sink-scc,timeout,1791.97,1800.01,,,,735072,,,,,true,false,101,,,,,,,,,,,,,,,,cyber-complement-gfp-plus-sink-scc,final-comparison-and-ablation,0f8d662,448595f2-3bca-485e-b63a-352e03687ede,73f3bf88e9e5d9b2e1d17aee903c42eb9f1185789321f0491a17382462775d34,915bedc898c4a63fff6d74c9da29c14f21d1a6b0a7877cba4f915509a86b273c,28e3f0e88742b79f23e207717e804594dc9075191db40cb3df24f97fe388f7bf,2026-09-20T12:29:18+00:00,24474349_6,laurel,"gr10497b,gr10609b,gr10672b",p=1:t=14:c=14:m=64000M,1800.0,1800.0,64000
BBM/model_013.bnet,cyber/complement-gfp-plus-sink-scc,completed,0.487461,0.60202,,,,12632,,,,,false,false,34,524288,100,17,2155,,31,3,31,3,34,31,,,,lexical,cyber-complement-gfp-plus-sink-scc,final-comparison-and-ablation,0f8d662,448595f2-3bca-485e-b63a-352e03687ede,73f3bf88e9e5d9b2e1d17aee903c42eb9f1185789321f0491a17382462775d34,915bedc898c4a63fff6d74c9da29c14f21d1a6b0a7877cba4f915509a86b273c,28e3f0e88742b79f23e207717e804594dc9075191db40cb3df24f97fe388f7bf,2026-09-20T12:29:18+00:00,24474349_181,laurel,"gr10497b,gr10609b,gr10672b",p=1:t=14:c=14:m=64000M,1800.0,1800.0,64000
BBM/model_014.bnet,cyber/complement-gfp-plus-sink-scc,completed,2.36329,2.48571,,,,12600,,,,,false,false,61,98205696,28,251,11704,,58,3,58,3,61,58,,,,lexical,cyber-complement-gfp-plus-sink-scc,final-comparison-and-ablation,0f8d662,448595f2-3bca-485e-b63a-352e03687ede,73f3bf88e9e5d9b2e1d17aee903c42eb9f1185789321f0491a17382462775d34,915bedc898c4a63fff6d74c9da29c14f21d1a6b0a7877cba4f915509a86b273c,28e3f0e88742b79f23e207717e804594dc9075191db40cb3df24f97fe388f7bf,2026-09-20T12:29:18+00:00,24474349_88,laurel,"gr10497b,gr10609b,gr10672b",p=1:t=14:c=14:m=64000M,1800.0,1800.0,64000
BBM/model_015.bnet,cyber/complement-gfp-plus-sink-scc,completed,0.088791,0.199245,,,,12560,,,,,false,false,16,16384,55,4,528,,14,2,14,2,16,14,,,,lexical,cyber-complement-gfp-plus-sink-scc,final-comparison-and-ablation,0f8d662,448595f2-3bca-485e-b63a-352e03687ede,73f3bf88e9e5d9b2e1d17aee903c42eb9f1185789321f0491a17382462775d34,915bedc898c4a63fff6d74c9da29c14f21d1a6b0a7877cba4f915509a86b273c,28e3f0e88742b79f23e207717e804594dc9075191db40cb3df24f97fe388f7bf,2026-09-20T12:29:18+00:00,24474349_53,laurel,"gr10497b,gr10609b,gr10672b",p=1:t=14:c=14:m=64000M,1800.0,1800.0,64000
BBM/model_016.bnet,cyber/complement-gfp-plus-sink-scc,timeout,1795.14,1800.01,,,,2429268,,,,,true,false,118,,,,,,,,,,,,,,,,,final-comparison-and-ablation,0f8d662,448595f2-3bca-485e-b63a-352e03687ede,73f3bf88e9e5d9b2e1d17aee903c42eb9f1185789321f0491a17382462775d34,915bedc898c4a63fff6d74c9da29c14f21d1a6b0a7877cba4f915509a86b273c,28e3f0e88742b79f23e207717e804594dc9075191db40cb3df24f97fe388f7bf,2026-09-20T12:29:18+00:00,24474349_35,laurel,"gr10497b,gr10609b,gr10672b",p=1:t=14:c=14:m=64000M,1800.0,1800.0,64000
BBM/model_017.bnet,cyber/complement-gfp-plus-sink-scc,completed,0.71973,0.843212,,,,12560,,,,,false,false,50,4096,18,40,3655,,46,4,46,4,50,46,,,,lexical,cyber-complement-gfp-plus-sink-scc,final-comparison-and-ablation,0f8d662,448595f2-3bca-485e-b63a-352e03687ede,73f3bf88e9e5d9b2e1d17aee903c42eb9f1185789321f0491a17382462775d34,915bedc898c4a63fff6d74c9da29c14f21d1a6b0a7877cba4f915509a86b273c,28e3f0e88742b79f23e207717e804594dc9075191db40cb3df24f97fe388f7bf,2026-09-20T12:29:18+00:00,24474349_60,laurel,"gr10497b,gr10609b,gr10672b",p=1:t=14:c=14:m=64000M,1800.0,1800.0,64000
BBM/model_018.bnet,cyber/complement-gfp-plus-sink-scc,completed,68.6693,69.0024,,,,36212,,,,,false,false,104,52097640489421897728,120,159,157556,,69,35,69,35,104,69,,,,lexical,cyber-complement-gfp-plus-sink-scc,final-comparison-and-ablation,0f8d662,448595f2-3bca-485e-b63a-352e03687ede,73f3bf88e9e5d9b2e1d17aee903c42eb9f1185789321f0491a17382462775d34,915bedc898c4a63fff6d74c9da29c14f21d1a6b0a7877cba4f915509a86b273c,28e3f0e88742b79f23e207717e804594dc9075191db40cb3df24f97fe388f7bf,2026-09-20T12:29:18+00:00,24474349_39,laurel,"gr10497b,gr10609b,gr10672b",p=1:t=14:c=14:m=64000M,1800.0,1800.0,64000
BBM/model_019.bnet,cyber/complement-gfp-plus-sink-scc,timeout,1793.86,1800.01,,,,477652,,,,,true,false,86,,,,,,,,,,,,,,,,cyber-complement-gfp-plus-sink-scc,final-comparison-and-ablation,0f8d662,448595f2-3bca-485e-b63a-352e03687ede,73f3bf88e9e5d9b2e1d17aee903c42eb9f1185789321f0491a17382462775d34,915bedc898c4a63fff6d74c9da29c14f21d1a6b0a7877cba4f915509a86b273c,28e3f0e88742b79f23e207717e804594dc9075191db40cb3df24f97fe388f7bf,2026-09-20T12:29:18+00:00,24474349_140,laurel,"gr10497b,gr10609b,gr10672b",p=1:t=14:c=14:m=64000M,1800.0,1800.0,64000
BBM/model_021.bnet,cyber/complement-gfp-plus-sink-scc,completed,0.055005,0.166037,,,,12596,,,,,false,false,17,16384,1,5,11,,3,14,3,14,17,3,,,,lexical,cyber-complement-gfp-plus-sink-scc,final-comparison-and-ablation,0f8d662,448595f2-3bca-485e-b63a-352e03687ede,73f3bf88e9e5d9b2e1d17aee903c42eb9f1185789321f0491a17382462775d34,915bedc898c4a63fff6d74c9da29c14f21d1a6b0a7877cba4f915509a86b273c,28e3f0e88742b79f23e207717e804594dc9075191db40cb3df24f97fe388f7bf,2026-09-20T12:29:18+00:00,24474349_152,laurel,"gr10497b,gr10609b,gr10672b",p=1:t=14:c=14:m=64000M,1800.0,1800.0,64000
BBM/model_022.bnet,cyber/complement-gfp-plus-sink-scc,completed,0.058297,0.169831,,,,12548,,,,,false,false,22,131072,1,7,15,,5,17,5,17,22,5,,,,lexical,cyber-complement-gfp-plus-sink-scc,final-comparison-and-ablation,0f8d662,448595f2-3bca-485e-b63a-352e03687ede,73f3bf88e9e5d9b2e1d17aee903c42eb9f1185789321f0491a17382462775d34,915bedc898c4a63fff6d74c9da29c14f21d1a6b0a7877cba4f915509a86b273c,28e3f0e88742b79f23e207717e804594dc9075191db40cb3df24f97fe388f7bf,2026-09-20T12:29:18+00:00,24474349_161,laurel,"gr10497b,gr10609b,gr10672b",p=1:t=14:c=14:m=64000M,1800.0,1800.0,64000
BBM/model_023.bnet,cyber/complement-gfp-plus-sink-scc,completed,0.056462,0.167389,,,,12604,,,,,false,false,10,32,5,13,70,,10,0,10,0,10,10,,,,lexical,cyber-complement-gfp-plus-sink-scc,final-comparison-and-ablation,0f8d662,448595f2-3bca-485e-b63a-352e03687ede,73f3bf88e9e5d9b2e1d17aee903c42eb9f1185789321f0491a17382462775d34,915bedc898c4a63fff6d74c9da29c14f21d1a6b0a7877cba4f915509a86b273c,28e3f0e88742b79f23e207717e804594dc9075191db40cb3df24f97fe388f7bf,2026-09-20T12:29:18+00:00,24474349_209,laurel,"gr10497b,gr10609b,gr10672b",p=1:t=14:c=14:m=64000M,1800.0,1800.0,64000
BBM/model_024.bnet,cyber/complement-gfp-plus-sink-scc,completed,0.184348,0.306902,,,,12628,,,,,false,false,20,5056,36,35,1285,,20,0,20,0,20,20,,,,lexical,cyber-complement-gfp-plus-sink-scc,final-comparison-and-ablation,0f8d662,448595f2-3bca-485e-b63a-352e03687ede,73f3bf88e9e5d9b2e1d17aee903c42eb9f1185789321f0491a17382462775d34,915bedc898c4a63fff6d74c9da29c14f21d1a6b0a7877cba4f915509a86b273c,28e3f0e88742b79f23e207717e804594dc9075191db40cb3df24f97fe388f7bf,2026-09-20T12:29:18+00:00,24474349_81,laurel,"gr10497b,gr10609b,gr10672b",p=1:t=14:c=14:m=64000M,1800.0,1800.0,64000
BBM/model_025.bnet,cyber/complement-gfp-plus-sink-scc,completed,1.72559,1.8524,,,,12604,,,,,false,false,60,90243072,28,132,5203,,57,3,57,3,60,57,,,,lexical,cyber-complement-gfp-plus-sink-scc,final-comparison-and-ablation,0f8d662,448595f2-3bca-485e-b63a-352e03687ede,73f3bf88e9e5d9b2e1d17aee903c42eb9f1185789321f0491a17382462775d34,915bedc898c4a63fff6d74c9da29c14f21d1a6b0a7877cba4f915509a86b273c,28e3f0e88742b79f23e207717e804594dc9075191db40cb3df24f97fe388f7bf,2026-09-20T12:29:18+00:00,24474349_104,laurel,"gr10497b,gr10609b,gr10672b",p=1:t=14:c=14:m=64000M,1800.0,1800.0,64000
BBM/model_027.bnet,cyber/complement-gfp-plus-sink-scc,completed,0.064182,0.176667,,,,12624,,,,,false,false,26,2048,17,17,273,,23,3,23,3,26,23,,,,lexical,cyber-complement-gfp-plus-sink-scc,final-comparison-and-ablation,0f8d662,448595f2-3bca-485e-b63a-352e03687ede,73f3bf88e9e5d9b2e1d17aee903c42eb9f1185789321f0491a17382462775d34,915bedc898c4a63fff6d74c9da29c14f21d1a6b0a7877cba4f915509a86b273c,28e3f0e88742b79f23e207717e804594dc9075191db40cb3df24f97fe388f7bf,2026-09-20T12:29:18+00:00,24474349_163,laurel,"gr10497b,gr10609b,gr10672b",p=1:t=14:c=14:m=64000M,1800.0,1800.0,64000
BBM/model_028.bnet,cyber/complement-gfp-plus-sink-scc,completed,0.056442,0.168454,,,,12544,,,,,false,false,18,1024,1,10,21,,8,10,8,10,18,8,,,,lexical,cyber-complement-gfp-plus-sink-scc,final-comparison-and-ablation,0f8d662,448595f2-3bca-485e-b63a-352e03687ede,73f3bf88e9e5d9b2e1d17aee903c42eb9f1185789321f0491a17382462775d34,915bedc898c4a63fff6d74c9da29c14f21d1a6b0a7877cba4f915509a86b273c,28e3f0e88742b79f23e207717e804594dc9075191db40cb3df24f97fe388f7bf,2026-09-20T12:29:18+00:00,24474349_197,laurel,"gr10497b,gr10609b,gr10672b",p=1:t=14:c=14:m=64000M,1800.0,1800.0,64000
BBM/model_029.bnet,cyber/complement-gfp-plus-sink-scc,completed,0.056588,0.170295,,,,12608,,,,,false,false,11,512,1,4,9,,2,9,2,9,11,2,,,,lexical,cyber-complement-gfp-plus-sink-scc,final-comparison-and-ablation,0f8d662,448595f2-3bca-485e-b63a-352e03687ede,73f3bf88e9e5d9b2e1d17aee903c42eb9f1185789321f0491a17382462775d34,915bedc898c4a63fff6d74c9da29c14f21d1a6b0a7877cba4f915509a86b273c,28e3f0e88742b79f23e207717e804594dc9075191db40cb3df24f97fe388f7bf,2026-09-20T12:29:18+00:00,24474349_71,laurel,"gr10497b,gr10609b,gr10672b",p=1:t=14:c=14:m=64000M,1800.0,1800.0,64000
BBM/model_030.bnet,cyber/complement-gfp-plus-sink-scc,completed,0.056714,0.1678,,,,12484,,,,,false,false,24,262144,1,8,17,,6,18,6,18,24,6,,,,lexical,cyber-complement-gfp-plus-sink-scc,final-comparison-and-ablation,0f8d662,448595f2-3bca-485e-b63a-352e03687ede,73f3bf88e9e5d9b2e1d17aee903c42eb9f1185789321f0491a17382462775d34,915bedc898c4a63fff6d74c9da29c14f21d1a6b0a7877cba4f915509a86b273c,28e3f0e88742b79f23e207717e804594dc9075191db40cb3df24f97fe388f7bf,2026-09-20T12:29:18+00:00,24474349_85,laurel,"gr10497b,gr10609b,gr10672b",p=1:t=14:c=14:m=64000M,1800.0,1800.0,64000
BBM/model_031.bnet,cyber/complement-gfp-plus-sink-scc,completed,0.057433,0.170424,,,,12592,,,,,false,false,9,60,7,24,89,,9,0,9,0,9,9,,,,lexical,cyber-complement-gfp-plus-sink-scc,final-comparison-and-ablation,0f8d662,448595f2-3bca-485e-b63a-352e03687ede,73f3bf88e9e5d9b2e1d17aee903c42eb9f1185789321f0491a17382462775d34,915bedc898c4a63fff6d74c9da29c14f21d1a6b0a7877cba4f915509a86b273c,28e3f0e88742b79f23e207717e804594dc9075191db40cb3df24f97fe388f7bf,2026-09-20T12:29:18+00:00,24474349_95,laurel,"gr10497b,gr10609b,gr10672b",p=1:t=14:c=14:m=64000M,1800.0,1800.0,64000
BBM/model_032.bnet,cyber/complement-gfp-plus-sink-scc,completed,0.057876,0.168119,,,,12544,,,,,false,false,40,85899345920,10,10,100,,10,30,10,30,40,10,,,,lexical,cyber-complement-gfp-plus-sink-scc,final-comparison-and-ablation,0f8d662,448595f2-3bca-485e-b63a-352e03687ede,73f3bf88e9e5d9b2e1d17aee903c42eb9f1185789321f0491a17382462775d34,915bedc898c4a63fff6d74c9da29c14f21d1a6b0a7877cba4f915509a86b273c,28e3f0e88742b79f23e207717e804594dc9075191db40cb3df24f97fe388f7bf,2026-09-20T12:29:18+00:00,24474349_158,laurel,"gr10497b,gr10609b,gr10672b",p=1:t=14:c=14:m=64000M,1800.0,1800.0,64000
BBM/model_033.bnet,cyber/complement-gfp-plus-sink-scc,completed,0.058165,0.170531,,,,12532,,,,,false,false,24,1,1,26,335,,24,0,24,0,24,24,,,,lexical,cyber-complement-gfp-plus-sink-scc,final-comparison-and-ablation,0f8d662,448595f2-3bca-485e-b63a-352e03687ede,73f3bf88e9e5d9b2e1d17aee903c42eb9f1185789321f0491a17382462775d34,915bedc898c4a63fff6d74c9da29c14f21d1a6b0a7877cba4f915509a86b273c,28e3f0e88742b79f23e207717e804594dc9075191db40cb3df24f97fe388f7bf,2026-09-20T12:29:18+00:00,24474349_216,laurel,"gr10497b,gr10609b,gr10672b",p=1:t=14:c=14:m=64000M,1800.0,1800.0,64000
BBM/model_034.bnet,cyber/complement-gfp-plus-sink-scc,completed,0.057752,0.17051,,,,12596,,,,,false,false,23,1,1,25,307,,23,0,23,0,23,23,,,,lexical,cyber-complement-gfp-plus-sink-scc,final-comparison-and-ablation,0f8d662,448595f2-3bca-485e-b63a-352e03687ede,73f3bf88e9e5d9b2e1d17aee903c42eb9f1185789321f0491a17382462775d34,915bedc898c4a63fff6d74c9da29c14f21d1a6b0a7877cba4f915509a86b273c,28e3f0e88742b79f23e207717e804594dc9075191db40cb3df24f97fe388f7bf,2026-09-20T12:29:18+00:00,24474349_27,laurel,"gr10497b,gr10609b,gr10672b",p=1:t=14:c=14:m=64000M,1800.0,1800.0,64000
BBM/model_035.bnet,cyber/complement-gfp-plus-sink-scc,completed,0.060345,0.175611,,,,12588,,,,,false,false,16,1,1,18,153,,16,0,16,0,16,16,,,,lexical,cyber-complement-gfp-plus-sink-scc,final-comparison-and-ablation,0f8d662,448595f2-3bca-485e-b63a-352e03687ede,73f3bf88e9e5d9b2e1d17aee903c42eb9f1185789321f0491a17382462775d34,915bedc898c4a63fff6d74c9da29c14f21d1a6b0a7877cba4f915509a86b273c,28e3f0e88742b79f23e207717e804594dc9075191db40cb3df24f97fe388f7bf,2026-09-20T12:29:18+00:00,24474349_171,laurel,"gr10497b,gr10609b,gr10672b",p=1:t=14:c=14:m=64000M,1800.0,1800.0,64000
BBM/model_036.bnet,cyber/complement-gfp-plus-sink-scc,completed,0.057863,0.173452,,,,12600,,,,,false,false,16,1,1,18,125,,16,0,16,0,16,16,,,,lexical,cyber-complement-gfp-plus-sink-scc,final-comparison-and-ablation,0f8d662,448595f2-3bca-485e-b63a-352e03687ede,73f3bf88e9e5d9b2e1d17aee903c42eb9f1185789321f0491a17382462775d34,915bedc898c4a63fff6d74c9da29c14f21d1a6b0a7877cba4f915509a86b273c,28e3f0e88742b79f23e207717e804594dc9075191db40cb3df24f97fe388f7bf,2026-09-20T12:29:18+00:00,24474349_94,laurel,"gr10497b,gr10609b,gr10672b",p=1:t=14:c=14:m=64000M,1800.0,1800.0,64000
BBM/model_037.bnet,cyber/complement-gfp-plus-sink-scc,completed,0.055666,0.166071,,,,12600,,,,,false,false,16,1024,1,8,22,,6,10,6,10,16,6,,,,lexical,cyber-complement-gfp-plus-sink-scc,final-comparison-and-ablation,0f8d662,448595f2-3bca-485e-b63a-352e03687ede,73f3bf88e9e5d9b2e1d17aee903c42eb9f1185789321f0491a17382462775d34,915bedc898c4a63fff6d74c9da29c14f21d1a6b0a7877cba4f915509a86b273c,28e3f0e88742b79f23e207717e804594dc9075191db40cb3df24f97fe388f7bf,2026-09-20T12:29:18+00:00,24474349_119,laurel,"gr10497b,gr10609b,gr10672b",p=1:t=14:c=14:m=64000M,1800.0,1800.0,64000
BBM/model_038.bnet,cyber/complement-gfp-plus-sink-scc,completed,0.059837,0.17526,,,,12548,,,,,false,false,25,1,1,27,384,,25,0,25,0,25,25,,,,lexical,cyber-complement-gfp-plus-sink-scc,final-comparison-and-ablation,0f8d662,448595f2-3bca-485e-b63a-352e03687ede,73f3bf88e9e5d9b2e1d17aee903c42eb9f1185789321f0491a17382462775d34,915bedc898c4a63fff6d74c9da29c14f21d1a6b0a7877cba4f915509a86b273c,28e3f0e88742b79f23e207717e804594dc9075191db40cb3df24f97fe388f7bf,2026-09-20T12:29:18+00:00,24474349_106,laurel,"gr10497b,gr10609b,gr10672b",p=1:t=14:c=14:m=64000M,1800.0,1800.0,64000
BBM/model_039.bnet,cyber/complement-gfp-plus-sink-scc,timeout,1793.83,1800.02,,,,4982700,,,,,true,false,136,,,,,,,,,,,,,,,,,final-comparison-and-ablation,0f8d662,448595f2-3bca-485e-b63a-352e03687ede,73f3bf88e9e5d9b2e1d17aee903c42eb9f1185789321f0491a17382462775d34,915bedc898c4a63fff6d74c9da29c14f21d1a6b0a7877cba4f915509a86b273c,28e3f0e88742b79f23e207717e804594dc9075191db40cb3df24f97fe388f7bf,2026-09-20T12:29:18+00:00,24474349_19,laurel,"gr10497b,gr10609b,gr10672b",p=1:t=14:c=14:m=64000M,1800.0,1800.0,64000
BBM/model_040.bnet,cyber/complement-gfp-plus-sink-scc,completed,0.596512,0.712746,,,,12648,,,,,false,false,23,67584,67,16,3948,,23,0,23,0,23,23,,,,lexical,cyber-complement-gfp-plus-sink-scc,final-comparison-and-ablation,0f8d662,448595f2-3bca-485e-b63a-352e03687ede,73f3bf88e9e5d9b2e1d17aee903c42eb9f1185789321f0491a17382462775d34,915bedc898c4a63fff6d74c9da29c14f21d1a6b0a7877cba4f915509a86b273c,28e3f0e88742b79f23e207717e804594dc9075191db40cb3df24f97fe388f7bf,2026-09-20T12:29:18+00:00,24474349_172,laurel,"gr10497b,gr10609b,gr10672b",p=1:t=14:c=14:m=64000M,1800.0,1800.0,64000
BBM/model_041.bnet,cyber/complement-gfp-plus-sink-scc,timeout,1790.61,1800.02,,,,2092816,,,,,true,false,131,,,,,,,,,,,,,,,,,final-comparison-and-ablation,0f8d662,448595f2-3bca-485e-b63a-352e03687ede,73f3bf88e9e5d9b2e1d17aee903c42eb9f1185789321f0491a17382462775d34,915bedc898c4a63fff6d74c9da29c14f21d1a6b0a7877cba4f915509a86b273c,28e3f0e88742b79f23e207717e804594dc9075191db40cb3df24f97fe388f7bf,2026-09-20T12:29:18+00:00,24474349_162,laurel,"gr10497b,gr10609b,gr10672b",p=1:t=14:c=14:m=64000M,1800.0,1800.0,64000
BBM/model_042.bnet,cyber/complement-gfp-plus-sink-scc,completed,0.059498,0.171887,,,,12624,,,,,false,false,24,16384,1,12,25,,10,14,10,14,24,10,,,,lexical,cyber-complement-gfp-plus-sink-scc,final-comparison-and-ablation,0f8d662,448595f2-3bca-485e-b63a-352e03687ede,73f3bf88e9e5d9b2e1d17aee903c42eb9f1185789321f0491a17382462775d34,915bedc898c4a63fff6d74c9da29c14f21d1a6b0a7877cba4f915509a86b273c,28e3f0e88742b79f23e207717e804594dc9075191db40cb3df24f97fe388f7bf,2026-09-20T12:29:18+00:00,24474349_42,laurel,"gr10497b,gr10609b,gr10672b",p=1:t=14:c=14:m=64000M,1800.0,1800.0,64000
BBM/model_043.bnet,cyber/complement-gfp-plus-sink-scc,completed,1.05954,1.17377,,,,12620,,,,,false,false,33,40341504,55,107,8794,,30,3,30,3,33,30,,,,lexical,cyber-complement-gfp-plus-sink-scc,final-comparison-and-ablation,0f8d662,448595f2-3bca-485e-b63a-352e03687ede,73f3bf88e9e5d9b2e1d17aee903c42eb9f1185789321f0491a17382462775d34,915bedc898c4a63fff6d74c9da29c14f21d1a6b0a7877cba4f915509a86b273c,28e3f0e88742b79f23e207717e804594dc9075191db40cb3df24f97fe388f7bf,2026-09-20T12:29:18+00:00,24474349_16,laurel,"gr10497b,gr10609b,gr10672b",p=1:t=14:c=14:m=64000M,1800.0,1800.0,64000
BBM/model_044.bnet,cyber/complement-gfp-plus-sink-scc,completed,0.113794,0.225773,,,,12564,,,,,false,false,26,20480,24,18,640,,25,1,25,1,26,25,,,,lexical,cyber-complement-gfp-plus-sink-scc,final-comparison-and-ablation,0f8d662,448595f2-3bca-485e-b63a-352e03687ede,73f3bf88e9e5d9b2e1d17aee903c42eb9f1185789321f0491a17382462775d34,915bedc898c4a63fff6d74c9da29c14f21d1a6b0a7877cba4f915509a86b273c,28e3f0e88742b79f23e207717e804594dc9075191db40cb3df24f97fe388f7bf,2026-09-20T12:29:18+00:00,24474349_177,laurel,"gr10497b,gr10609b,gr10672b",p=1:t=14:c=14:m=64000M,1800.0,1800.0,64000
BBM/model_045.bnet,cyber/complement-gfp-plus-sink-scc,completed,0.058525,0.171412,,,,12604,,,,,false,false,24,2048,1,15,31,,13,11,13,11,24,13,,,,lexical,cyber-complement-gfp-plus-sink-scc,final-comparison-and-ablation,0f8d662,448595f2-3bca-485e-b63a-352e03687ede,73f3bf88e9e5d9b2e1d17aee903c42eb9f1185789321f0491a17382462775d34,915bedc898c4a63fff6d74c9da29c14f21d1a6b0a7877cba4f915509a86b273c,28e3f0e88742b79f23e207717e804594dc9075191db40cb3df24f97fe388f7bf,2026-09-20T12:29:18+00:00,24474349_21,laurel,"gr10497b,gr10609b,gr10672b",p=1:t=14:c=14:m=64000M,1800.0,1800.0,64000
BBM/model_046.bnet,cyber/complement-gfp-plus-sink-scc,completed,109.373,109.881,,,,62404,,,,,false,false,53,21743271936,101,52,264694,,48,5,48,5,53,48,,,,lexical,cyber-complement-gfp-plus-sink-scc,final-comparison-and-ablation,0f8d662,448595f2-3bca-485e-b63a-352e03687ede,73f3bf88e9e5d9b2e1d17aee903c42eb9f1185789321f0491a17382462775d34,915bedc898c4a63fff6d74c9da29c14f21d1a6b0a7877cba4f915509a86b273c,28e3f0e88742b79f23e207717e804594dc9075191db40cb3df24f97fe388f7bf,2026-09-20T12:29:18+00:00,24474349_44,laurel,"gr10497b,gr10609b,gr10672b",p=1:t=14:c=14:m=64000M,1800.0,1800.0,64000
BBM/model_047.bnet,cyber/complement-gfp-plus-sink-scc,completed,0.057184,0.170436,,,,12620,,,,,false,false,23,16384,1,11,23,,9,14,9,14,23,9,,,,lexical,cyber-complement-gfp-plus-sink-scc,final-comparison-and-ablation,0f8d662,448595f2-3bca-485e-b63a-352e03687ede,73f3bf88e9e5d9b2e1d17aee903c42eb9f1185789321f0491a17382462775d34,915bedc898c4a63fff6d74c9da29c14f21d1a6b0a7877cba4f915509a86b273c,28e3f0e88742b79f23e207717e804594dc9075191db40cb3df24f97fe388f7bf,2026-09-20T12:29:18+00:00,24474349_154,laurel,"gr10497b,gr10609b,gr10672b",p=1:t=14:c=14:m=64000M,1800.0,1800.0,64000
BBM/model_048.bnet,cyber/complement-gfp-plus-sink-scc,completed,0.54463,0.65737,,,,12596,,,,,false,false,73,677299162710016,40,142,6250,,40,33,40,33,73,40,,,,lexical,cyber-complement-gfp-plus-sink-scc,final-comparison-and-ablation,0f8d662,448595f2-3bca-485e-b63a-352e03687ede,73f3bf88e9e5d9b2e1d17aee903c42eb9f1185789321f0491a17382462775d34,915bedc898c4a63fff6d74c9da29c14f21d1a6b0a7877cba4f915509a86b273c,28e3f0e88742b79f23e207717e804594dc9075191db40cb3df24f97fe388f7bf,2026-09-20T12:29:18+00:00,24474349_38,laurel,"gr10497b,gr10609b,gr10672b",p=1:t=14:c=14:m=64000M,1800.0,1800.0,64000
BBM/model_049.bnet,cyber/complement-gfp-plus-sink-scc,completed,0.089806,0.211345,,,,12612,,,,,false,false,19,70720,33,24,305,,14,5,14,5,19,14,,,,lexical,cyber-complement-gfp-plus-sink-scc,final-comparison-and-ablation,0f8d662,448595f2-3bca-485e-b63a-352e03687ede,73f3bf88e9e5d9b2e1d17aee903c42eb9f1185789321f0491a17382462775d34,915bedc898c4a63fff6d74c9da29c14f21d1a6b0a7877cba4f915509a86b273c,28e3f0e88742b79f23e207717e804594dc9075191db40cb3df24f97fe388f7bf,2026-09-20T12:29:18+00:00,24474349_191,laurel,"gr10497b,gr10609b,gr10672b",p=1:t=14:c=14:m=64000M,1800.0,1800.0,64000
BBM/model_050.bnet,cyber/complement-gfp-plus-sink-scc,timeout,1795.15,1800.31,,,,49799000,,,,,true,false,188,,,,,,,,,,,,,,,,,final-comparison-and-ablation,0f8d662,448595f2-3bca-485e-b63a-352e03687ede,73f3bf88e9e5d9b2e1d17aee903c42eb9f1185789321f0491a17382462775d34,915bedc898c4a63fff6d74c9da29c14f21d1a6b0a7877cba4f915509a86b273c,28e3f0e88742b79f23e207717e804594dc9075191db40cb3df24f97fe388f7bf,2026-09-20T12:29:18+00:00,24474349_51,laurel,"gr10497b,gr10609b,gr10672b",p=1:t=14:c=14:m=64000M,1800.0,1800.0,64000
BBM/model_051.bnet,cyber/complement-gfp-plus-sink-scc,completed,299.355,300.719,,,,159476,,,,,false,false,70,3320053760,119,284,169350,,66,4,66,4,70,66,,,,lexical,cyber-complement-gfp-plus-sink-scc,final-comparison-and-ablation,0f8d662,448595f2-3bca-485e-b63a-352e03687ede,73f3bf88e9e5d9b2e1d17aee903c42eb9f1185789321f0491a17382462775d34,915bedc898c4a63fff6d74c9da29c14f21d1a6b0a7877cba4f915509a86b273c,28e3f0e88742b79f23e207717e804594dc9075191db40cb3df24f97fe388f7bf,2026-09-20T12:29:18+00:00,24474349_164,laurel,"gr10497b,gr10609b,gr10672b",p=1:t=14:c=14:m=64000M,1800.0,1800.0,64000
BBM/model_052.bnet,cyber/complement-gfp-plus-sink-scc,completed,0.549118,0.662222,,,,12532,,,,,false,false,31,8192,19,20,985,,29,2,29,2,31,29,,,,lexical,cyber-complement-gfp-plus-sink-scc,final-comparison-and-ablation,0f8d662,448595f2-3bca-485e-b63a-352e03687ede,73f3bf88e9e5d9b2e1d17aee903c42eb9f1185789321f0491a17382462775d34,915bedc898c4a63fff6d74c9da29c14f21d1a6b0a7877cba4f915509a86b273c,28e3f0e88742b79f23e207717e804594dc9075191db40cb3df24f97fe388f7bf,2026-09-20T12:29:18+00:00,24474349_173,laurel,"gr10497b,gr10609b,gr10672b",p=1:t=14:c=14:m=64000M,1800.0,1800.0,64000
BBM/model_053.bnet,cyber/complement-gfp-plus-sink-scc,completed,0.070757,0.191864,,,,12632,,,,,false,false,15,368,17,20,233,,15,0,15,0,15,15,,,,lexical,cyber-complement-gfp-plus-sink-scc,final-comparison-and-ablation,0f8d662,448595f2-3bca-485e-b63a-352e03687ede,73f3bf88e9e5d9b2e1d17aee903c42eb9f1185789321f0491a17382462775d34,915bedc898c4a63fff6d74c9da29c14f21d1a6b0a7877cba4f915509a86b273c,28e3f0e88742b79f23e207717e804594dc9075191db40cb3df24f97fe388f7bf,2026-09-20T12:29:18+00:00,24474349_10,laurel,"gr10497b,gr10609b,gr10672b",p=1:t=14:c=14:m=64000M,1800.0,1800.0,64000
BBM/model_054.bnet,cyber/complement-gfp-plus-sink-scc,timeout,1790.64,1800.01,,,,490692,,,,,true,false,62,,,,,,,,,,,,,,,,cyber-complement-gfp-plus-sink-scc,final-comparison-and-ablation,0f8d662,448595f2-3bca-485e-b63a-352e03687ede,73f3bf88e9e5d9b2e1d17aee903c42eb9f1185789321f0491a17382462775d34,915bedc898c4a63fff6d74c9da29c14f21d1a6b0a7877cba4f915509a86b273c,28e3f0e88742b79f23e207717e804594dc9075191db40cb3df24f97fe388f7bf,2026-09-20T12:29:18+00:00,24474349_107,laurel,"gr10497b,gr10609b,gr10672b",p=1:t=14:c=14:m=64000M,1800.0,1800.0,64000
BBM/model_055.bnet,cyber/complement-gfp-plus-sink-scc,completed,0.950935,1.07851,,,,12536,,,,,false,false,19,118032,51,80,2933,,18,1,18,1,19,18,,,,lexical,cyber-complement-gfp-plus-sink-scc,final-comparison-and-ablation,0f8d662,448595f2-3bca-485e-b63a-352e03687ede,73f3bf88e9e5d9b2e1d17aee903c42eb9f1185789321f0491a17382462775d34,915bedc898c4a63fff6d74c9da29c14f21d1a6b0a7877cba4f915509a86b273c,28e3f0e88742b79f23e207717e804594dc9075191db40cb3df24f97fe388f7bf,2026-09-20T12:29:18+00:00,24474349_46,laurel,"gr10497b,gr10609b,gr10672b",p=1:t=14:c=14:m=64000M,1800.0,1800.0,64000
BBM/model_056.bnet,cyber/complement-gfp-plus-sink-scc,completed,0.157843,0.271525,,,,12640,,,,,false,false,91,36893488147419103232,33,28,1230,,40,51,40,51,91,40,,,,lexical,cyber-complement-gfp-plus-sink-scc,final-comparison-and-ablation,0f8d662,448595f2-3bca-485e-b63a-352e03687ede,73f3bf88e9e5d9b2e1d17aee903c42eb9f1185789321f0491a17382462775d34,915bedc898c4a63fff6d74c9da29c14f21d1a6b0a7877cba4f915509a86b273c,28e3f0e88742b79f23e207717e804594dc9075191db40cb3df24f97fe388f7bf,2026-09-20T12:29:18+00:00,24474349_7,laurel,"gr10497b,gr10609b,gr10672b",p=1:t=14:c=14:m=64000M,1800.0,1800.0,64000
BBM/model_059.bnet,cyber/complement-gfp-plus-sink-scc,completed,0.491388,0.606282,,,,12612,,,,,false,false,67,115964116992,24,58,1862,,48,19,48,19,67,48,,,,lexical,cyber-complement-gfp-plus-sink-scc,final-comparison-and-ablation,0f8d662,448595f2-3bca-485e-b63a-352e03687ede,73f3bf88e9e5d9b2e1d17aee903c42eb9f1185789321f0491a17382462775d34,915bedc898c4a63fff6d74c9da29c14f21d1a6b0a7877cba4f915509a86b273c,28e3f0e88742b79f23e207717e804594dc9075191db40cb3df24f97fe388f7bf,2026-09-20T12:29:18+00:00,24474349_101,laurel,"gr10497b,gr10609b,gr10672b",p=1:t=14:c=14:m=64000M,1800.0,1800.0,64000
BBM/model_060.bnet,cyber/complement-gfp-plus-sink-scc,completed,5.8754,6.01007,,,,12648,,,,,false,false,49,34359738368,73,16,24450,,43,6,43,6,49,43,,,,lexical,cyber-complement-gfp-plus-sink-scc,final-comparison-and-ablation,0f8d662,448595f2-3bca-485e-b63a-352e03687ede,73f3bf88e9e5d9b2e1d17aee903c42eb9f1185789321f0491a17382462775d34,915bedc898c4a63fff6d74c9da29c14f21d1a6b0a7877cba4f915509a86b273c,28e3f0e88742b79f23e207717e804594dc9075191db40cb3df24f97fe388f7bf,2026-09-20T12:29:18+00:00,24474349_89,laurel,"gr10497b,gr10609b,gr10672b",p=1:t=14:c=14:m=64000M,1800.0,1800.0,64000
BBM/model_061.bnet,cyber/complement-gfp-plus-sink-scc,completed,0.368149,0.480351,,,,12640,,,,,false,false,26,16384,78,14,1862,,26,0,26,0,26,26,,,,lexical,cyber-complement-gfp-plus-sink-scc,final-comparison-and-ablation,0f8d662,448595f2-3bca-485e-b63a-352e03687ede,73f3bf88e9e5d9b2e1d17aee903c42eb9f1185789321f0491a17382462775d34,915bedc898c4a63fff6d74c9da29c14f21d1a6b0a7877cba4f915509a86b273c,28e3f0e88742b79f23e207717e804594dc9075191db40cb3df24f97fe388f7bf,2026-09-20T12:29:18+00:00,24474349_201,laurel,"gr10497b,gr10609b,gr10672b",p=1:t=14:c=14:m=64000M,1800.0,1800.0,64000
BBM/model_062.bnet,cyber/complement-gfp-plus-sink-scc,completed,0.067244,0.180176,,,,12588,,,,,false,false,18,8,4,17,171,,18,0,18,0,18,18,,,,lexical,cyber-complement-gfp-plus-sink-scc,final-comparison-and-ablation,0f8d662,448595f2-3bca-485e-b63a-352e03687ede,73f3bf88e9e5d9b2e1d17aee903c42eb9f1185789321f0491a17382462775d34,915bedc898c4a63fff6d74c9da29c14f21d1a6b0a7877cba4f915509a86b273c,28e3f0e88742b79f23e207717e804594dc9075191db40cb3df24f97fe388f7bf,2026-09-20T12:29:18+00:00,24474349_58,laurel,"gr10497b,gr10609b,gr10672b",p=1:t=14:c=14:m=64000M,1800.0,1800.0,64000
BBM/model_063.bnet,cyber/complement-gfp-plus-sink-scc,completed,0.065021,0.176581,,,,12548,,,,,false,false,13,304,25,43,271,,13,0,13,0,13,13,,,,lexical,cyber-complement-gfp-plus-sink-scc,final-comparison-and-ablation,0f8d662,448595f2-3bca-485e-b63a-352e03687ede,73f3bf88e9e5d9b2e1d17aee903c42eb9f1185789321f0491a17382462775d34,915bedc898c4a63fff6d74c9da29c14f21d1a6b0a7877cba4f915509a86b273c,28e3f0e88742b79f23e207717e804594dc9075191db40cb3df24f97fe388f7bf,2026-09-20T12:29:18+00:00,24474349_111,laurel,"gr10497b,gr10609b,gr10672b",p=1:t=14:c=14:m=64000M,1800.0,1800.0,64000
BBM/model_064.bnet,cyber/complement-gfp-plus-sink-scc,completed,0.055328,0.165795,,,,12580,,,,,false,false,12,224,3,10,37,,7,5,7,5,12,7,,,,lexical,cyber-complement-gfp-plus-sink-scc,final-comparison-and-ablation,0f8d662,448595f2-3bca-485e-b63a-352e03687ede,73f3bf88e9e5d9b2e1d17aee903c42eb9f1185789321f0491a17382462775d34,915bedc898c4a63fff6d74c9da29c14f21d1a6b0a7877cba4f915509a86b273c,28e3f0e88742b79f23e207717e804594dc9075191db40cb3df24f97fe388f7bf,2026-09-20T12:29:18+00:00,24474349_73,laurel,"gr10497b,gr10609b,gr10672b",p=1:t=14:c=14:m=64000M,1800.0,1800.0,64000
BBM/model_065.bnet,cyber/complement-gfp-plus-sink-scc,completed,0.34146,0.461102,,,,12640,,,,,false,false,32,2097152,20,13,346,,22,10,22,10,32,22,,,,lexical,cyber-complement-gfp-plus-sink-scc,final-comparison-and-ablation,0f8d662,448595f2-3bca-485e-b63a-352e03687ede,73f3bf88e9e5d9b2e1d17aee903c42eb9f1185789321f0491a17382462775d34,915bedc898c4a63fff6d74c9da29c14f21d1a6b0a7877cba4f915509a86b273c,28e3f0e88742b79f23e207717e804594dc9075191db40cb3df24f97fe388f7bf,2026-09-20T12:29:18+00:00,24474349_87,laurel,"gr10497b,gr10609b,gr10672b",p=1:t=14:c=14:m=64000M,1800.0,1800.0,64000
BBM/model_066.bnet,cyber/complement-gfp-plus-sink-scc,completed,1.53546,1.65053,,,,12616,,,,,false,false,38,262224,69,130,9253,,37,1,37,1,38,37,,,,lexical,cyber-complement-gfp-plus-sink-scc,final-comparison-and-ablation,0f8d662,448595f2-3bca-485e-b63a-352e03687ede,73f3bf88e9e5d9b2e1d17aee903c42eb9f1185789321f0491a17382462775d34,915bedc898c4a63fff6d74c9da29c14f21d1a6b0a7877cba4f915509a86b273c,28e3f0e88742b79f23e207717e804594dc9075191db40cb3df24f97fe388f7bf,2026-09-20T12:29:18+00:00,24474349_13,laurel,"gr10497b,gr10609b,gr10672b",p=1:t=14:c=14:m=64000M,1800.0,1800.0,64000
BBM/model_067.bnet,cyber/complement-gfp-plus-sink-scc,completed,0.058378,0.1702,,,,12624,,,,,false,false,13,280,12,22,104,,10,3,10,3,13,10,,,,lexical,cyber-complement-gfp-plus-sink-scc,final-comparison-and-ablation,0f8d662,448595f2-3bca-485e-b63a-352e03687ede,73f3bf88e9e5d9b2e1d17aee903c42eb9f1185789321f0491a17382462775d34,915bedc898c4a63fff6d74c9da29c14f21d1a6b0a7877cba4f915509a86b273c,28e3f0e88742b79f23e207717e804594dc9075191db40cb3df24f97fe388f7bf,2026-09-20T12:29:18+00:00,24474349_31,laurel,"gr10497b,gr10609b,gr10672b",p=1:t=14:c=14:m=64000M,1800.0,1800.0,64000
BBM/model_068.bnet,cyber/complement-gfp-plus-sink-scc,completed,0.184263,0.295404,,,,12556,,,,,false,false,23,4112,35,27,874,,23,0,23,0,23,23,,,,lexical,cyber-complement-gfp-plus-sink-scc,final-comparison-and-ablation,0f8d662,448595f2-3bca-485e-b63a-352e03687ede,73f3bf88e9e5d9b2e1d17aee903c42eb9f1185789321f0491a17382462775d34,915bedc898c4a63fff6d74c9da29c14f21d1a6b0a7877cba4f915509a86b273c,28e3f0e88742b79f23e207717e804594dc9075191db40cb3df24f97fe388f7bf,2026-09-20T12:29:18+00:00,24474349_29,laurel,"gr10497b,gr10609b,gr10672b",p=1:t=14:c=14:m=64000M,1800.0,1800.0,64000
BBM/model_070.bnet,cyber/complement-gfp-plus-sink-scc,completed,1.28129,1.39817,,,,12640,,,,,false,false,53,33554432,44,30,3766,,46,7,46,7,53,46,,,,lexical,cyber-complement-gfp-plus-sink-scc,final-comparison-and-ablation,0f8d662,448595f2-3bca-485e-b63a-352e03687ede,73f3bf88e9e5d9b2e1d17aee903c42eb9f1185789321f0491a17382462775d34,915bedc898c4a63fff6d74c9da29c14f21d1a6b0a7877cba4f915509a86b273c,28e3f0e88742b79f23e207717e804594dc9075191db40cb3df24f97fe388f7bf,2026-09-20T12:29:18+00:00,24474349_126,laurel,"gr10497b,gr10609b,gr10672b",p=1:t=14:c=14:m=64000M,1800.0,1800.0,64000
BBM/model_071.bnet,cyber/complement-gfp-plus-sink-scc,completed,0.056128,0.166394,,,,12592,,,,,false,false,42,268435456,1,16,33,,14,28,14,28,42,14,,,,lexical,cyber-complement-gfp-plus-sink-scc,final-comparison-and-ablation,0f8d662,448595f2-3bca-485e-b63a-352e03687ede,73f3bf88e9e5d9b2e1d17aee903c42eb9f1185789321f0491a17382462775d34,915bedc898c4a63fff6d74c9da29c14f21d1a6b0a7877cba4f915509a86b273c,28e3f0e88742b79f23e207717e804594dc9075191db40cb3df24f97fe388f7bf,2026-09-20T12:29:18+00:00,24474349_30,laurel,"gr10497b,gr10609b,gr10672b",p=1:t=14:c=14:m=64000M,1800.0,1800.0,64000
BBM/model_072.bnet,cyber/complement-gfp-plus-sink-scc,timeout,1790.73,1800.01,,,,2520344,,,,,true,false,81,,,,,,,,,,,,,,,,,final-comparison-and-ablation,0f8d662,448595f2-3bca-485e-b63a-352e03687ede,73f3bf88e9e5d9b2e1d17aee903c42eb9f1185789321f0491a17382462775d34,915bedc898c4a63fff6d74c9da29c14f21d1a6b0a7877cba4f915509a86b273c,28e3f0e88742b79f23e207717e804594dc9075191db40cb3df24f97fe388f7bf,2026-09-20T12:29:18+00:00,24474349_213,laurel,"gr10497b,gr10609b,gr10672b",p=1:t=14:c=14:m=64000M,1800.0,1800.0,64000
BBM/model_073.bnet,cyber/complement-gfp-plus-sink-scc,completed,0.100482,0.213613,,,,12568,,,,,false,false,33,87552,18,90,636,,27,6,27,6,33,27,,,,lexical,cyber-complement-gfp-plus-sink-scc,final-comparison-and-ablation,0f8d662,448595f2-3bca-485e-b63a-352e03687ede,73f3bf88e9e5d9b2e1d17aee903c42eb9f1185789321f0491a17382462775d34,915bedc898c4a63fff6d74c9da29c14f21d1a6b0a7877cba4f915509a86b273c,28e3f0e88742b79f23e207717e804594dc9075191db40cb3df24f97fe388f7bf,2026-09-20T12:29:18+00:00,24474349_144,laurel,"gr10497b,gr10609b,gr10672b",p=1:t=14:c=14:m=64000M,1800.0,1800.0,64000
BBM/model_074.bnet,cyber/complement-gfp-plus-sink-scc,completed,0.058795,0.16914,,,,12592,,,,,false,false,18,131072,13,3,105,,13,5,13,5,18,13,,,,lexical,cyber-complement-gfp-plus-sink-scc,final-comparison-and-ablation,0f8d662,448595f2-3bca-485e-b63a-352e03687ede,73f3bf88e9e5d9b2e1d17aee903c42eb9f1185789321f0491a17382462775d34,915bedc898c4a63fff6d74c9da29c14f21d1a6b0a7877cba4f915509a86b273c,28e3f0e88742b79f23e207717e804594dc9075191db40cb3df24f97fe388f7bf,2026-09-20T12:29:18+00:00,24474349_80,laurel,"gr10497b,gr10609b,gr10672b",p=1:t=14:c=14:m=64000M,1800.0,1800.0,64000
BBM/model_076.bnet,cyber/complement-gfp-plus-sink-scc,timeout,1791.71,1800.01,,,,1282200,,,,,true,false,51,,,,,,,,,,,,,,,,,final-comparison-and-ablation,0f8d662,448595f2-3bca-485e-b63a-352e03687ede,73f3bf88e9e5d9b2e1d17aee903c42eb9f1185789321f0491a17382462775d34,915bedc898c4a63fff6d74c9da29c14f21d1a6b0a7877cba4f915509a86b273c,28e3f0e88742b79f23e207717e804594dc9075191db40cb3df24f97fe388f7bf,2026-09-20T12:29:18+00:00,24474349_200,laurel,"gr10497b,gr10609b,gr10672b",p=1:t=14:c=14:m=64000M,1800.0,1800.0,64000
BBM/model_077.bnet,cyber/complement-gfp-plus-sink-scc,completed,122.614,123.127,,,,66576,,,,,false,false,66,70368744177664,129,22,288363,,57,9,57,9,66,57,,,,lexical,cyber-complement-gfp-plus-sink-scc,final-comparison-and-ablation,0f8d662,448595f2-3bca-485e-b63a-352e03687ede,73f3bf88e9e5d9b2e1d17aee903c42eb9f1185789321f0491a17382462775d34,915bedc898c4a63fff6d74c9da29c14f21d1a6b0a7877cba4f915509a86b273c,28e3f0e88742b79f23e207717e804594dc9075191db40cb3df24f97fe388f7bf,2026-09-20T12:29:18+00:00,24474349_210,laurel,"gr10497b,gr10609b,gr10672b",p=1:t=14:c=14:m=64000M,1800.0,1800.0,64000
BBM/model_078.bnet,cyber/complement-gfp-plus-sink-scc,timeout,1793.37,1800.17,,,,49837980,,,,,true,false,164,,,,,,,,,,,,,,,,,final-comparison-and-ablation,0f8d662,448595f2-3bca-485e-b63a-352e03687ede,73f3bf88e9e5d9b2e1d17aee903c42eb9f1185789321f0491a17382462775d34,915bedc898c4a63fff6d74c9da29c14f21d1a6b0a7877cba4f915509a86b273c,28e3f0e88742b79f23e207717e804594dc9075191db40cb3df24f97fe388f7bf,2026-09-20T12:29:18+00:00,24474349_212,laurel,"gr10497b,gr10609b,gr10672b",p=1:t=14:c=14:m=64000M,1800.0,1800.0,64000
BBM/model_079.bnet,cyber/complement-gfp-plus-sink-scc,timeout,1793.75,1800.56,,,,51107692,,,,,true,false,197,,,,,,,,,,,,,,,,,final-comparison-and-ablation,0f8d662,448595f2-3bca-485e-b63a-352e03687ede,73f3bf88e9e5d9b2e1d17aee903c42eb9f1185789321f0491a17382462775d34,915bedc898c4a63fff6d74c9da29c14f21d1a6b0a7877cba4f915509a86b273c,28e3f0e88742b79f23e207717e804594dc9075191db40cb3df24f97fe388f7bf,2026-09-20T12:29:18+00:00,24474349_96,laurel,"gr10497b,gr10609b,gr10672b",p=1:t=14:c=14:m=64000M,1800.0,1800.0,64000
BBM/model_080.bnet,cyber/complement-gfp-plus-sink-scc,timeout,1795.2,1800.01,,,,470216,,,,,true,false,110,,,,,,,,,,,,,,,,cyber-complement-gfp-plus-sink-scc,final-comparison-and-ablation,0f8d662,448595f2-3bca-485e-b63a-352e03687ede,73f3bf88e9e5d9b2e1d17aee903c42eb9f1185789321f0491a17382462775d34,915bedc898c4a63fff6d74c9da29c14f21d1a6b0a7877cba4f915509a86b273c,28e3f0e88742b79f23e207717e804594dc9075191db40cb3df24f97fe388f7bf,2026-09-20T12:29:18+00:00,24474349_76,laurel,"gr10497b,gr10609b,gr10672b",p=1:t=14:c=14:m=64000M,1800.0,1800.0,64000
BBM/model_081.bnet,cyber/complement-gfp-plus-sink-scc,completed,0.907982,1.02229,,,,12548,,,,,false,false,42,2952790016,80,57,6057,,29,13,29,13,42,29,,,,lexical,cyber-complement-gfp-plus-sink-scc,final-comparison-and-ablation,0f8d662,448595f2-3bca-485e-b63a-352e03687ede,73f3bf88e9e5d9b2e1d17aee903c42eb9f1185789321f0491a17382462775d34,915bedc898c4a63fff6d74c9da29c14f21d1a6b0a7877cba4f915509a86b273c,28e3f0e88742b79f23e207717e804594dc9075191db40cb3df24f97fe388f7bf,2026-09-20T12:29:18+00:00,24474349_64,laurel,"gr10497b,gr10609b,gr10672b",p=1:t=14:c=14:m=64000M,1800.0,1800.0,64000
BBM/model_082.bnet,cyber/complement-gfp-plus-sink-scc,timeout,1790.19,1800.01,,,,2492040,,,,,true,false,128,,,,,,,,,,,,,,,,,final-comparison-and-ablation,0f8d662,448595f2-3bca-485e-b63a-352e03687ede,73f3bf88e9e5d9b2e1d17aee903c42eb9f1185789321f0491a17382462775d34,915bedc898c4a63fff6d74c9da29c14f21d1a6b0a7877cba4f915509a86b273c,28e3f0e88742b79f23e207717e804594dc9075191db40cb3df24f97fe388f7bf,2026-09-20T12:29:18+00:00,24474349_127,laurel,"gr10497b,gr10609b,gr10672b",p=1:t=14:c=14:m=64000M,1800.0,1800.0,64000
BBM/model_083.bnet,cyber/complement-gfp-plus-sink-scc,timeout,1794.55,1800.02,,,,6206644,,,,,true,false,133,,,,,,,,,,,,,,,,,final-comparison-and-ablation,0f8d662,448595f2-3bca-485e-b63a-352e03687ede,73f3bf88e9e5d9b2e1d17aee903c42eb9f1185789321f0491a17382462775d34,915bedc898c4a63fff6d74c9da29c14f21d1a6b0a7877cba4f915509a86b273c,28e3f0e88742b79f23e207717e804594dc9075191db40cb3df24f97fe388f7bf,2026-09-20T12:29:18+00:00,24474349_49,laurel,"gr10497b,gr10609b,gr10672b",p=1:t=14:c=14:m=64000M,1800.0,1800.0,64000
BBM/model_084.bnet,cyber/complement-gfp-plus-sink-scc,completed,550.46,552.486,,,,435856,,,,,false,false,81,1649267441664,74,47,1682525,,76,5,76,5,81,76,,,,lexical,cyber-complement-gfp-plus-sink-scc,final-comparison-and-ablation,0f8d662,448595f2-3bca-485e-b63a-352e03687ede,73f3bf88e9e5d9b2e1d17aee903c42eb9f1185789321f0491a17382462775d34,915bedc898c4a63fff6d74c9da29c14f21d1a6b0a7877cba4f915509a86b273c,28e3f0e88742b79f23e207717e804594dc9075191db40cb3df24f97fe388f7bf,2026-09-20T12:29:18+00:00,24474349_196,laurel,"gr10497b,gr10609b,gr10672b",p=1:t=14:c=14:m=64000M,1800.0,1800.0,64000
BBM/model_085.bnet,cyber/complement-gfp-plus-sink-scc,completed,0.076522,0.190148,,,,12648,,,,,false,false,27,98304,21,36,439,,19,8,19,8,27,19,,,,lexical,cyber-complement-gfp-plus-sink-scc,final-comparison-and-ablation,0f8d662,448595f2-3bca-485e-b63a-352e03687ede,73f3bf88e9e5d9b2e1d17aee903c42eb9f1185789321f0491a17382462775d34,915bedc898c4a63fff6d74c9da29c14f21d1a6b0a7877cba4f915509a86b273c,28e3f0e88742b79f23e207717e804594dc9075191db40cb3df24f97fe388f7bf,2026-09-20T12:29:18+00:00,24474349_47,laurel,"gr10497b,gr10609b,gr10672b",p=1:t=14:c=14:m=64000M,1800.0,1800.0,64000
BBM/model_086.bnet,cyber/complement-gfp-plus-sink-scc,completed,0.063916,0.17514,,,,12640,,,,,false,false,20,11264,10,19,114,,13,7,13,7,20,13,,,,lexical,cyber-complement-gfp-plus-sink-scc,final-comparison-and-ablation,0f8d662,448595f2-3bca-485e-b63a-352e03687ede,73f3bf88e9e5d9b2e1d17aee903c42eb9f1185789321f0491a17382462775d34,915bedc898c4a63fff6d74c9da29c14f21d1a6b0a7877cba4f915509a86b273c,28e3f0e88742b79f23e207717e804594dc9075191db40cb3df24f97fe388f7bf,2026-09-20T12:29:18+00:00,24474349_170,laurel,"gr10497b,gr10609b,gr10672b",p=1:t=14:c=14:m=64000M,1800.0,1800.0,64000
BBM/model_087.bnet,cyber/complement-gfp-plus-sink-scc,timeout,1792.44,1800.01,,,,1054256,,,,,true,false,133,,,,,,,,,,,,,,,,cyber-complement-gfp-plus-sink-scc,final-comparison-and-ablation,0f8d662,448595f2-3bca-485e-b63a-352e03687ede,73f3bf88e9e5d9b2e1d17aee903c42eb9f1185789321f0491a17382462775d34,915bedc898c4a63fff6d74c9da29c14f21d1a6b0a7877cba4f915509a86b273c,28e3f0e88742b79f23e207717e804594dc9075191db40cb3df24f97fe388f7bf,2026-09-20T12:29:18+00:00,24474349_41,laurel,"gr10497b,gr10609b,gr10672b",p=1:t=14:c=14:m=64000M,1800.0,1800.0,64000
BBM/model_088.bnet,cyber/complement-gfp-plus-sink-scc,completed,0.055989,0.16806,,,,12544,,,,,false,false,6,1,1,8,32,,6,0,6,0,6,6,,,,lexical,cyber-complement-gfp-plus-sink-scc,final-comparison-and-ablation,0f8d662,448595f2-3bca-485e-b63a-352e03687ede,73f3bf88e9e5d9b2e1d17aee903c42eb9f1185789321f0491a17382462775d34,915bedc898c4a63fff6d74c9da29c14f21d1a6b0a7877cba4f915509a86b273c,28e3f0e88742b79f23e207717e804594dc9075191db40cb3df24f97fe388f7bf,2026-09-20T12:29:18+00:00,24474349_138,laurel,"gr10497b,gr10609b,gr10672b",p=1:t=14:c=14:m=64000M,1800.0,1800.0,64000
BBM/model_089.bnet,cyber/complement-gfp-plus-sink-scc,completed,0.098201,0.221913,,,,12596,,,,,false,false,17,128,6,12,93,,14,3,14,3,17,14,,,,lexical,cyber-complement-gfp-plus-sink-scc,final-comparison-and-ablation,0f8d662,448595f2-3bca-485e-b63a-352e03687ede,73f3bf88e9e5d9b2e1d17aee903c42eb9f1185789321f0491a17382462775d34,915bedc898c4a63fff6d74c9da29c14f21d1a6b0a7877cba4f915509a86b273c,28e3f0e88742b79f23e207717e804594dc9075191db40cb3df24f97fe388f7bf,2026-09-20T12:29:18+00:00,24474349_131,laurel,"gr10497b,gr10609b,gr10672b",p=1:t=14:c=14:m=64000M,1800.0,1800.0,64000
BBM/model_090.bnet,cyber/complement-gfp-plus-sink-scc,completed,0.05945,0.170682,,,,12596,,,,,false,false,18,32,2,15,73,,14,4,14,4,18,14,,,,lexical,cyber-complement-gfp-plus-sink-scc,final-comparison-and-ablation,0f8d662,448595f2-3bca-485e-b63a-352e03687ede,73f3bf88e9e5d9b2e1d17aee903c42eb9f1185789321f0491a17382462775d34,915bedc898c4a63fff6d74c9da29c14f21d1a6b0a7877cba4f915509a86b273c,28e3f0e88742b79f23e207717e804594dc9075191db40cb3df24f97fe388f7bf,2026-09-20T12:29:18+00:00,24474349_2,laurel,"gr10497b,gr10609b,gr10672b",p=1:t=14:c=14:m=64000M,1800.0,1800.0,64000
BBM/model_091.bnet,cyber/complement-gfp-plus-sink-scc,completed,0.064058,0.177277,,,,12628,,,,,false,false,16,32,3,13,66,,13,3,13,3,16,13,,,,lexical,cyber-complement-gfp-plus-sink-scc,final-comparison-and-ablation,0f8d662,448595f2-3bca-485e-b63a-352e03687ede,73f3bf88e9e5d9b2e1d17aee903c42eb9f1185789321f0491a17382462775d34,915bedc898c4a63fff6d74c9da29c14f21d1a6b0a7877cba4f915509a86b273c,28e3f0e88742b79f23e207717e804594dc9075191db40cb3df24f97fe388f7bf,2026-09-20T12:29:18+00:00,24474349_142,laurel,"gr10497b,gr10609b,gr10672b",p=1:t=14:c=14:m=64000M,1800.0,1800.0,64000
BBM/model_092.bnet,cyber/complement-gfp-plus-sink-scc,timeout,1792.83,1800.01,,,,2606116,,,,,true,false,69,,,,,,,,,,,,,,,,,final-comparison-and-ablation,0f8d662,448595f2-3bca-485e-b63a-352e03687ede,73f3bf88e9e5d9b2e1d17aee903c42eb9f1185789321f0491a17382462775d34,915bedc898c4a63fff6d74c9da29c14f21d1a6b0a7877cba4f915509a86b273c,28e3f0e88742b79f23e207717e804594dc9075191db40cb3df24f97fe388f7bf,2026-09-20T12:29:18+00:00,24474349_175,laurel,"gr10497b,gr10609b,gr10672b",p=1:t=14:c=14:m=64000M,1800.0,1800.0,64000
BBM/model_093.bnet,cyber/complement-gfp-plus-sink-scc,completed,384.97,386.62,,,,164828,,,,,false,false,66,22717222912,94,3525,952672,,62,4,62,4,66,62,,,,lexical,cyber-complement-gfp-plus-sink-scc,final-comparison-and-ablation,0f8d662,448595f2-3bca-485e-b63a-352e03687ede,73f3bf88e9e5d9b2e1d17aee903c42eb9f1185789321f0491a17382462775d34,915bedc898c4a63fff6d74c9da29c14f21d1a6b0a7877cba4f915509a86b273c,28e3f0e88742b79f23e207717e804594dc9075191db40cb3df24f97fe388f7bf,2026-09-20T12:29:18+00:00,24474349_43,laurel,"gr10497b,gr10609b,gr10672b",p=1:t=14:c=14:m=64000M,1800.0,1800.0,64000
BBM/model_094.bnet,cyber/complement-gfp-plus-sink-scc,completed,0.056783,0.167886,,,,12636,,,,,false,false,30,1024,2,22,174,,21,9,21,9,30,21,,,,lexical,cyber-complement-gfp-plus-sink-scc,final-comparison-and-ablation,0f8d662,448595f2-3bca-485e-b63a-352e03687ede,73f3bf88e9e5d9b2e1d17aee903c42eb9f1185789321f0491a17382462775d34,915bedc898c4a63fff6d74c9da29c14f21d1a6b0a7877cba4f915509a86b273c,28e3f0e88742b79f23e207717e804594dc9075191db40cb3df24f97fe388f7bf,2026-09-20T12:29:18+00:00,24474349_0,laurel,"gr10497b,gr10609b,gr10672b",p=1:t=14:c=14:m=64000M,1800.0,1800.0,64000
BBM/model_095.bnet,cyber/complement-gfp-plus-sink-scc,completed,0.05576,0.167555,,,,12636,,,,,false,false,10,1,1,12,37,,10,0,10,0,10,10,,,,lexical,cyber-complement-gfp-plus-sink-scc,final-comparison-and-ablation,0f8d662,448595f2-3bca-485e-b63a-352e03687ede,73f3bf88e9e5d9b2e1d17aee903c42eb9f1185789321f0491a17382462775d34,915bedc898c4a63fff6d74c9da29c14f21d1a6b0a7877cba4f915509a86b273c,28e3f0e88742b79f23e207717e804594dc9075191db40cb3df24f97fe388f7bf,2026-09-20T12:29:18+00:00,24474349_108,laurel,"gr10497b,gr10609b,gr10672b",p=1:t=14:c=14:m=64000M,1800.0,1800.0,64000
BBM/model_096.bnet,cyber/complement-gfp-plus-sink-scc,completed,0.059607,0.171131,,,,12524,,,,,false,false,20,337920,18,26,235,,11,9,11,9,20,11,,,,lexical,cyber-complement-gfp-plus-sink-scc,final-comparison-and-ablation,0f8d662,448595f2-3bca-485e-b63a-352e03687ede,73f3bf88e9e5d9b2e1d17aee903c42eb9f1185789321f0491a17382462775d34,915bedc898c4a63fff6d74c9da29c14f21d1a6b0a7877cba4f915509a86b273c,28e3f0e88742b79f23e207717e804594dc9075191db40cb3df24f97fe388f7bf,2026-09-20T12:29:18+00:00,24474349_160,laurel,"gr10497b,gr10609b,gr10672b",p=1:t=14:c=14:m=64000M,1800.0,1800.0,64000
BBM/model_097.bnet,cyber/complement-gfp-plus-sink-scc,completed,0.058073,0.169536,,,,12604,,,,,false,false,10,256,13,4,121,,10,0,10,0,10,10,,,,lexical,cyber-complement-gfp-plus-sink-scc,final-comparison-and-ablation,0f8d662,448595f2-3bca-485e-b63a-352e03687ede,73f3bf88e9e5d9b2e1d17aee903c42eb9f1185789321f0491a17382462775d34,915bedc898c4a63fff6d74c9da29c14f21d1a6b0a7877cba4f915509a86b273c,28e3f0e88742b79f23e207717e804594dc9075191db40cb3df24f97fe388f7bf,2026-09-20T12:29:18+00:00,24474349_180,laurel,"gr10497b,gr10609b,gr10672b",p=1:t=14:c=14:m=64000M,1800.0,1800.0,64000
BBM/model_098.bnet,cyber/complement-gfp-plus-sink-scc,completed,0.12263,0.234389,,,,12596,,,,,false,false,42,1280,13,45,856,,38,4,38,4,42,38,,,,lexical,cyber-complement-gfp-plus-sink-scc,final-comparison-and-ablation,0f8d662,448595f2-3bca-485e-b63a-352e03687ede,73f3bf88e9e5d9b2e1d17aee903c42eb9f1185789321f0491a17382462775d34,915bedc898c4a63fff6d74c9da29c14f21d1a6b0a7877cba4f915509a86b273c,28e3f0e88742b79f23e207717e804594dc9075191db40cb3df24f97fe388f7bf,2026-09-20T12:29:18+00:00,24474349_26,laurel,"gr10497b,gr10609b,gr10672b",p=1:t=14:c=14:m=64000M,1800.0,1800.0,64000
BBM/model_099.bnet,cyber/complement-gfp-plus-sink-scc,completed,0.078172,0.200243,,,,12596,,,,,false,false,19,2048,17,10,409,,17,2,17,2,19,17,,,,lexical,cyber-complement-gfp-plus-sink-scc,final-comparison-and-ablation,0f8d662,448595f2-3bca-485e-b63a-352e03687ede,73f3bf88e9e5d9b2e1d17aee903c42eb9f1185789321f0491a17382462775d34,915bedc898c4a63fff6d74c9da29c14f21d1a6b0a7877cba4f915509a86b273c,28e3f0e88742b79f23e207717e804594dc9075191db40cb3df24f97fe388f7bf,2026-09-20T12:29:18+00:00,24474349_195,laurel,"gr10497b,gr10609b,gr10672b",p=1:t=14:c=14:m=64000M,1800.0,1800.0,64000
BBM/model_100.bnet,cyber/complement-gfp-plus-sink-scc,completed,0.054817,0.164491,,,,12488,,,,,false,false,21,262144,1,5,11,,3,18,3,18,21,3,,,,lexical,cyber-complement-gfp-plus-sink-scc,final-comparison-and-ablation,0f8d662,448595f2-3bca-485e-b63a-352e03687ede,73f3bf88e9e5d9b2e1d17aee903c42eb9f1185789321f0491a17382462775d34,915bedc898c4a63fff6d74c9da29c14f21d1a6b0a7877cba4f915509a86b273c,28e3f0e88742b79f23e207717e804594dc9075191db40cb3df24f97fe388f7bf,2026-09-20T12:29:18+00:00,24474349_168,laurel,"gr10497b,gr10609b,gr10672b",p=1:t=14:c=14:m=64000M,1800.0,1800.0,64000
BBM/model_101.bnet,cyber/complement-gfp-plus-sink-scc,completed,526.679,528.471,,,,330776,,,,,false,false,85,3710851743744,72,82,1447153,,80,5,80,5,85,80,,,,lexical,cyber-complement-gfp-plus-sink-scc,final-comparison-and-ablation,0f8d662,448595f2-3bca-485e-b63a-352e03687ede,73f3bf88e9e5d9b2e1d17aee903c42eb9f1185789321f0491a17382462775d34,915bedc898c4a63fff6d74c9da29c14f21d1a6b0a7877cba4f915509a86b273c,28e3f0e88742b79f23e207717e804594dc9075191db40cb3df24f97fe388f7bf,2026-09-20T12:29:18+00:00,24474349_135,laurel,"gr10497b,gr10609b,gr10672b",p=1:t=14:c=14:m=64000M,1800.0,1800.0,64000
BBM/model_102.bnet,cyber/complement-gfp-plus-sink-scc,completed,0.056741,0.168041,,,,12600,,,,,false,false,22,1024,4,14,86,,15,7,15,7,22,15,,,,lexical,cyber-complement-gfp-plus-sink-scc,final-comparison-and-ablation,0f8d662,448595f2-3bca-485e-b63a-352e03687ede,73f3bf88e9e5d9b2e1d17aee903c42eb9f1185789321f0491a17382462775d34,915bedc898c4a63fff6d74c9da29c14f21d1a6b0a7877cba4f915509a86b273c,28e3f0e88742b79f23e207717e804594dc9075191db40cb3df24f97fe388f7bf,2026-09-20T12:29:18+00:00,24474349_117,laurel,"gr10497b,gr10609b,gr10672b",p=1:t=14:c=14:m=64000M,1800.0,1800.0,64000
BBM/model_103.bnet,cyber/complement-gfp-plus-sink-scc,completed,27.6396,27.8304,,,,19940,,,,,false,false,69,447971590144,93,1126,102981,,55,14,55,14,69,55,,,,lexical,cyber-complement-gfp-plus-sink-scc,final-comparison-and-ablation,0f8d662,448595f2-3bca-485e-b63a-352e03687ede,73f3bf88e9e5d9b2e1d17aee903c42eb9f1185789321f0491a17382462775d34,915bedc898c4a63fff6d74c9da29c14f21d1a6b0a7877cba4f915509a86b273c,28e3f0e88742b79f23e207717e804594dc9075191db40cb3df24f97fe388f7bf,2026-09-20T12:29:18+00:00,24474349_74,laurel,"gr10497b,gr10609b,gr10672b",p=1:t=14:c=14:m=64000M,1800.0,1800.0,64000
BBM/model_104.bnet,cyber/complement-gfp-plus-sink-scc,completed,0.062898,0.174078,,,,12596,,,,,false,false,14,128,9,17,134,,14,0,14,0,14,14,,,,lexical,cyber-complement-gfp-plus-sink-scc,final-comparison-and-ablation,0f8d662,448595f2-3bca-485e-b63a-352e03687ede,73f3bf88e9e5d9b2e1d17aee903c42eb9f1185789321f0491a17382462775d34,915bedc898c4a63fff6d74c9da29c14f21d1a6b0a7877cba4f915509a86b273c,28e3f0e88742b79f23e207717e804594dc9075191db40cb3df24f97fe388f7bf,2026-09-20T12:29:18+00:00,24474349_185,laurel,"gr10497b,gr10609b,gr10672b",p=1:t=14:c=14:m=64000M,1800.0,1800.0,64000
BBM/model_105.bnet,cyber/complement-gfp-plus-sink-scc,completed,4.30533,4.42471,,,,12500,,,,,false,false,49,140443648,53,77,27486,,45,4,45,4,49,45,,,,lexical,cyber-complement-gfp-plus-sink-scc,final-comparison-and-ablation,0f8d662,448595f2-3bca-485e-b63a-352e03687ede,73f3bf88e9e5d9b2e1d17aee903c42eb9f1185789321f0491a17382462775d34,915bedc898c4a63fff6d74c9da29c14f21d1a6b0a7877cba4f915509a86b273c,28e3f0e88742b79f23e207717e804594dc9075191db40cb3df24f97fe388f7bf,2026-09-20T12:29:18+00:00,24474349_116,laurel,"gr10497b,gr10609b,gr10672b",p=1:t=14:c=14:m=64000M,1800.0,1800.0,64000
BBM/model_106.bnet,cyber/complement-gfp-plus-sink-scc,completed,862.419,866.566,,,,578240,,,,,false,false,80,1649267441664,74,44,2195085,,75,5,75,5,80,75,,,,lexical,cyber-complement-gfp-plus-sink-scc,final-comparison-and-ablation,0f8d662,448595f2-3bca-485e-b63a-352e03687ede,73f3bf88e9e5d9b2e1d17aee903c42eb9f1185789321f0491a17382462775d34,915bedc898c4a63fff6d74c9da29c14f21d1a6b0a7877cba4f915509a86b273c,28e3f0e88742b79f23e207717e804594dc9075191db40cb3df24f97fe388f7bf,2026-09-20T12:29:18+00:00,24474349_198,laurel,"gr10497b,gr10609b,gr10672b",p=1:t=14:c=14:m=64000M,1800.0,1800.0,64000
BBM/model_107.bnet,cyber/complement-gfp-plus-sink-scc,completed,0.69587,0.810662,,,,12556,,,,,false,false,33,2785280,34,74,7243,,29,4,29,4,33,29,,,,lexical,cyber-complement-gfp-plus-sink-scc,final-comparison-and-ablation,0f8d662,448595f2-3bca-485e-b63a-352e03687ede,73f3bf88e9e5d9b2e1d17aee903c42eb9f1185789321f0491a17382462775d34,915bedc898c4a63fff6d74c9da29c14f21d1a6b0a7877cba4f915509a86b273c,28e3f0e88742b79f23e207717e804594dc9075191db40cb3df24f97fe388f7bf,2026-09-20T12:29:18+00:00,24474349_98,laurel,"gr10497b,gr10609b,gr10672b",p=1:t=14:c=14:m=64000M,1800.0,1800.0,64000
BBM/model_108.bnet,cyber/complement-gfp-plus-sink-scc,completed,0.256123,0.368133,,,,12592,,,,,false,false,25,17472,39,43,1170,,23,2,23,2,25,23,,,,lexical,cyber-complement-gfp-plus-sink-scc,final-comparison-and-ablation,0f8d662,448595f2-3bca-485e-b63a-352e03687ede,73f3bf88e9e5d9b2e1d17aee903c42eb9f1185789321f0491a17382462775d34,915bedc898c4a63fff6d74c9da29c14f21d1a6b0a7877cba4f915509a86b273c,28e3f0e88742b79f23e207717e804594dc9075191db40cb3df24f97fe388f7bf,2026-09-20T12:29:18+00:00,24474349_206,laurel,"gr10497b,gr10609b,gr10672b",p=1:t=14:c=14:m=64000M,1800.0,1800.0,64000
BBM/model_109.bnet,cyber/complement-gfp-plus-sink-scc,completed,0.056454,0.169677,,,,12632,,,,,false,false,5,5,3,10,27,,5,0,5,0,5,5,,,,lexical,cyber-complement-gfp-plus-sink-scc,final-comparison-and-ablation,0f8d662,448595f2-3bca-485e-b63a-352e03687ede,73f3bf88e9e5d9b2e1d17aee903c42eb9f1185789321f0491a17382462775d34,915bedc898c4a63fff6d74c9da29c14f21d1a6b0a7877cba4f915509a86b273c,28e3f0e88742b79f23e207717e804594dc9075191db40cb3df24f97fe388f7bf,2026-09-20T12:29:18+00:00,24474349_17,laurel,"gr10497b,gr10609b,gr10672b",p=1:t=14:c=14:m=64000M,1800.0,1800.0,64000
BBM/model_110.bnet,cyber/complement-gfp-plus-sink-scc,completed,0.054787,0.166596,,,,12532,,,,,false,false,9,192,2,6,18,,3,6,3,6,9,3,,,,lexical,cyber-complement-gfp-plus-sink-scc,final-comparison-and-ablation,0f8d662,448595f2-3bca-485e-b63a-352e03687ede,73f3bf88e9e5d9b2e1d17aee903c42eb9f1185789321f0491a17382462775d34,915bedc898c4a63fff6d74c9da29c14f21d1a6b0a7877cba4f915509a86b273c,28e3f0e88742b79f23e207717e804594dc9075191db40cb3df24f97fe388f7bf,2026-09-20T12:29:18+00:00,24474349_77,laurel,"gr10497b,gr10609b,gr10672b",p=1:t=14:c=14:m=64000M,1800.0,1800.0,64000
BBM/model_111.bnet,cyber/complement-gfp-plus-sink-scc,completed,0.058411,0.170312,,,,12640,,,,,false,false,33,262144,1,17,35,,15,18,15,18,33,15,,,,lexical,cyber-complement-gfp-plus-sink-scc,final-comparison-and-ablation,0f8d662,448595f2-3bca-485e-b63a-352e03687ede,73f3bf88e9e5d9b2e1d17aee903c42eb9f1185789321f0491a17382462775d34,915bedc898c4a63fff6d74c9da29c14f21d1a6b0a7877cba4f915509a86b273c,28e3f0e88742b79f23e207717e804594dc9075191db40cb3df24f97fe388f7bf,2026-09-20T12:29:18+00:00,24474349_136,laurel,"gr10497b,gr10609b,gr10672b",p=1:t=14:c=14:m=64000M,1800.0,1800.0,64000
BBM/model_112.bnet,cyber/complement-gfp-plus-sink-scc,completed,2.58576,2.78302,,,,12604,,,,,false,false,112,22251790867281768246935552,52,113,30427,,47,65,47,65,112,47,,,,lexical,cyber-complement-gfp-plus-sink-scc,final-comparison-and-ablation,0f8d662,448595f2-3bca-485e-b63a-352e03687ede,73f3bf88e9e5d9b2e1d17aee903c42eb9f1185789321f0491a17382462775d34,915bedc898c4a63fff6d74c9da29c14f21d1a6b0a7877cba4f915509a86b273c,28e3f0e88742b79f23e207717e804594dc9075191db40cb3df24f97fe388f7bf,2026-09-20T12:29:18+00:00,24474349_59,laurel,"gr10497b,gr10609b,gr10672b",p=1:t=14:c=14:m=64000M,1800.0,1800.0,64000
BBM/model_113.bnet,cyber/complement-gfp-plus-sink-scc,timeout,1795.3,1800.03,,,,6648060,,,,,true,false,182,,,,,,,,,,,,,,,,,final-comparison-and-ablation,0f8d662,448595f2-3bca-485e-b63a-352e03687ede,73f3bf88e9e5d9b2e1d17aee903c42eb9f1185789321f0491a17382462775d34,915bedc898c4a63fff6d74c9da29c14f21d1a6b0a7877cba4f915509a86b273c,28e3f0e88742b79f23e207717e804594dc9075191db40cb3df24f97fe388f7bf,2026-09-20T12:29:18+00:00,24474349_189,laurel,"gr10497b,gr10609b,gr10672b",p=1:t=14:c=14:m=64000M,1800.0,1800.0,64000
BBM/model_114.bnet,cyber/complement-gfp-plus-sink-scc,completed,0.266746,0.380892,,,,12600,,,,,false,false,84,34359738368,23,51,2221,,61,23,61,23,84,61,,,,lexical,cyber-complement-gfp-plus-sink-scc,final-comparison-and-ablation,0f8d662,448595f2-3bca-485e-b63a-352e03687ede,73f3bf88e9e5d9b2e1d17aee903c42eb9f1185789321f0491a17382462775d34,915bedc898c4a63fff6d74c9da29c14f21d1a6b0a7877cba4f915509a86b273c,28e3f0e88742b79f23e207717e804594dc9075191db40cb3df24f97fe388f7bf,2026-09-20T12:29:18+00:00,24474349_99,laurel,"gr10497b,gr10609b,gr10672b",p=1:t=14:c=14:m=64000M,1800.0,1800.0,64000
BBM/model_115.bnet,cyber/complement-gfp-plus-sink-scc,completed,0.056172,0.167428,,,,12548,,,,,false,false,35,16384,1,23,54,,21,14,21,14,35,21,,,,lexical,cyber-complement-gfp-plus-sink-scc,final-comparison-and-ablation,0f8d662,448595f2-3bca-485e-b63a-352e03687ede,73f3bf88e9e5d9b2e1d17aee903c42eb9f1185789321f0491a17382462775d34,915bedc898c4a63fff6d74c9da29c14f21d1a6b0a7877cba4f915509a86b273c,28e3f0e88742b79f23e207717e804594dc9075191db40cb3df24f97fe388f7bf,2026-09-20T12:29:18+00:00,24474349_151,laurel,"gr10497b,gr10609b,gr10672b",p=1:t=14:c=14:m=64000M,1800.0,1800.0,64000
BBM/model_116.bnet,cyber/complement-gfp-plus-sink-scc,completed,16.9935,17.1865,,,,41520,,,,,false,false,144,3626777458843887524118528,50,103,15066,,93,51,93,51,144,93,,,,lexical,cyber-complement-gfp-plus-sink-scc,final-comparison-and-ablation,0f8d662,448595f2-3bca-485e-b63a-352e03687ede,73f3bf88e9e5d9b2e1d17aee903c42eb9f1185789321f0491a17382462775d34,915bedc898c4a63fff6d74c9da29c14f21d1a6b0a7877cba4f915509a86b273c,28e3f0e88742b79f23e207717e804594dc9075191db40cb3df24f97fe388f7bf,2026-09-20T12:29:18+00:00,24474349_20,laurel,"gr10497b,gr10609b,gr10672b",p=1:t=14:c=14:m=64000M,1800.0,1800.0,64000
BBM/model_117.bnet,cyber/complement-gfp-plus-sink-scc,completed,0.139479,0.252181,,,,12640,,,,,false,false,47,33554432,41,24,1457,,33,14,33,14,47,33,,,,lexical,cyber-complement-gfp-plus-sink-scc,final-comparison-and-ablation,0f8d662,448595f2-3bca-485e-b63a-352e03687ede,73f3bf88e9e5d9b2e1d17aee903c42eb9f1185789321f0491a17382462775d34,915bedc898c4a63fff6d74c9da29c14f21d1a6b0a7877cba4f915509a86b273c,28e3f0e88742b79f23e207717e804594dc9075191db40cb3df24f97fe388f7bf,2026-09-20T12:29:18+00:00,24474349_203,laurel,"gr10497b,gr10609b,gr10672b",p=1:t=14:c=14:m=64000M,1800.0,1800.0,64000
BBM/model_118.bnet,cyber/complement-gfp-plus-sink-scc,completed,317.727,319.559,,,,130972,,,,,false,false,121,73786976294838206464,81,57,706514,,94,27,94,27,121,94,,,,lexical,cyber-complement-gfp-plus-sink-scc,final-comparison-and-ablation,0f8d662,448595f2-3bca-485e-b63a-352e03687ede,73f3bf88e9e5d9b2e1d17aee903c42eb9f1185789321f0491a17382462775d34,915bedc898c4a63fff6d74c9da29c14f21d1a6b0a7877cba4f915509a86b273c,28e3f0e88742b79f23e207717e804594dc9075191db40cb3df24f97fe388f7bf,2026-09-20T12:29:18+00:00,24474349_97,laurel,"gr10497b,gr10609b,gr10672b",p=1:t=14:c=14:m=64000M,1800.0,1800.0,64000
BBM/model_119.bnet,cyber/complement-gfp-plus-sink-scc,completed,0.056171,0.167644,,,,12600,,,,,false,false,19,8192,1,8,17,,6,13,6,13,19,6,,,,lexical,cyber-complement-gfp-plus-sink-scc,final-comparison-and-ablation,0f8d662,448595f2-3bca-485e-b63a-352e03687ede,73f3bf88e9e5d9b2e1d17aee903c42eb9f1185789321f0491a17382462775d34,915bedc898c4a63fff6d74c9da29c14f21d1a6b0a7877cba4f915509a86b273c,28e3f0e88742b79f23e207717e804594dc9075191db40cb3df24f97fe388f7bf,2026-09-20T12:29:18+00:00,24474349_199,laurel,"gr10497b,gr10609b,gr10672b",p=1:t=14:c=14:m=64000M,1800.0,1800.0,64000
BBM/model_120.bnet,cyber/complement-gfp-plus-sink-scc,completed,20.9063,21.0651,,,,43196,,,,,false,false,150,302231454903657293676544,41,74,64876,,100,50,100,50,150,100,,,,lexical,cyber-complement-gfp-plus-sink-scc,final-comparison-and-ablation,0f8d662,448595f2-3bca-485e-b63a-352e03687ede,73f3bf88e9e5d9b2e1d17aee903c42eb9f1185789321f0491a17382462775d34,915bedc898c4a63fff6d74c9da29c14f21d1a6b0a7877cba4f915509a86b273c,28e3f0e88742b79f23e207717e804594dc9075191db40cb3df24f97fe388f7bf,2026-09-20T12:29:18+00:00,24474349_153,laurel,"gr10497b,gr10609b,gr10672b",p=1:t=14:c=14:m=64000M,1800.0,1800.0,64000
BBM/model_121.bnet,cyber/complement-gfp-plus-sink-scc,completed,0.14855,0.262084,,,,12568,,,,,false,false,57,446676598784,11,42,174,,24,33,24,33,57,24,,,,lexical,cyber-complement-gfp-plus-sink-scc,final-comparison-and-ablation,0f8d662,448595f2-3bca-485e-b63a-352e03687ede,73f3bf88e9e5d9b2e1d17aee903c42eb9f1185789321f0491a17382462775d34,915bedc898c4a63fff6d74c9da29c14f21d1a6b0a7877cba4f915509a86b273c,28e3f0e88742b79f23e207717e804594dc9075191db40cb3df24f97fe388f7bf,2026-09-20T12:29:18+00:00,24474349_114,laurel,"gr10497b,gr10609b,gr10672b",p=1:t=14:c=14:m=64000M,1800.0,1800.0,64000
BBM/model_122.bnet,cyber/complement-gfp-plus-sink-scc,timeout,1790.41,1800.15,,,,25003236,,,,,true,false,168,,,,,,,,,,,,,,,,,final-comparison-and-ablation,0f8d662,448595f2-3bca-485e-b63a-352e03687ede,73f3bf88e9e5d9b2e1d17aee903c42eb9f1185789321f0491a17382462775d34,915bedc898c4a63fff6d74c9da29c14f21d1a6b0a7877cba4f915509a86b273c,28e3f0e88742b79f23e207717e804594dc9075191db40cb3df24f97fe388f7bf,2026-09-20T12:29:18+00:00,24474349_48,laurel,"gr10497b,gr10609b,gr10672b",p=1:t=14:c=14:m=64000M,1800.0,1800.0,64000
BBM/model_123.bnet,cyber/complement-gfp-plus-sink-scc,completed,0.137909,0.251194,,,,12596,,,,,false,false,60,137438953472,1,25,67,,23,37,23,37,60,23,,,,lexical,cyber-complement-gfp-plus-sink-scc,final-comparison-and-ablation,0f8d662,448595f2-3bca-485e-b63a-352e03687ede,73f3bf88e9e5d9b2e1d17aee903c42eb9f1185789321f0491a17382462775d34,915bedc898c4a63fff6d74c9da29c14f21d1a6b0a7877cba4f915509a86b273c,28e3f0e88742b79f23e207717e804594dc9075191db40cb3df24f97fe388f7bf,2026-09-20T12:29:18+00:00,24474349_113,laurel,"gr10497b,gr10609b,gr10672b",p=1:t=14:c=14:m=64000M,1800.0,1800.0,64000
BBM/model_124.bnet,cyber/complement-gfp-plus-sink-scc,completed,0.086625,0.20112,,,,12548,,,,,false,false,252,332306998946228968225951765070086144,1,136,277,,134,118,134,118,252,134,,,,lexical,cyber-complement-gfp-plus-sink-scc,final-comparison-and-ablation,0f8d662,448595f2-3bca-485e-b63a-352e03687ede,73f3bf88e9e5d9b2e1d17aee903c42eb9f1185789321f0491a17382462775d34,915bedc898c4a63fff6d74c9da29c14f21d1a6b0a7877cba4f915509a86b273c,28e3f0e88742b79f23e207717e804594dc9075191db40cb3df24f97fe388f7bf,2026-09-20T12:29:18+00:00,24474349_93,laurel,"gr10497b,gr10609b,gr10672b",p=1:t=14:c=14:m=64000M,1800.0,1800.0,64000
BBM/model_125.bnet,cyber/complement-gfp-plus-sink-scc,completed,136.558,137.121,,,,113188,,,,,false,false,51,2147483648,74,22,709497,,48,3,48,3,51,48,,,,lexical,cyber-complement-gfp-plus-sink-scc,final-comparison-and-ablation,0f8d662,448595f2-3bca-485e-b63a-352e03687ede,73f3bf88e9e5d9b2e1d17aee903c42eb9f1185789321f0491a17382462775d34,915bedc898c4a63fff6d74c9da29c14f21d1a6b0a7877cba4f915509a86b273c,28e3f0e88742b79f23e207717e804594dc9075191db40cb3df24f97fe388f7bf,2026-09-20T12:29:18+00:00,24474349_91,laurel,"gr10497b,gr10609b,gr10672b",p=1:t=14:c=14:m=64000M,1800.0,1800.0,64000
BBM/model_126.bnet,cyber/complement-gfp-plus-sink-scc,completed,0.070498,0.182542,,,,12564,,,,,false,false,42,512,2,35,1863,,34,8,34,8,42,34,,,,lexical,cyber-complement-gfp-plus-sink-scc,final-comparison-and-ablation,0f8d662,448595f2-3bca-485e-b63a-352e03687ede,73f3bf88e9e5d9b2e1d17aee903c42eb9f1185789321f0491a17382462775d34,915bedc898c4a63fff6d74c9da29c14f21d1a6b0a7877cba4f915509a86b273c,28e3f0e88742b79f23e207717e804594dc9075191db40cb3df24f97fe388f7bf,2026-09-20T12:29:18+00:00,24474349_215,laurel,"gr10497b,gr10609b,gr10672b",p=1:t=14:c=14:m=64000M,1800.0,1800.0,64000
BBM/model_127.bnet,cyber/complement-gfp-plus-sink-scc,completed,0.064275,0.175765,,,,12612,,,,,false,false,79,17592186044416,1,37,75,,35,44,35,44,79,35,,,,lexical,cyber-complement-gfp-plus-sink-scc,final-comparison-and-ablation,0f8d662,448595f2-3bca-485e-b63a-352e03687ede,73f3bf88e9e5d9b2e1d17aee903c42eb9f1185789321f0491a17382462775d34,915bedc898c4a63fff6d74c9da29c14f21d1a6b0a7877cba4f915509a86b273c,28e3f0e88742b79f23e207717e804594dc9075191db40cb3df24f97fe388f7bf,2026-09-20T12:29:18+00:00,24474349_69,laurel,"gr10497b,gr10609b,gr10672b",p=1:t=14:c=14:m=64000M,1800.0,1800.0,64000
BBM/model_128.bnet,cyber/complement-gfp-plus-sink-scc,completed,0.065008,0.179278,,,,12544,,,,,false,false,90,9007199254740992,1,39,92,,37,53,37,53,90,37,,,,lexical,cyber-complement-gfp-plus-sink-scc,final-comparison-and-ablation,0f8d662,448595f2-3bca-485e-b63a-352e03687ede,73f3bf88e9e5d9b2e1d17aee903c42eb9f1185789321f0491a17382462775d34,915bedc898c4a63fff6d74c9da29c14f21d1a6b0a7877cba4f915509a86b273c,28e3f0e88742b79f23e207717e804594dc9075191db40cb3df24f97fe388f7bf,2026-09-20T12:29:18+00:00,24474349_36,laurel,"gr10497b,gr10609b,gr10672b",p=1:t=14:c=14:m=64000M,1800.0,1800.0,64000
BBM/model_129.bnet,cyber/complement-gfp-plus-sink-scc,completed,0.055378,0.167562,,,,12640,,,,,false,false,34,8589934592,1,3,7,,1,33,1,33,34,1,,,,lexical,cyber-complement-gfp-plus-sink-scc,final-comparison-and-ablation,0f8d662,448595f2-3bca-485e-b63a-352e03687ede,73f3bf88e9e5d9b2e1d17aee903c42eb9f1185789321f0491a17382462775d34,915bedc898c4a63fff6d74c9da29c14f21d1a6b0a7877cba4f915509a86b273c,28e3f0e88742b79f23e207717e804594dc9075191db40cb3df24f97fe388f7bf,2026-09-20T12:29:18+00:00,24474349_190,laurel,"gr10497b,gr10609b,gr10672b",p=1:t=14:c=14:m=64000M,1800.0,1800.0,64000
BBM/model_130.bnet,cyber/complement-gfp-plus-sink-scc,completed,5.06194,5.1891,,,,12620,,,,,false,false,77,8796093022208,84,36,15933,,51,26,51,26,77,51,,,,lexical,cyber-complement-gfp-plus-sink-scc,final-comparison-and-ablation,0f8d662,448595f2-3bca-485e-b63a-352e03687ede,73f3bf88e9e5d9b2e1d17aee903c42eb9f1185789321f0491a17382462775d34,915bedc898c4a63fff6d74c9da29c14f21d1a6b0a7877cba4f915509a86b273c,28e3f0e88742b79f23e207717e804594dc9075191db40cb3df24f97fe388f7bf,2026-09-20T12:29:18+00:00,24474349_166,laurel,"gr10497b,gr10609b,gr10672b",p=1:t=14:c=14:m=64000M,1800.0,1800.0,64000
BBM/model_131.bnet,cyber/complement-gfp-plus-sink-scc,completed,0.102229,0.221935,,,,12600,,,,,false,false,21,128,1,16,33,,14,7,14,7,21,14,,,,lexical,cyber-complement-gfp-plus-sink-scc,final-comparison-and-ablation,0f8d662,448595f2-3bca-485e-b63a-352e03687ede,73f3bf88e9e5d9b2e1d17aee903c42eb9f1185789321f0491a17382462775d34,915bedc898c4a63fff6d74c9da29c14f21d1a6b0a7877cba4f915509a86b273c,28e3f0e88742b79f23e207717e804594dc9075191db40cb3df24f97fe388f7bf,2026-09-20T12:29:18+00:00,24474349_133,laurel,"gr10497b,gr10609b,gr10672b",p=1:t=14:c=14:m=64000M,1800.0,1800.0,64000
BBM/model_132.bnet,cyber/complement-gfp-plus-sink-scc,timeout,1792.16,1800.01,,,,1286056,,,,,true,false,148,,,,,,,,,,,,,,,,cyber-complement-gfp-plus-sink-scc,final-comparison-and-ablation,0f8d662,448595f2-3bca-485e-b63a-352e03687ede,73f3bf88e9e5d9b2e1d17aee903c42eb9f1185789321f0491a17382462775d34,915bedc898c4a63fff6d74c9da29c14f21d1a6b0a7877cba4f915509a86b273c,28e3f0e88742b79f23e207717e804594dc9075191db40cb3df24f97fe388f7bf,2026-09-20T12:29:18+00:00,24474349_145,laurel,"gr10497b,gr10609b,gr10672b",p=1:t=14:c=14:m=64000M,1800.0,1800.0,64000
BBM/model_133.bnet,cyber/complement-gfp-plus-sink-scc,completed,0.057037,0.168943,,,,12528,,,,,false,false,10,64,1,6,17,,4,6,4,6,10,4,,,,lexical,cyber-complement-gfp-plus-sink-scc,final-comparison-and-ablation,0f8d662,448595f2-3bca-485e-b63a-352e03687ede,73f3bf88e9e5d9b2e1d17aee903c42eb9f1185789321f0491a17382462775d34,915bedc898c4a63fff6d74c9da29c14f21d1a6b0a7877cba4f915509a86b273c,28e3f0e88742b79f23e207717e804594dc9075191db40cb3df24f97fe388f7bf,2026-09-20T12:29:18+00:00,24474349_75,laurel,"gr10497b,gr10609b,gr10672b",p=1:t=14:c=14:m=64000M,1800.0,1800.0,64000
BBM/model_134.bnet,cyber/complement-gfp-plus-sink-scc,completed,719.496,723.029,,,,123668,,,,,false,false,38,25769803776,358,7,662792,,34,4,34,4,38,34,,,,lexical,cyber-complement-gfp-plus-sink-scc,final-comparison-and-ablation,0f8d662,448595f2-3bca-485e-b63a-352e03687ede,73f3bf88e9e5d9b2e1d17aee903c42eb9f1185789321f0491a17382462775d34,915bedc898c4a63fff6d74c9da29c14f21d1a6b0a7877cba4f915509a86b273c,28e3f0e88742b79f23e207717e804594dc9075191db40cb3df24f97fe388f7bf,2026-09-20T12:29:18+00:00,24474349_132,laurel,"gr10497b,gr10609b,gr10672b",p=1:t=14:c=14:m=64000M,1800.0,1800.0,64000
BBM/model_135.bnet,cyber/complement-gfp-plus-sink-scc,completed,0.066134,0.177717,,,,12540,,,,,false,false,30,4194304,28,10,188,,17,13,17,13,30,17,,,,lexical,cyber-complement-gfp-plus-sink-scc,final-comparison-and-ablation,0f8d662,448595f2-3bca-485e-b63a-352e03687ede,73f3bf88e9e5d9b2e1d17aee903c42eb9f1185789321f0491a17382462775d34,915bedc898c4a63fff6d74c9da29c14f21d1a6b0a7877cba4f915509a86b273c,28e3f0e88742b79f23e207717e804594dc9075191db40cb3df24f97fe388f7bf,2026-09-20T12:29:18+00:00,24474349_211,laurel,"gr10497b,gr10609b,gr10672b",p=1:t=14:c=14:m=64000M,1800.0,1800.0,64000
BBM/model_136.bnet,cyber/complement-gfp-plus-sink-scc,completed,0.056628,0.168264,,,,12544,,,,,false,false,28,16384,7,16,80,,17,11,17,11,28,17,,,,lexical,cyber-complement-gfp-plus-sink-scc,final-comparison-and-ablation,0f8d662,448595f2-3bca-485e-b63a-352e03687ede,73f3bf88e9e5d9b2e1d17aee903c42eb9f1185789321f0491a17382462775d34,915bedc898c4a63fff6d74c9da29c14f21d1a6b0a7877cba4f915509a86b273c,28e3f0e88742b79f23e207717e804594dc9075191db40cb3df24f97fe388f7bf,2026-09-20T12:29:18+00:00,24474349_150,laurel,"gr10497b,gr10609b,gr10672b",p=1:t=14:c=14:m=64000M,1800.0,1800.0,64000
BBM/model_137.bnet,cyber/complement-gfp-plus-sink-scc,completed,15.6625,15.8105,,,,14100,,,,,false,false,82,1449654676855034216448,138,94,70177,,34,48,34,48,82,34,,,,lexical,cyber-complement-gfp-plus-sink-scc,final-comparison-and-ablation,0f8d662,448595f2-3bca-485e-b63a-352e03687ede,73f3bf88e9e5d9b2e1d17aee903c42eb9f1185789321f0491a17382462775d34,915bedc898c4a63fff6d74c9da29c14f21d1a6b0a7877cba4f915509a86b273c,28e3f0e88742b79f23e207717e804594dc9075191db40cb3df24f97fe388f7bf,2026-09-20T12:29:18+00:00,24474349_92,laurel,"gr10497b,gr10609b,gr10672b",p=1:t=14:c=14:m=64000M,1800.0,1800.0,64000
BBM/model_138.bnet,cyber/complement-gfp-plus-sink-scc,completed,0.059135,0.173586,,,,12548,,,,,false,false,31,131072,1,16,33,,14,17,14,17,31,14,,,,lexical,cyber-complement-gfp-plus-sink-scc,final-comparison-and-ablation,0f8d662,448595f2-3bca-485e-b63a-352e03687ede,73f3bf88e9e5d9b2e1d17aee903c42eb9f1185789321f0491a17382462775d34,915bedc898c4a63fff6d74c9da29c14f21d1a6b0a7877cba4f915509a86b273c,28e3f0e88742b79f23e207717e804594dc9075191db40cb3df24f97fe388f7bf,2026-09-20T12:29:18+00:00,24474349_109,laurel,"gr10497b,gr10609b,gr10672b",p=1:t=14:c=14:m=64000M,1800.0,1800.0,64000
BBM/model_139.bnet,cyber/complement-gfp-plus-sink-scc,completed,1.00783,1.12303,,,,12552,,,,,false,false,19,24,7,25,256,,19,0,19,0,19,19,,,,lexical,cyber-complement-gfp-plus-sink-scc,final-comparison-and-ablation,0f8d662,448595f2-3bca-485e-b63a-352e03687ede,73f3bf88e9e5d9b2e1d17aee903c42eb9f1185789321f0491a17382462775d34,915bedc898c4a63fff6d74c9da29c14f21d1a6b0a7877cba4f915509a86b273c,28e3f0e88742b79f23e207717e804594dc9075191db40cb3df24f97fe388f7bf,2026-09-20T12:29:18+00:00,24474349_78,laurel,"gr10497b,gr10609b,gr10672b",p=1:t=14:c=14:m=64000M,1800.0,1800.0,64000
BBM/model_140.bnet,cyber/complement-gfp-plus-sink-scc,completed,199.856,200.712,,,,119692,,,,,false,false,80,1099511627776,89,42,413781,,76,4,76,4,80,76,,,,lexical,cyber-complement-gfp-plus-sink-scc,final-comparison-and-ablation,0f8d662,448595f2-3bca-485e-b63a-352e03687ede,73f3bf88e9e5d9b2e1d17aee903c42eb9f1185789321f0491a17382462775d34,915bedc898c4a63fff6d74c9da29c14f21d1a6b0a7877cba4f915509a86b273c,28e3f0e88742b79f23e207717e804594dc9075191db40cb3df24f97fe388f7bf,2026-09-20T12:29:18+00:00,24474349_56,laurel,"gr10497b,gr10609b,gr10672b",p=1:t=14:c=14:m=64000M,1800.0,1800.0,64000
BBM/model_141.bnet,cyber/complement-gfp-plus-sink-scc,completed,0.177661,0.293943,,,,12612,,,,,false,false,45,59659780096,33,21,1151,,31,14,31,14,45,31,,,,lexical,cyber-complement-gfp-plus-sink-scc,final-comparison-and-ablation,0f8d662,448595f2-3bca-485e-b63a-352e03687ede,73f3bf88e9e5d9b2e1d17aee903c42eb9f1185789321f0491a17382462775d34,915bedc898c4a63fff6d74c9da29c14f21d1a6b0a7877cba4f915509a86b273c,28e3f0e88742b79f23e207717e804594dc9075191db40cb3df24f97fe388f7bf,2026-09-20T12:29:18+00:00,24474349_115,laurel,"gr10497b,gr10609b,gr10672b",p=1:t=14:c=14:m=64000M,1800.0,1800.0,64000
BBM/model_142.bnet,cyber/complement-gfp-plus-sink-scc,completed,0.542259,0.654375,,,,12556,,,,,false,false,29,2097152,46,10,8758,,28,1,28,1,29,28,,,,lexical,cyber-complement-gfp-plus-sink-scc,final-comparison-and-ablation,0f8d662,448595f2-3bca-485e-b63a-352e03687ede,73f3bf88e9e5d9b2e1d17aee903c42eb9f1185789321f0491a17382462775d34,915bedc898c4a63fff6d74c9da29c14f21d1a6b0a7877cba4f915509a86b273c,28e3f0e88742b79f23e207717e804594dc9075191db40cb3df24f97fe388f7bf,2026-09-20T12:29:18+00:00,24474349_57,laurel,"gr10497b,gr10609b,gr10672b",p=1:t=14:c=14:m=64000M,1800.0,1800.0,64000
BBM/model_143.bnet,cyber/complement-gfp-plus-sink-scc,completed,455.989,457.886,,,,108704,,,,,false,false,97,288230376151711744,215,41,453020,,75,22,75,22,97,75,,,,lexical,cyber-complement-gfp-plus-sink-scc,final-comparison-and-ablation,0f8d662,448595f2-3bca-485e-b63a-352e03687ede,73f3bf88e9e5d9b2e1d17aee903c42eb9f1185789321f0491a17382462775d34,915bedc898c4a63fff6d74c9da29c14f21d1a6b0a7877cba4f915509a86b273c,28e3f0e88742b79f23e207717e804594dc9075191db40cb3df24f97fe388f7bf,2026-09-20T12:29:18+00:00,24474349_28,laurel,"gr10497b,gr10609b,gr10672b",p=1:t=14:c=14:m=64000M,1800.0,1800.0,64000
BBM/model_144.bnet,cyber/complement-gfp-plus-sink-scc,oom,1171.73,1176.71,,,,65323916,,,,,false,true,202,,,,,,,,,,,,,,,,cyber-complement-gfp-plus-sink-scc,final-comparison-and-ablation,0f8d662,448595f2-3bca-485e-b63a-352e03687ede,73f3bf88e9e5d9b2e1d17aee903c42eb9f1185789321f0491a17382462775d34,915bedc898c4a63fff6d74c9da29c14f21d1a6b0a7877cba4f915509a86b273c,28e3f0e88742b79f23e207717e804594dc9075191db40cb3df24f97fe388f7bf,2026-09-20T12:29:18+00:00,24474349_194,laurel,"gr10497b,gr10609b,gr10672b",p=1:t=14:c=14:m=64000M,1800.0,1800.0,64000
BBM/model_145.bnet,cyber/complement-gfp-plus-sink-scc,completed,531.596,533.41,,,,72108,,,,,false,false,62,412316860416,346,27,359889,,52,10,52,10,62,52,,,,lexical,cyber-complement-gfp-plus-sink-scc,final-comparison-and-ablation,0f8d662,448595f2-3bca-485e-b63a-352e03687ede,73f3bf88e9e5d9b2e1d17aee903c42eb9f1185789321f0491a17382462775d34,915bedc898c4a63fff6d74c9da29c14f21d1a6b0a7877cba4f915509a86b273c,28e3f0e88742b79f23e207717e804594dc9075191db40cb3df24f97fe388f7bf,2026-09-20T12:29:18+00:00,24474349_156,laurel,"gr10497b,gr10609b,gr10672b",p=1:t=14:c=14:m=64000M,1800.0,1800.0,64000
BBM/model_146.bnet,cyber/complement-gfp-plus-sink-scc,completed,38.3424,38.6038,,,,34484,,,,,false,false,50,103275520,111,1051,97003,,50,0,50,0,50,50,,,,lexical,cyber-complement-gfp-plus-sink-scc,final-comparison-and-ablation,0f8d662,448595f2-3bca-485e-b63a-352e03687ede,73f3bf88e9e5d9b2e1d17aee903c42eb9f1185789321f0491a17382462775d34,915bedc898c4a63fff6d74c9da29c14f21d1a6b0a7877cba4f915509a86b273c,28e3f0e88742b79f23e207717e804594dc9075191db40cb3df24f97fe388f7bf,2026-09-20T12:29:18+00:00,24474349_54,laurel,"gr10497b,gr10609b,gr10672b",p=1:t=14:c=14:m=64000M,1800.0,1800.0,64000
BBM/model_147.bnet,cyber/complement-gfp-plus-sink-scc,completed,0.09746,0.213198,,,,12500,,,,,false,false,16,128,14,11,190,,16,0,16,0,16,16,,,,lexical,cyber-complement-gfp-plus-sink-scc,final-comparison-and-ablation,0f8d662,448595f2-3bca-485e-b63a-352e03687ede,73f3bf88e9e5d9b2e1d17aee903c42eb9f1185789321f0491a17382462775d34,915bedc898c4a63fff6d74c9da29c14f21d1a6b0a7877cba4f915509a86b273c,28e3f0e88742b79f23e207717e804594dc9075191db40cb3df24f97fe388f7bf,2026-09-20T12:29:18+00:00,24474349_67,laurel,"gr10497b,gr10609b,gr10672b",p=1:t=14:c=14:m=64000M,1800.0,1800.0,64000
BBM/model_148.bnet,cyber/complement-gfp-plus-sink-scc,timeout,1791.34,1800.01,,,,2391952,,,,,true,false,83,,,,,,,,,,,,,,,,,final-comparison-and-ablation,0f8d662,448595f2-3bca-485e-b63a-352e03687ede,73f3bf88e9e5d9b2e1d17aee903c42eb9f1185789321f0491a17382462775d34,915bedc898c4a63fff6d74c9da29c14f21d1a6b0a7877cba4f915509a86b273c,28e3f0e88742b79f23e207717e804594dc9075191db40cb3df24f97fe388f7bf,2026-09-20T12:29:18+00:00,24474349_12,laurel,"gr10497b,gr10609b,gr10672b",p=1:t=14:c=14:m=64000M,1800.0,1800.0,64000
BBM/model_149.bnet,cyber/complement-gfp-plus-sink-scc,completed,0.064391,0.184111,,,,12632,,,,,false,false,14,896,9,13,46,,8,6,8,6,14,8,,,,lexical,cyber-complement-gfp-plus-sink-scc,final-comparison-and-ablation,0f8d662,448595f2-3bca-485e-b63a-352e03687ede,73f3bf88e9e5d9b2e1d17aee903c42eb9f1185789321f0491a17382462775d34,915bedc898c4a63fff6d74c9da29c14f21d1a6b0a7877cba4f915509a86b273c,28e3f0e88742b79f23e207717e804594dc9075191db40cb3df24f97fe388f7bf,2026-09-20T12:29:18+00:00,24474349_159,laurel,"gr10497b,gr10609b,gr10672b",p=1:t=14:c=14:m=64000M,1800.0,1800.0,64000
BBM/model_150.bnet,cyber/complement-gfp-plus-sink-scc,completed,0.369616,0.482807,,,,12616,,,,,false,false,33,1331456,54,76,3956,,28,5,28,5,33,28,,,,lexical,cyber-complement-gfp-plus-sink-scc,final-comparison-and-ablation,0f8d662,448595f2-3bca-485e-b63a-352e03687ede,73f3bf88e9e5d9b2e1d17aee903c42eb9f1185789321f0491a17382462775d34,915bedc898c4a63fff6d74c9da29c14f21d1a6b0a7877cba4f915509a86b273c,28e3f0e88742b79f23e207717e804594dc9075191db40cb3df24f97fe388f7bf,2026-09-20T12:29:18+00:00,24474349_72,laurel,"gr10497b,gr10609b,gr10672b",p=1:t=14:c=14:m=64000M,1800.0,1800.0,64000
BBM/model_151.bnet,cyber/complement-gfp-plus-sink-scc,timeout,1794.43,1800.01,,,,1726320,,,,,true,false,133,,,,,,,,,,,,,,,,cyber-complement-gfp-plus-sink-scc,final-comparison-and-ablation,0f8d662,448595f2-3bca-485e-b63a-352e03687ede,73f3bf88e9e5d9b2e1d17aee903c42eb9f1185789321f0491a17382462775d34,915bedc898c4a63fff6d74c9da29c14f21d1a6b0a7877cba4f915509a86b273c,28e3f0e88742b79f23e207717e804594dc9075191db40cb3df24f97fe388f7bf,2026-09-20T12:29:18+00:00,24474349_25,laurel,"gr10497b,gr10609b,gr10672b",p=1:t=14:c=14:m=64000M,1800.0,1800.0,64000
BBM/model_152.bnet,cyber/complement-gfp-plus-sink-scc,completed,52.4533,52.7501,,,,39388,,,,,false,false,53,11800422645760,139,138,162752,,43,10,43,10,53,43,,,,lexical,cyber-complement-gfp-plus-sink-scc,final-comparison-and-ablation,0f8d662,448595f2-3bca-485e-b63a-352e03687ede,73f3bf88e9e5d9b2e1d17aee903c42eb9f1185789321f0491a17382462775d34,915bedc898c4a63fff6d74c9da29c14f21d1a6b0a7877cba4f915509a86b273c,28e3f0e88742b79f23e207717e804594dc9075191db40cb3df24f97fe388f7bf,2026-09-20T12:29:18+00:00,24474349_149,laurel,"gr10497b,gr10609b,gr10672b",p=1:t=14:c=14:m=64000M,1800.0,1800.0,64000
BBM/model_153.bnet,cyber/complement-gfp-plus-sink-scc,completed,0.060115,0.174347,,,,12632,,,,,false,false,18,640,13,15,145,,15,3,15,3,18,15,,,,lexical,cyber-complement-gfp-plus-sink-scc,final-comparison-and-ablation,0f8d662,448595f2-3bca-485e-b63a-352e03687ede,73f3bf88e9e5d9b2e1d17aee903c42eb9f1185789321f0491a17382462775d34,915bedc898c4a63fff6d74c9da29c14f21d1a6b0a7877cba4f915509a86b273c,28e3f0e88742b79f23e207717e804594dc9075191db40cb3df24f97fe388f7bf,2026-09-20T12:29:18+00:00,24474349_11,laurel,"gr10497b,gr10609b,gr10672b",p=1:t=14:c=14:m=64000M,1800.0,1800.0,64000
BBM/model_154.bnet,cyber/complement-gfp-plus-sink-scc,completed,0.42438,0.537373,,,,12600,,,,,false,false,21,128,9,16,234,,21,0,21,0,21,21,,,,lexical,cyber-complement-gfp-plus-sink-scc,final-comparison-and-ablation,0f8d662,448595f2-3bca-485e-b63a-352e03687ede,73f3bf88e9e5d9b2e1d17aee903c42eb9f1185789321f0491a17382462775d34,915bedc898c4a63fff6d74c9da29c14f21d1a6b0a7877cba4f915509a86b273c,28e3f0e88742b79f23e207717e804594dc9075191db40cb3df24f97fe388f7bf,2026-09-20T12:29:18+00:00,24474349_214,laurel,"gr10497b,gr10609b,gr10672b",p=1:t=14:c=14:m=64000M,1800.0,1800.0,64000
BBM/model_155.bnet,cyber/complement-gfp-plus-sink-scc,completed,712.363,715.262,,,,364420,,,,,false,false,71,133143986176,78,75,2030221,,70,1,70,1,71,70,,,,lexical,cyber-complement-gfp-plus-sink-scc,final-comparison-and-ablation,0f8d662,448595f2-3bca-485e-b63a-352e03687ede,73f3bf88e9e5d9b2e1d17aee903c42eb9f1185789321f0491a17382462775d34,915bedc898c4a63fff6d74c9da29c14f21d1a6b0a7877cba4f915509a86b273c,28e3f0e88742b79f23e207717e804594dc9075191db40cb3df24f97fe388f7bf,2026-09-20T12:29:18+00:00,24474349_157,laurel,"gr10497b,gr10609b,gr10672b",p=1:t=14:c=14:m=64000M,1800.0,1800.0,64000
BBM/model_156.bnet,cyber/complement-gfp-plus-sink-scc,completed,0.232021,0.345078,,,,12612,,,,,false,false,36,262144,23,20,3295,,35,1,35,1,36,35,,,,lexical,cyber-complement-gfp-plus-sink-scc,final-comparison-and-ablation,0f8d662,448595f2-3bca-485e-b63a-352e03687ede,73f3bf88e9e5d9b2e1d17aee903c42eb9f1185789321f0491a17382462775d34,915bedc898c4a63fff6d74c9da29c14f21d1a6b0a7877cba4f915509a86b273c,28e3f0e88742b79f23e207717e804594dc9075191db40cb3df24f97fe388f7bf,2026-09-20T12:29:18+00:00,24474349_33,laurel,"gr10497b,gr10609b,gr10672b",p=1:t=14:c=14:m=64000M,1800.0,1800.0,64000
BBM/model_157.bnet,cyber/complement-gfp-plus-sink-scc,completed,614.98,618.22,,,,234740,,,,,false,false,103,2181431069507584,81,201,977119,,90,13,90,13,103,90,,,,lexical,cyber-complement-gfp-plus-sink-scc,final-comparison-and-ablation,0f8d662,448595f2-3bca-485e-b63a-352e03687ede,73f3bf88e9e5d9b2e1d17aee903c42eb9f1185789321f0491a17382462775d34,915bedc898c4a63fff6d74c9da29c14f21d1a6b0a7877cba4f915509a86b273c,28e3f0e88742b79f23e207717e804594dc9075191db40cb3df24f97fe388f7bf,2026-09-20T12:29:18+00:00,24474349_143,laurel,"gr10497b,gr10609b,gr10672b",p=1:t=14:c=14:m=64000M,1800.0,1800.0,64000
BBM/model_158.bnet,cyber/complement-gfp-plus-sink-scc,completed,0.102108,0.21445,,,,12640,,,,,false,false,7,16,5,5,37,,7,0,7,0,7,7,,,,lexical,cyber-complement-gfp-plus-sink-scc,final-comparison-and-ablation,0f8d662,448595f2-3bca-485e-b63a-352e03687ede,73f3bf88e9e5d9b2e1d17aee903c42eb9f1185789321f0491a17382462775d34,915bedc898c4a63fff6d74c9da29c14f21d1a6b0a7877cba4f915509a86b273c,28e3f0e88742b79f23e207717e804594dc9075191db40cb3df24f97fe388f7bf,2026-09-20T12:29:18+00:00,24474349_139,laurel,"gr10497b,gr10609b,gr10672b",p=1:t=14:c=14:m=64000M,1800.0,1800.0,64000
BBM/model_159.bnet,cyber/complement-gfp-plus-sink-scc,completed,3.66293,3.78741,,,,12844,,,,,false,false,39,10673152,99,194,12525,,37,2,37,2,39,37,,,,lexical,cyber-complement-gfp-plus-sink-scc,final-comparison-and-ablation,0f8d662,448595f2-3bca-485e-b63a-352e03687ede,73f3bf88e9e5d9b2e1d17aee903c42eb9f1185789321f0491a17382462775d34,915bedc898c4a63fff6d74c9da29c14f21d1a6b0a7877cba4f915509a86b273c,28e3f0e88742b79f23e207717e804594dc9075191db40cb3df24f97fe388f7bf,2026-09-20T12:29:18+00:00,24474349_70,laurel,"gr10497b,gr10609b,gr10672b",p=1:t=14:c=14:m=64000M,1800.0,1800.0,64000
BBM/model_160.bnet,cyber/complement-gfp-plus-sink-scc,timeout,1794.97,1800.01,,,,2674560,,,,,true,false,92,,,,,,,,,,,,,,,,,final-comparison-and-ablation,0f8d662,448595f2-3bca-485e-b63a-352e03687ede,73f3bf88e9e5d9b2e1d17aee903c42eb9f1185789321f0491a17382462775d34,915bedc898c4a63fff6d74c9da29c14f21d1a6b0a7877cba4f915509a86b273c,28e3f0e88742b79f23e207717e804594dc9075191db40cb3df24f97fe388f7bf,2026-09-20T12:29:18+00:00,24474349_123,laurel,"gr10497b,gr10609b,gr10672b",p=1:t=14:c=14:m=64000M,1800.0,1800.0,64000
BBM/model_161.bnet,cyber/complement-gfp-plus-sink-scc,completed,2.95778,3.08011,,,,12940,,,,,false,false,96,19807040628566084398385987584,1,4,9,,2,94,2,94,96,2,,,,lexical,cyber-complement-gfp-plus-sink-scc,final-comparison-and-ablation,0f8d662,448595f2-3bca-485e-b63a-352e03687ede,73f3bf88e9e5d9b2e1d17aee903c42eb9f1185789321f0491a17382462775d34,915bedc898c4a63fff6d74c9da29c14f21d1a6b0a7877cba4f915509a86b273c,28e3f0e88742b79f23e207717e804594dc9075191db40cb3df24f97fe388f7bf,2026-09-20T12:29:18+00:00,24474349_124,laurel,"gr10497b,gr10609b,gr10672b",p=1:t=14:c=14:m=64000M,1800.0,1800.0,64000
BBM/model_162.bnet,cyber/complement-gfp-plus-sink-scc,completed,0.06057,0.173798,,,,12596,,,,,false,false,18,768,14,12,239,,17,1,17,1,18,17,,,,lexical,cyber-complement-gfp-plus-sink-scc,final-comparison-and-ablation,0f8d662,448595f2-3bca-485e-b63a-352e03687ede,73f3bf88e9e5d9b2e1d17aee903c42eb9f1185789321f0491a17382462775d34,915bedc898c4a63fff6d74c9da29c14f21d1a6b0a7877cba4f915509a86b273c,28e3f0e88742b79f23e207717e804594dc9075191db40cb3df24f97fe388f7bf,2026-09-20T12:29:18+00:00,24474349_130,laurel,"gr10497b,gr10609b,gr10672b",p=1:t=14:c=14:m=64000M,1800.0,1800.0,64000
BBM/model_163.bnet,cyber/complement-gfp-plus-sink-scc,completed,0.063238,0.177658,,,,12532,,,,,false,false,34,8388608,1,13,30,,11,23,11,23,34,11,,,,lexical,cyber-complement-gfp-plus-sink-scc,final-comparison-and-ablation,0f8d662,448595f2-3bca-485e-b63a-352e03687ede,73f3bf88e9e5d9b2e1d17aee903c42eb9f1185789321f0491a17382462775d34,915bedc898c4a63fff6d74c9da29c14f21d1a6b0a7877cba4f915509a86b273c,28e3f0e88742b79f23e207717e804594dc9075191db40cb3df24f97fe388f7bf,2026-09-20T12:29:18+00:00,24474349_122,laurel,"gr10497b,gr10609b,gr10672b",p=1:t=14:c=14:m=64000M,1800.0,1800.0,64000
BBM/model_164.bnet,cyber/complement-gfp-plus-sink-scc,completed,0.986249,1.10287,,,,12596,,,,,false,false,24,4096,23,14,882,,24,0,24,0,24,24,,,,lexical,cyber-complement-gfp-plus-sink-scc,final-comparison-and-ablation,0f8d662,448595f2-3bca-485e-b63a-352e03687ede,73f3bf88e9e5d9b2e1d17aee903c42eb9f1185789321f0491a17382462775d34,915bedc898c4a63fff6d74c9da29c14f21d1a6b0a7877cba4f915509a86b273c,28e3f0e88742b79f23e207717e804594dc9075191db40cb3df24f97fe388f7bf,2026-09-20T12:29:18+00:00,24474349_165,laurel,"gr10497b,gr10609b,gr10672b",p=1:t=14:c=14:m=64000M,1800.0,1800.0,64000
BBM/model_165.bnet,cyber/complement-gfp-plus-sink-scc,completed,0.055187,0.16802,,,,12628,,,,,false,false,8,8,1,7,18,,5,3,5,3,8,5,,,,lexical,cyber-complement-gfp-plus-sink-scc,final-comparison-and-ablation,0f8d662,448595f2-3bca-485e-b63a-352e03687ede,73f3bf88e9e5d9b2e1d17aee903c42eb9f1185789321f0491a17382462775d34,915bedc898c4a63fff6d74c9da29c14f21d1a6b0a7877cba4f915509a86b273c,28e3f0e88742b79f23e207717e804594dc9075191db40cb3df24f97fe388f7bf,2026-09-20T12:29:18+00:00,24474349_34,laurel,"gr10497b,gr10609b,gr10672b",p=1:t=14:c=14:m=64000M,1800.0,1800.0,64000
BBM/model_166.bnet,cyber/complement-gfp-plus-sink-scc,completed,0.103266,0.227658,,,,12588,,,,,false,false,19,128,8,14,199,,18,1,18,1,19,18,,,,lexical,cyber-complement-gfp-plus-sink-scc,final-comparison-and-ablation,0f8d662,448595f2-3bca-485e-b63a-352e03687ede,73f3bf88e9e5d9b2e1d17aee903c42eb9f1185789321f0491a17382462775d34,915bedc898c4a63fff6d74c9da29c14f21d1a6b0a7877cba4f915509a86b273c,28e3f0e88742b79f23e207717e804594dc9075191db40cb3df24f97fe388f7bf,2026-09-20T12:29:18+00:00,24474349_192,laurel,"gr10497b,gr10609b,gr10672b",p=1:t=14:c=14:m=64000M,1800.0,1800.0,64000
BBM/model_167.bnet,cyber/complement-gfp-plus-sink-scc,completed,2.33857,2.46588,,,,12500,,,,,false,false,57,150323855360,61,37,22192,,40,17,40,17,57,40,,,,lexical,cyber-complement-gfp-plus-sink-scc,final-comparison-and-ablation,0f8d662,448595f2-3bca-485e-b63a-352e03687ede,73f3bf88e9e5d9b2e1d17aee903c42eb9f1185789321f0491a17382462775d34,915bedc898c4a63fff6d74c9da29c14f21d1a6b0a7877cba4f915509a86b273c,28e3f0e88742b79f23e207717e804594dc9075191db40cb3df24f97fe388f7bf,2026-09-20T12:29:18+00:00,24474349_169,laurel,"gr10497b,gr10609b,gr10672b",p=1:t=14:c=14:m=64000M,1800.0,1800.0,64000
BBM/model_168.bnet,cyber/complement-gfp-plus-sink-scc,completed,0.056057,0.168184,,,,12484,,,,,false,false,13,128,1,8,17,,6,7,6,7,13,6,,,,lexical,cyber-complement-gfp-plus-sink-scc,final-comparison-and-ablation,0f8d662,448595f2-3bca-485e-b63a-352e03687ede,73f3bf88e9e5d9b2e1d17aee903c42eb9f1185789321f0491a17382462775d34,915bedc898c4a63fff6d74c9da29c14f21d1a6b0a7877cba4f915509a86b273c,28e3f0e88742b79f23e207717e804594dc9075191db40cb3df24f97fe388f7bf,2026-09-20T12:29:18+00:00,24474349_1,laurel,"gr10497b,gr10609b,gr10672b",p=1:t=14:c=14:m=64000M,1800.0,1800.0,64000
BBM/model_169.bnet,cyber/complement-gfp-plus-sink-scc,completed,0.064711,0.186971,,,,12584,,,,,false,false,7,32,1,4,9,,2,5,2,5,7,2,,,,lexical,cyber-complement-gfp-plus-sink-scc,final-comparison-and-ablation,0f8d662,448595f2-3bca-485e-b63a-352e03687ede,73f3bf88e9e5d9b2e1d17aee903c42eb9f1185789321f0491a17382462775d34,915bedc898c4a63fff6d74c9da29c14f21d1a6b0a7877cba4f915509a86b273c,28e3f0e88742b79f23e207717e804594dc9075191db40cb3df24f97fe388f7bf,2026-09-20T12:29:18+00:00,24474349_179,laurel,"gr10497b,gr10609b,gr10672b",p=1:t=14:c=14:m=64000M,1800.0,1800.0,64000
BBM/model_170.bnet,cyber/complement-gfp-plus-sink-scc,completed,0.055546,0.166723,,,,12604,,,,,false,false,7,16,1,5,11,,3,4,3,4,7,3,,,,lexical,cyber-complement-gfp-plus-sink-scc,final-comparison-and-ablation,0f8d662,448595f2-3bca-485e-b63a-352e03687ede,73f3bf88e9e5d9b2e1d17aee903c42eb9f1185789321f0491a17382462775d34,915bedc898c4a63fff6d74c9da29c14f21d1a6b0a7877cba4f915509a86b273c,28e3f0e88742b79f23e207717e804594dc9075191db40cb3df24f97fe388f7bf,2026-09-20T12:29:18+00:00,24474349_82,laurel,"gr10497b,gr10609b,gr10672b",p=1:t=14:c=14:m=64000M,1800.0,1800.0,64000
BBM/model_171.bnet,cyber/complement-gfp-plus-sink-scc,completed,0.0565,0.171035,,,,12636,,,,,false,false,7,16,1,5,16,,3,4,3,4,7,3,,,,lexical,cyber-complement-gfp-plus-sink-scc,final-comparison-and-ablation,0f8d662,448595f2-3bca-485e-b63a-352e03687ede,73f3bf88e9e5d9b2e1d17aee903c42eb9f1185789321f0491a17382462775d34,915bedc898c4a63fff6d74c9da29c14f21d1a6b0a7877cba4f915509a86b273c,28e3f0e88742b79f23e207717e804594dc9075191db40cb3df24f97fe388f7bf,2026-09-20T12:29:18+00:00,24474349_65,laurel,"gr10497b,gr10609b,gr10672b",p=1:t=14:c=14:m=64000M,1800.0,1800.0,64000
BBM/model_172.bnet,cyber/complement-gfp-plus-sink-scc,completed,0.055203,0.181167,,,,12632,,,,,false,false,7,12,2,7,24,,5,2,5,2,7,5,,,,lexical,cyber-complement-gfp-plus-sink-scc,final-comparison-and-ablation,0f8d662,448595f2-3bca-485e-b63a-352e03687ede,73f3bf88e9e5d9b2e1d17aee903c42eb9f1185789321f0491a17382462775d34,915bedc898c4a63fff6d74c9da29c14f21d1a6b0a7877cba4f915509a86b273c,28e3f0e88742b79f23e207717e804594dc9075191db40cb3df24f97fe388f7bf,2026-09-20T12:29:18+00:00,24474349_5,laurel,"gr10497b,gr10609b,gr10672b",p=1:t=14:c=14:m=64000M,1800.0,1800.0,64000
BBM/model_173.bnet,cyber/complement-gfp-plus-sink-scc,completed,400.882,402.261,,,,93552,,,,,false,false,76,617679244205490176,186,122,522187,,49,27,49,27,76,49,,,,lexical,cyber-complement-gfp-plus-sink-scc,final-comparison-and-ablation,0f8d662,448595f2-3bca-485e-b63a-352e03687ede,73f3bf88e9e5d9b2e1d17aee903c42eb9f1185789321f0491a17382462775d34,915bedc898c4a63fff6d74c9da29c14f21d1a6b0a7877cba4f915509a86b273c,28e3f0e88742b79f23e207717e804594dc9075191db40cb3df24f97fe388f7bf,2026-09-20T12:29:18+00:00,24474349_83,laurel,"gr10497b,gr10609b,gr10672b",p=1:t=14:c=14:m=64000M,1800.0,1800.0,64000
BBM/model_174.bnet,cyber/complement-gfp-plus-sink-scc,completed,1.37431,1.49433,,,,12576,,,,,false,false,19,335872,61,11,3971,,19,0,19,0,19,19,,,,lexical,cyber-complement-gfp-plus-sink-scc,final-comparison-and-ablation,0f8d662,448595f2-3bca-485e-b63a-352e03687ede,73f3bf88e9e5d9b2e1d17aee903c42eb9f1185789321f0491a17382462775d34,915bedc898c4a63fff6d74c9da29c14f21d1a6b0a7877cba4f915509a86b273c,28e3f0e88742b79f23e207717e804594dc9075191db40cb3df24f97fe388f7bf,2026-09-20T12:29:18+00:00,24474349_186,laurel,"gr10497b,gr10609b,gr10672b",p=1:t=14:c=14:m=64000M,1800.0,1800.0,64000
BBM/model_175.bnet,cyber/complement-gfp-plus-sink-scc,completed,0.162851,0.289628,,,,12540,,,,,false,false,41,12582912,6,46,347,,22,19,22,19,41,22,,,,lexical,cyber-complement-gfp-plus-sink-scc,final-comparison-and-ablation,0f8d662,448595f2-3bca-485e-b63a-352e03687ede,73f3bf88e9e5d9b2e1d17aee903c42eb9f1185789321f0491a17382462775d34,915bedc898c4a63fff6d74c9da29c14f21d1a6b0a7877cba4f915509a86b273c,28e3f0e88742b79f23e207717e804594dc9075191db40cb3df24f97fe388f7bf,2026-09-20T12:29:18+00:00,24474349_24,laurel,"gr10497b,gr10609b,gr10672b",p=1:t=14:c=14:m=64000M,1800.0,1800.0,64000
BBM/model_177.bnet,cyber/complement-gfp-plus-sink-scc,completed,0.082658,0.194113,,,,12596,,,,,false,false,34,5376,15,64,386,,29,5,29,5,34,29,,,,lexical,cyber-complement-gfp-plus-sink-scc,final-comparison-and-ablation,0f8d662,448595f2-3bca-485e-b63a-352e03687ede,73f3bf88e9e5d9b2e1d17aee903c42eb9f1185789321f0491a17382462775d34,915bedc898c4a63fff6d74c9da29c14f21d1a6b0a7877cba4f915509a86b273c,28e3f0e88742b79f23e207717e804594dc9075191db40cb3df24f97fe388f7bf,2026-09-20T12:29:18+00:00,24474349_178,laurel,"gr10497b,gr10609b,gr10672b",p=1:t=14:c=14:m=64000M,1800.0,1800.0,64000
BBM/model_178.bnet,cyber/complement-gfp-plus-sink-scc,completed,18.3046,18.4685,,,,13784,,,,,false,false,48,588007866368,116,51,61013,,31,17,31,17,48,31,,,,lexical,cyber-complement-gfp-plus-sink-scc,final-comparison-and-ablation,0f8d662,448595f2-3bca-485e-b63a-352e03687ede,73f3bf88e9e5d9b2e1d17aee903c42eb9f1185789321f0491a17382462775d34,915bedc898c4a63fff6d74c9da29c14f21d1a6b0a7877cba4f915509a86b273c,28e3f0e88742b79f23e207717e804594dc9075191db40cb3df24f97fe388f7bf,2026-09-20T12:29:18+00:00,24474349_18,laurel,"gr10497b,gr10609b,gr10672b",p=1:t=14:c=14:m=64000M,1800.0,1800.0,64000
BBM/model_179.bnet,cyber/complement-gfp-plus-sink-scc,completed,561.713,563.885,,,,71092,,,,,false,false,56,10761338880,488,382,414129,,51,5,51,5,56,51,,,,lexical,cyber-complement-gfp-plus-sink-scc,final-comparison-and-ablation,0f8d662,448595f2-3bca-485e-b63a-352e03687ede,73f3bf88e9e5d9b2e1d17aee903c42eb9f1185789321f0491a17382462775d34,915bedc898c4a63fff6d74c9da29c14f21d1a6b0a7877cba4f915509a86b273c,28e3f0e88742b79f23e207717e804594dc9075191db40cb3df24f97fe388f7bf,2026-09-20T12:29:18+00:00,24474349_63,laurel,"gr10497b,gr10609b,gr10672b",p=1:t=14:c=14:m=64000M,1800.0,1800.0,64000
BBM/model_180.bnet,cyber/complement-gfp-plus-sink-scc,completed,0.0669,0.181021,,,,12448,,,,,false,false,12,1024,28,4,266,,12,0,12,0,12,12,,,,lexical,cyber-complement-gfp-plus-sink-scc,final-comparison-and-ablation,0f8d662,448595f2-3bca-485e-b63a-352e03687ede,73f3bf88e9e5d9b2e1d17aee903c42eb9f1185789321f0491a17382462775d34,915bedc898c4a63fff6d74c9da29c14f21d1a6b0a7877cba4f915509a86b273c,28e3f0e88742b79f23e207717e804594dc9075191db40cb3df24f97fe388f7bf,2026-09-20T12:29:18+00:00,24474349_45,laurel,"gr10497b,gr10609b,gr10672b",p=1:t=14:c=14:m=64000M,1800.0,1800.0,64000
BBM/model_181.bnet,cyber/complement-gfp-plus-sink-scc,completed,0.097063,0.21188,,,,12484,,,,,false,false,13,180,11,32,185,,13,0,13,0,13,13,,,,lexical,cyber-complement-gfp-plus-sink-scc,final-comparison-and-ablation,0f8d662,448595f2-3bca-485e-b63a-352e03687ede,73f3bf88e9e5d9b2e1d17aee903c42eb9f1185789321f0491a17382462775d34,915bedc898c4a63fff6d74c9da29c14f21d1a6b0a7877cba4f915509a86b273c,28e3f0e88742b79f23e207717e804594dc9075191db40cb3df24f97fe388f7bf,2026-09-20T12:29:18+00:00,24474349_61,laurel,"gr10497b,gr10609b,gr10672b",p=1:t=14:c=14:m=64000M,1800.0,1800.0,64000
BBM/model_182.bnet,cyber/complement-gfp-plus-sink-scc,completed,0.096414,0.209769,,,,12484,,,,,false,false,14,16,5,12,90,,14,0,14,0,14,14,,,,lexical,cyber-complement-gfp-plus-sink-scc,final-comparison-and-ablation,0f8d662,448595f2-3bca-485e-b63a-352e03687ede,73f3bf88e9e5d9b2e1d17aee903c42eb9f1185789321f0491a17382462775d34,915bedc898c4a63fff6d74c9da29c14f21d1a6b0a7877cba4f915509a86b273c,28e3f0e88742b79f23e207717e804594dc9075191db40cb3df24f97fe388f7bf,2026-09-20T12:29:18+00:00,24474349_32,laurel,"gr10497b,gr10609b,gr10672b",p=1:t=14:c=14:m=64000M,1800.0,1800.0,64000
BBM/model_183.bnet,cyber/complement-gfp-plus-sink-scc,completed,7.60795,7.73588,,,,12672,,,,,false,false,35,48131776,135,480,34735,,31,4,31,4,35,31,,,,lexical,cyber-complement-gfp-plus-sink-scc,final-comparison-and-ablation,0f8d662,448595f2-3bca-485e-b63a-352e03687ede,73f3bf88e9e5d9b2e1d17aee903c42eb9f1185789321f0491a17382462775d34,915bedc898c4a63fff6d74c9da29c14f21d1a6b0a7877cba4f915509a86b273c,28e3f0e88742b79f23e207717e804594dc9075191db40cb3df24f97fe388f7bf,2026-09-20T12:29:18+00:00,24474349_134,laurel,"gr10497b,gr10609b,gr10672b",p=1:t=14:c=14:m=64000M,1800.0,1800.0,64000
BBM/model_184.bnet,cyber/complement-gfp-plus-sink-scc,completed,0.078308,0.206496,,,,12600,,,,,false,false,6,4,3,6,30,,6,0,6,0,6,6,,,,lexical,cyber-complement-gfp-plus-sink-scc,final-comparison-and-ablation,0f8d662,448595f2-3bca-485e-b63a-352e03687ede,73f3bf88e9e5d9b2e1d17aee903c42eb9f1185789321f0491a17382462775d34,915bedc898c4a63fff6d74c9da29c14f21d1a6b0a7877cba4f915509a86b273c,28e3f0e88742b79f23e207717e804594dc9075191db40cb3df24f97fe388f7bf,2026-09-20T12:29:18+00:00,24474349_174,laurel,"gr10497b,gr10609b,gr10672b",p=1:t=14:c=14:m=64000M,1800.0,1800.0,64000
BBM/model_185.bnet,cyber/complement-gfp-plus-sink-scc,completed,0.070595,0.183328,,,,12512,,,,,false,false,15,72,14,21,128,,15,0,15,0,15,15,,,,lexical,cyber-complement-gfp-plus-sink-scc,final-comparison-and-ablation,0f8d662,448595f2-3bca-485e-b63a-352e03687ede,73f3bf88e9e5d9b2e1d17aee903c42eb9f1185789321f0491a17382462775d34,915bedc898c4a63fff6d74c9da29c14f21d1a6b0a7877cba4f915509a86b273c,28e3f0e88742b79f23e207717e804594dc9075191db40cb3df24f97fe388f7bf,2026-09-20T12:29:18+00:00,24474349_79,laurel,"gr10497b,gr10609b,gr10672b",p=1:t=14:c=14:m=64000M,1800.0,1800.0,64000
BBM/model_186.bnet,cyber/complement-gfp-plus-sink-scc,completed,0.060199,0.170863,,,,12592,,,,,false,false,10,3,3,13,48,,10,0,10,0,10,10,,,,lexical,cyber-complement-gfp-plus-sink-scc,final-comparison-and-ablation,0f8d662,448595f2-3bca-485e-b63a-352e03687ede,73f3bf88e9e5d9b2e1d17aee903c42eb9f1185789321f0491a17382462775d34,915bedc898c4a63fff6d74c9da29c14f21d1a6b0a7877cba4f915509a86b273c,28e3f0e88742b79f23e207717e804594dc9075191db40cb3df24f97fe388f7bf,2026-09-20T12:29:18+00:00,24474349_110,laurel,"gr10497b,gr10609b,gr10672b",p=1:t=14:c=14:m=64000M,1800.0,1800.0,64000
BBM/model_187.bnet,cyber/complement-gfp-plus-sink-scc,completed,0.614628,0.726933,,,,12600,,,,,false,false,19,576,14,15,287,,18,1,18,1,19,18,,,,lexical,cyber-complement-gfp-plus-sink-scc,final-comparison-and-ablation,0f8d662,448595f2-3bca-485e-b63a-352e03687ede,73f3bf88e9e5d9b2e1d17aee903c42eb9f1185789321f0491a17382462775d34,915bedc898c4a63fff6d74c9da29c14f21d1a6b0a7877cba4f915509a86b273c,28e3f0e88742b79f23e207717e804594dc9075191db40cb3df24f97fe388f7bf,2026-09-20T12:29:18+00:00,24474349_176,laurel,"gr10497b,gr10609b,gr10672b",p=1:t=14:c=14:m=64000M,1800.0,1800.0,64000
BBM/model_188.bnet,cyber/complement-gfp-plus-sink-scc,completed,0.691554,0.811,,,,12608,,,,,false,false,37,5308416,49,29,6106,,37,0,37,0,37,37,,,,lexical,cyber-complement-gfp-plus-sink-scc,final-comparison-and-ablation,0f8d662,448595f2-3bca-485e-b63a-352e03687ede,73f3bf88e9e5d9b2e1d17aee903c42eb9f1185789321f0491a17382462775d34,915bedc898c4a63fff6d74c9da29c14f21d1a6b0a7877cba4f915509a86b273c,28e3f0e88742b79f23e207717e804594dc9075191db40cb3df24f97fe388f7bf,2026-09-20T12:29:18+00:00,24474349_9,laurel,"gr10497b,gr10609b,gr10672b",p=1:t=14:c=14:m=64000M,1800.0,1800.0,64000
BBM/model_189.bnet,cyber/complement-gfp-plus-sink-scc,completed,0.055708,0.166373,,,,12628,,,,,false,false,6,16,9,4,31,,6,0,6,0,6,6,,,,lexical,cyber-complement-gfp-plus-sink-scc,final-comparison-and-ablation,0f8d662,448595f2-3bca-485e-b63a-352e03687ede,73f3bf88e9e5d9b2e1d17aee903c42eb9f1185789321f0491a17382462775d34,915bedc898c4a63fff6d74c9da29c14f21d1a6b0a7877cba4f915509a86b273c,28e3f0e88742b79f23e207717e804594dc9075191db40cb3df24f97fe388f7bf,2026-09-20T12:29:18+00:00,24474349_128,laurel,"gr10497b,gr10609b,gr10672b",p=1:t=14:c=14:m=64000M,1800.0,1800.0,64000
BBM/model_190.bnet,cyber/complement-gfp-plus-sink-scc,completed,0.657732,0.770949,,,,12520,,,,,false,false,37,33554432,103,14,2516,,28,9,28,9,37,28,,,,lexical,cyber-complement-gfp-plus-sink-scc,final-comparison-and-ablation,0f8d662,448595f2-3bca-485e-b63a-352e03687ede,73f3bf88e9e5d9b2e1d17aee903c42eb9f1185789321f0491a17382462775d34,915bedc898c4a63fff6d74c9da29c14f21d1a6b0a7877cba4f915509a86b273c,28e3f0e88742b79f23e207717e804594dc9075191db40cb3df24f97fe388f7bf,2026-09-20T12:29:18+00:00,24474349_14,laurel,"gr10497b,gr10609b,gr10672b",p=1:t=14:c=14:m=64000M,1800.0,1800.0,64000
BBM/model_191.bnet,cyber/complement-gfp-plus-sink-scc,completed,0.154799,0.266504,,,,12468,,,,,false,false,19,8192,31,8,368,,17,2,17,2,19,17,,,,lexical,cyber-complement-gfp-plus-sink-scc,final-comparison-and-ablation,0f8d662,448595f2-3bca-485e-b63a-352e03687ede,73f3bf88e9e5d9b2e1d17aee903c42eb9f1185789321f0491a17382462775d34,915bedc898c4a63fff6d74c9da29c14f21d1a6b0a7877cba4f915509a86b273c,28e3f0e88742b79f23e207717e804594dc9075191db40cb3df24f97fe388f7bf,2026-09-20T12:29:18+00:00,24474349_105,laurel,"gr10497b,gr10609b,gr10672b",p=1:t=14:c=14:m=64000M,1800.0,1800.0,64000
BBM/model_192.bnet,cyber/complement-gfp-plus-sink-scc,timeout,1794.61,1800.01,,,,2426804,,,,,true,false,102,,,,,,,,,,,,,,,,,final-comparison-and-ablation,0f8d662,448595f2-3bca-485e-b63a-352e03687ede,73f3bf88e9e5d9b2e1d17aee903c42eb9f1185789321f0491a17382462775d34,915bedc898c4a63fff6d74c9da29c14f21d1a6b0a7877cba4f915509a86b273c,28e3f0e88742b79f23e207717e804594dc9075191db40cb3df24f97fe388f7bf,2026-09-20T12:29:18+00:00,24474349_23,laurel,"gr10497b,gr10609b,gr10672b",p=1:t=14:c=14:m=64000M,1800.0,1800.0,64000
BBM/model_193.bnet,cyber/complement-gfp-plus-sink-scc,completed,0.331337,0.444432,,,,12552,,,,,false,false,30,2686976,46,81,2291,,26,4,26,4,30,26,,,,lexical,cyber-complement-gfp-plus-sink-scc,final-comparison-and-ablation,0f8d662,448595f2-3bca-485e-b63a-352e03687ede,73f3bf88e9e5d9b2e1d17aee903c42eb9f1185789321f0491a17382462775d34,915bedc898c4a63fff6d74c9da29c14f21d1a6b0a7877cba4f915509a86b273c,28e3f0e88742b79f23e207717e804594dc9075191db40cb3df24f97fe388f7bf,2026-09-20T12:29:18+00:00,24474349_208,laurel,"gr10497b,gr10609b,gr10672b",p=1:t=14:c=14:m=64000M,1800.0,1800.0,64000
BBM/model_194.bnet,cyber/complement-gfp-plus-sink-scc,timeout,1793.98,1800.01,,,,1361048,,,,,true,false,106,,,,,,,,,,,,,,,,,final-comparison-and-ablation,0f8d662,448595f2-3bca-485e-b63a-352e03687ede,73f3bf88e9e5d9b2e1d17aee903c42eb9f1185789321f0491a17382462775d34,915bedc898c4a63fff6d74c9da29c14f21d1a6b0a7877cba4f915509a86b273c,28e3f0e88742b79f23e207717e804594dc9075191db40cb3df24f97fe388f7bf,2026-09-20T12:29:18+00:00,24474349_112,laurel,"gr10497b,gr10609b,gr10672b",p=1:t=14:c=14:m=64000M,1800.0,1800.0,64000
BBM/model_195.bnet,cyber/complement-gfp-plus-sink-scc,timeout,1794.0,1800.12,,,,38896968,,,,,true,false,216,,,,,,,,,,,,,,,,,final-comparison-and-ablation,0f8d662,448595f2-3bca-485e-b63a-352e03687ede,73f3bf88e9e5d9b2e1d17aee903c42eb9f1185789321f0491a17382462775d34,915bedc898c4a63fff6d74c9da29c14f21d1a6b0a7877cba4f915509a86b273c,28e3f0e88742b79f23e207717e804594dc9075191db40cb3df24f97fe388f7bf,2026-09-20T12:29:18+00:00,24474349_15,laurel,"gr10497b,gr10609b,gr10672b",p=1:t=14:c=14:m=64000M,1800.0,1800.0,64000
BBM/model_196.bnet,cyber/complement-gfp-plus-sink-scc,completed,16.8844,17.0617,,,,26844,,,,,false,false,61,665559943348224,66,239,80744,,40,21,40,21,61,40,,,,lexical,cyber-complement-gfp-plus-sink-scc,final-comparison-and-ablation,0f8d662,448595f2-3bca-485e-b63a-352e03687ede,73f3bf88e9e5d9b2e1d17aee903c42eb9f1185789321f0491a17382462775d34,915bedc898c4a63fff6d74c9da29c14f21d1a6b0a7877cba4f915509a86b273c,28e3f0e88742b79f23e207717e804594dc9075191db40cb3df24f97fe388f7bf,2026-09-20T12:29:18+00:00,24474349_37,laurel,"gr10497b,gr10609b,gr10672b",p=1:t=14:c=14:m=64000M,1800.0,1800.0,64000
BBM/model_197.bnet,cyber/complement-gfp-plus-sink-scc,completed,199.603,200.55,,,,298920,,,,,false,false,56,481036337152,69,49,741603,,48,8,48,8,56,48,,,,lexical,cyber-complement-gfp-plus-sink-scc,final-comparison-and-ablation,0f8d662,448595f2-3bca-485e-b63a-352e03687ede,73f3bf88e9e5d9b2e1d17aee903c42eb9f1185789321f0491a17382462775d34,915bedc898c4a63fff6d74c9da29c14f21d1a6b0a7877cba4f915509a86b273c,28e3f0e88742b79f23e207717e804594dc9075191db40cb3df24f97fe388f7bf,2026-09-20T12:29:18+00:00,24474349_202,laurel,"gr10497b,gr10609b,gr10672b",p=1:t=14:c=14:m=64000M,1800.0,1800.0,64000
BBM/model_198.bnet,cyber/complement-gfp-plus-sink-scc,completed,0.064144,0.178525,,,,12624,,,,,false,false,11,32,7,8,80,,11,0,11,0,11,11,,,,lexical,cyber-complement-gfp-plus-sink-scc,final-comparison-and-ablation,0f8d662,448595f2-3bca-485e-b63a-352e03687ede,73f3bf88e9e5d9b2e1d17aee903c42eb9f1185789321f0491a17382462775d34,915bedc898c4a63fff6d74c9da29c14f21d1a6b0a7877cba4f915509a86b273c,28e3f0e88742b79f23e207717e804594dc9075191db40cb3df24f97fe388f7bf,2026-09-20T12:29:18+00:00,24474349_102,laurel,"gr10497b,gr10609b,gr10672b",p=1:t=14:c=14:m=64000M,1800.0,1800.0,64000
BBM/model_199.bnet,cyber/complement-gfp-plus-sink-scc,completed,18.5292,18.7033,,,,12648,,,,,false,false,30,53796224,240,285,36864,,30,0,30,0,30,30,,,,lexical,cyber-complement-gfp-plus-sink-scc,final-comparison-and-ablation,0f8d662,448595f2-3bca-485e-b63a-352e03687ede,73f3bf88e9e5d9b2e1d17aee903c42eb9f1185789321f0491a17382462775d34,915bedc898c4a63fff6d74c9da29c14f21d1a6b0a7877cba4f915509a86b273c,28e3f0e88742b79f23e207717e804594dc9075191db40cb3df24f97fe388f7bf,2026-09-20T12:29:18+00:00,24474349_4,laurel,"gr10497b,gr10609b,gr10672b",p=1:t=14:c=14:m=64000M,1800.0,1800.0,64000
BBM/model_200.bnet,cyber/complement-gfp-plus-sink-scc,completed,0.780416,0.897505,,,,12556,,,,,false,false,26,94208,32,79,1980,,23,3,23,3,26,23,,,,lexical,cyber-complement-gfp-plus-sink-scc,final-comparison-and-ablation,0f8d662,448595f2-3bca-485e-b63a-352e03687ede,73f3bf88e9e5d9b2e1d17aee903c42eb9f1185789321f0491a17382462775d34,915bedc898c4a63fff6d74c9da29c14f21d1a6b0a7877cba4f915509a86b273c,28e3f0e88742b79f23e207717e804594dc9075191db40cb3df24f97fe388f7bf,2026-09-20T12:29:18+00:00,24474349_22,laurel,"gr10497b,gr10609b,gr10672b",p=1:t=14:c=14:m=64000M,1800.0,1800.0,64000
BBM/model_201.bnet,cyber/complement-gfp-plus-sink-scc,completed,1.12956,1.24606,,,,12652,,,,,false,false,33,6356992,54,98,10746,,30,3,30,3,33,30,,,,lexical,cyber-complement-gfp-plus-sink-scc,final-comparison-and-ablation,0f8d662,448595f2-3bca-485e-b63a-352e03687ede,73f3bf88e9e5d9b2e1d17aee903c42eb9f1185789321f0491a17382462775d34,915bedc898c4a63fff6d74c9da29c14f21d1a6b0a7877cba4f915509a86b273c,28e3f0e88742b79f23e207717e804594dc9075191db40cb3df24f97fe388f7bf,2026-09-20T12:29:18+00:00,24474349_52,laurel,"gr10497b,gr10609b,gr10672b",p=1:t=14:c=14:m=64000M,1800.0,1800.0,64000
BBM/model_202.bnet,cyber/complement-gfp-plus-sink-scc,completed,0.450804,0.562715,,,,12640,,,,,false,false,31,249856,53,43,3618,,28,3,28,3,31,28,,,,lexical,cyber-complement-gfp-plus-sink-scc,final-comparison-and-ablation,0f8d662,448595f2-3bca-485e-b63a-352e03687ede,73f3bf88e9e5d9b2e1d17aee903c42eb9f1185789321f0491a17382462775d34,915bedc898c4a63fff6d74c9da29c14f21d1a6b0a7877cba4f915509a86b273c,28e3f0e88742b79f23e207717e804594dc9075191db40cb3df24f97fe388f7bf,2026-09-20T12:29:18+00:00,24474349_217,laurel,"gr10497b,gr10609b,gr10672b",p=1:t=14:c=14:m=64000M,1800.0,1800.0,64000
BBM/model_203.bnet,cyber/complement-gfp-plus-sink-scc,completed,1.22298,1.33681,,,,12596,,,,,false,false,40,83361792,50,50,8348,,35,5,35,5,40,35,,,,lexical,cyber-complement-gfp-plus-sink-scc,final-comparison-and-ablation,0f8d662,448595f2-3bca-485e-b63a-352e03687ede,73f3bf88e9e5d9b2e1d17aee903c42eb9f1185789321f0491a17382462775d34,915bedc898c4a63fff6d74c9da29c14f21d1a6b0a7877cba4f915509a86b273c,28e3f0e88742b79f23e207717e804594dc9075191db40cb3df24f97fe388f7bf,2026-09-20T12:29:18+00:00,24474349_68,laurel,"gr10497b,gr10609b,gr10672b",p=1:t=14:c=14:m=64000M,1800.0,1800.0,64000
BBM/model_205.bnet,cyber/complement-gfp-plus-sink-scc,completed,7.31477,7.46111,,,,18700,,,,,false,false,45,68115496960,52,38,60956,,44,1,44,1,45,44,,,,lexical,cyber-complement-gfp-plus-sink-scc,final-comparison-and-ablation,0f8d662,448595f2-3bca-485e-b63a-352e03687ede,73f3bf88e9e5d9b2e1d17aee903c42eb9f1185789321f0491a17382462775d34,915bedc898c4a63fff6d74c9da29c14f21d1a6b0a7877cba4f915509a86b273c,28e3f0e88742b79f23e207717e804594dc9075191db40cb3df24f97fe388f7bf,2026-09-20T12:29:18+00:00,24474349_147,laurel,"gr10497b,gr10609b,gr10672b",p=1:t=14:c=14:m=64000M,1800.0,1800.0,64000
BBM/model_206.bnet,cyber/complement-gfp-plus-sink-scc,completed,0.829184,0.941739,,,,12608,,,,,false,false,41,75497472,36,24,10473,,40,1,40,1,41,40,,,,lexical,cyber-complement-gfp-plus-sink-scc,final-comparison-and-ablation,0f8d662,448595f2-3bca-485e-b63a-352e03687ede,73f3bf88e9e5d9b2e1d17aee903c42eb9f1185789321f0491a17382462775d34,915bedc898c4a63fff6d74c9da29c14f21d1a6b0a7877cba4f915509a86b273c,28e3f0e88742b79f23e207717e804594dc9075191db40cb3df24f97fe388f7bf,2026-09-20T12:29:18+00:00,24474349_141,laurel,"gr10497b,gr10609b,gr10672b",p=1:t=14:c=14:m=64000M,1800.0,1800.0,64000
BBM/model_207.bnet,cyber/complement-gfp-plus-sink-scc,completed,2.27358,2.39447,,,,12608,,,,,false,false,103,2199023255552,20,64,1385,,79,24,79,24,103,79,,,,lexical,cyber-complement-gfp-plus-sink-scc,final-comparison-and-ablation,0f8d662,448595f2-3bca-485e-b63a-352e03687ede,73f3bf88e9e5d9b2e1d17aee903c42eb9f1185789321f0491a17382462775d34,915bedc898c4a63fff6d74c9da29c14f21d1a6b0a7877cba4f915509a86b273c,28e3f0e88742b79f23e207717e804594dc9075191db40cb3df24f97fe388f7bf,2026-09-20T12:29:18+00:00,24474349_55,laurel,"gr10497b,gr10609b,gr10672b",p=1:t=14:c=14:m=64000M,1800.0,1800.0,64000
BBM/model_208.bnet,cyber/complement-gfp-plus-sink-scc,completed,0.062575,0.175303,,,,12600,,,,,false,false,15,128,5,10,85,,12,3,12,3,15,12,,,,lexical,cyber-complement-gfp-plus-sink-scc,final-comparison-and-ablation,0f8d662,448595f2-3bca-485e-b63a-352e03687ede,73f3bf88e9e5d9b2e1d17aee903c42eb9f1185789321f0491a17382462775d34,915bedc898c4a63fff6d74c9da29c14f21d1a6b0a7877cba4f915509a86b273c,28e3f0e88742b79f23e207717e804594dc9075191db40cb3df24f97fe388f7bf,2026-09-20T12:29:18+00:00,24474349_100,laurel,"gr10497b,gr10609b,gr10672b",p=1:t=14:c=14:m=64000M,1800.0,1800.0,64000
BBM/model_209.bnet,cyber/complement-gfp-plus-sink-scc,timeout,1791.65,1800.02,,,,2659060,,,,,true,false,87,,,,,,,,,,,,,,,,,final-comparison-and-ablation,0f8d662,448595f2-3bca-485e-b63a-352e03687ede,73f3bf88e9e5d9b2e1d17aee903c42eb9f1185789321f0491a17382462775d34,915bedc898c4a63fff6d74c9da29c14f21d1a6b0a7877cba4f915509a86b273c,28e3f0e88742b79f23e207717e804594dc9075191db40cb3df24f97fe388f7bf,2026-09-20T12:29:18+00:00,24474349_204,laurel,"gr10497b,gr10609b,gr10672b",p=1:t=14:c=14:m=64000M,1800.0,1800.0,64000
BBM/model_212.bnet,cyber/complement-gfp-plus-sink-scc,completed,0.06924,0.193093,,,,12480,,,,,false,false,16,152,11,21,113,,14,2,14,2,16,14,,,,lexical,cyber-complement-gfp-plus-sink-scc,final-comparison-and-ablation,0f8d662,448595f2-3bca-485e-b63a-352e03687ede,73f3bf88e9e5d9b2e1d17aee903c42eb9f1185789321f0491a17382462775d34,915bedc898c4a63fff6d74c9da29c14f21d1a6b0a7877cba4f915509a86b273c,28e3f0e88742b79f23e207717e804594dc9075191db40cb3df24f97fe388f7bf,2026-09-20T12:29:18+00:00,24474349_125,laurel,"gr10497b,gr10609b,gr10672b",p=1:t=14:c=14:m=64000M,1800.0,1800.0,64000
BBM/model_213.bnet,cyber/complement-gfp-plus-sink-scc,completed,0.135723,0.247,,,,12624,,,,,false,false,65,18014398509481984,13,13,198,,17,48,17,48,65,17,,,,lexical,cyber-complement-gfp-plus-sink-scc,final-comparison-and-ablation,0f8d662,448595f2-3bca-485e-b63a-352e03687ede,73f3bf88e9e5d9b2e1d17aee903c42eb9f1185789321f0491a17382462775d34,915bedc898c4a63fff6d74c9da29c14f21d1a6b0a7877cba4f915509a86b273c,28e3f0e88742b79f23e207717e804594dc9075191db40cb3df24f97fe388f7bf,2026-09-20T12:29:18+00:00,24474349_148,laurel,"gr10497b,gr10609b,gr10672b",p=1:t=14:c=14:m=64000M,1800.0,1800.0,64000
BBM/model_214.bnet,cyber/complement-gfp-plus-sink-scc,completed,0.064248,0.179247,,,,12600,,,,,false,false,70,1125899906842624,2,22,76,,21,49,21,49,70,21,,,,lexical,cyber-complement-gfp-plus-sink-scc,final-comparison-and-ablation,0f8d662,448595f2-3bca-485e-b63a-352e03687ede,73f3bf88e9e5d9b2e1d17aee903c42eb9f1185789321f0491a17382462775d34,915bedc898c4a63fff6d74c9da29c14f21d1a6b0a7877cba4f915509a86b273c,28e3f0e88742b79f23e207717e804594dc9075191db40cb3df24f97fe388f7bf,2026-09-20T12:29:18+00:00,24474349_8,laurel,"gr10497b,gr10609b,gr10672b",p=1:t=14:c=14:m=64000M,1800.0,1800.0,64000
BBM/model_215.bnet,cyber/complement-gfp-plus-sink-scc,completed,0.143549,0.25948,,,,12596,,,,,false,false,67,17179869184,22,35,1327,,42,25,42,25,67,42,,,,lexical,cyber-complement-gfp-plus-sink-scc,final-comparison-and-ablation,0f8d662,448595f2-3bca-485e-b63a-352e03687ede,73f3bf88e9e5d9b2e1d17aee903c42eb9f1185789321f0491a17382462775d34,915bedc898c4a63fff6d74c9da29c14f21d1a6b0a7877cba4f915509a86b273c,28e3f0e88742b79f23e207717e804594dc9075191db40cb3df24f97fe388f7bf,2026-09-20T12:29:18+00:00,24474349_66,laurel,"gr10497b,gr10609b,gr10672b",p=1:t=14:c=14:m=64000M,1800.0,1800.0,64000
BBM/model_216.bnet,cyber/complement-gfp-plus-sink-scc,completed,0.060173,0.172039,,,,12556,,,,,false,false,69,562949953421312,1,22,72,,20,49,20,49,69,20,,,,lexical,cyber-complement-gfp-plus-sink-scc,final-comparison-and-ablation,0f8d662,448595f2-3bca-485e-b63a-352e03687ede,73f3bf88e9e5d9b2e1d17aee903c42eb9f1185789321f0491a17382462775d34,915bedc898c4a63fff6d74c9da29c14f21d1a6b0a7877cba4f915509a86b273c,28e3f0e88742b79f23e207717e804594dc9075191db40cb3df24f97fe388f7bf,2026-09-20T12:29:18+00:00,24474349_184,laurel,"gr10497b,gr10609b,gr10672b",p=1:t=14:c=14:m=64000M,1800.0,1800.0,64000
BBM/model_217.bnet,cyber/complement-gfp-plus-sink-scc,completed,0.062886,0.175218,,,,12604,,,,,false,false,56,2097152,1,37,75,,35,21,35,21,56,35,,,,lexical,cyber-complement-gfp-plus-sink-scc,final-comparison-and-ablation,0f8d662,448595f2-3bca-485e-b63a-352e03687ede,73f3bf88e9e5d9b2e1d17aee903c42eb9f1185789321f0491a17382462775d34,915bedc898c4a63fff6d74c9da29c14f21d1a6b0a7877cba4f915509a86b273c,28e3f0e88742b79f23e207717e804594dc9075191db40cb3df24f97fe388f7bf,2026-09-20T12:29:18+00:00,24474349_137,laurel,"gr10497b,gr10609b,gr10672b",p=1:t=14:c=14:m=64000M,1800.0,1800.0,64000
BBM/model_218.bnet,cyber/complement-gfp-plus-sink-scc,completed,0.457721,0.572941,,,,12592,,,,,false,false,68,65536,15,54,4010,,60,8,60,8,68,60,,,,lexical,cyber-complement-gfp-plus-sink-scc,final-comparison-and-ablation,0f8d662,448595f2-3bca-485e-b63a-352e03687ede,73f3bf88e9e5d9b2e1d17aee903c42eb9f1185789321f0491a17382462775d34,915bedc898c4a63fff6d74c9da29c14f21d1a6b0a7877cba4f915509a86b273c,28e3f0e88742b79f23e207717e804594dc9075191db40cb3df24f97fe388f7bf,2026-09-20T12:29:18+00:00,24474349_129,laurel,"gr10497b,gr10609b,gr10672b",p=1:t=14:c=14:m=64000M,1800.0,1800.0,64000
BBM/model_219.bnet,cyber/complement-gfp-plus-sink-scc,completed,0.560966,0.674147,,,,12640,,,,,false,false,84,377957122048,27,80,5997,,62,22,62,22,84,62,,,,lexical,cyber-complement-gfp-plus-sink-scc,final-comparison-and-ablation,0f8d662,448595f2-3bca-485e-b63a-352e03687ede,73f3bf88e9e5d9b2e1d17aee903c42eb9f1185789321f0491a17382462775d34,915bedc898c4a63fff6d74c9da29c14f21d1a6b0a7877cba4f915509a86b273c,28e3f0e88742b79f23e207717e804594dc9075191db40cb3df24f97fe388f7bf,2026-09-20T12:29:18+00:00,24474349_187,laurel,"gr10497b,gr10609b,gr10672b",p=1:t=14:c=14:m=64000M,1800.0,1800.0,64000
BBM/model_220.bnet,cyber/complement-gfp-plus-sink-scc,oom,1180.3,1188.08,,,,65335676,,,,,false,true,342,,,,,,,,,,,,,,,,cyber-complement-gfp-plus-sink-scc,final-comparison-and-ablation,0f8d662,448595f2-3bca-485e-b63a-352e03687ede,73f3bf88e9e5d9b2e1d17aee903c42eb9f1185789321f0491a17382462775d34,915bedc898c4a63fff6d74c9da29c14f21d1a6b0a7877cba4f915509a86b273c,28e3f0e88742b79f23e207717e804594dc9075191db40cb3df24f97fe388f7bf,2026-09-20T12:29:18+00:00,24474349_90,laurel,"gr10497b,gr10609b,gr10672b",p=1:t=14:c=14:m=64000M,1800.0,1800.0,64000
BBM/model_221.bnet,cyber/complement-gfp-plus-sink-scc,completed,0.090686,0.218369,,,,12596,,,,,false,false,317,207499423913270622199039205135568730873059812520827890758707990542180328314765312,8,73,381,,55,262,55,262,317,55,,,,lexical,cyber-complement-gfp-plus-sink-scc,final-comparison-and-ablation,0f8d662,448595f2-3bca-485e-b63a-352e03687ede,73f3bf88e9e5d9b2e1d17aee903c42eb9f1185789321f0491a17382462775d34,915bedc898c4a63fff6d74c9da29c14f21d1a6b0a7877cba4f915509a86b273c,28e3f0e88742b79f23e207717e804594dc9075191db40cb3df24f97fe388f7bf,2026-09-20T12:29:18+00:00,24474349_40,laurel,"gr10497b,gr10609b,gr10672b",p=1:t=14:c=14:m=64000M,1800.0,1800.0,64000
BBM/model_222.bnet,cyber/complement-gfp-plus-sink-scc,timeout,1791.85,1800.16,,,,25694068,,,,,true,false,206,,,,,,,,,,,,,,,,,final-comparison-and-ablation,0f8d662,448595f2-3bca-485e-b63a-352e03687ede,73f3bf88e9e5d9b2e1d17aee903c42eb9f1185789321f0491a17382462775d34,915bedc898c4a63fff6d74c9da29c14f21d1a6b0a7877cba4f915509a86b273c,28e3f0e88742b79f23e207717e804594dc9075191db40cb3df24f97fe388f7bf,2026-09-20T12:29:18+00:00,24474349_121,laurel,"gr10497b,gr10609b,gr10672b",p=1:t=14:c=14:m=64000M,1800.0,1800.0,64000
BBM/model_223.bnet,cyber/complement-gfp-plus-sink-scc,timeout,1794.3,1800.03,,,,9809056,,,,,true,false,141,,,,,,,,,,,,,,,,,final-comparison-and-ablation,0f8d662,448595f2-3bca-485e-b63a-352e03687ede,73f3bf88e9e5d9b2e1d17aee903c42eb9f1185789321f0491a17382462775d34,915bedc898c4a63fff6d74c9da29c14f21d1a6b0a7877cba4f915509a86b273c,28e3f0e88742b79f23e207717e804594dc9075191db40cb3df24f97fe388f7bf,2026-09-20T12:29:18+00:00,24474349_3,laurel,"gr10497b,gr10609b,gr10672b",p=1:t=14:c=14:m=64000M,1800.0,1800.0,64000
BBM/model_224.bnet,cyber/complement-gfp-plus-sink-scc,timeout,1794.7,1800.01,,,,1870448,,,,,true,false,95,,,,,,,,,,,,,,,,cyber-complement-gfp-plus-sink-scc,final-comparison-and-ablation,0f8d662,448595f2-3bca-485e-b63a-352e03687ede,73f3bf88e9e5d9b2e1d17aee903c42eb9f1185789321f0491a17382462775d34,915bedc898c4a63fff6d74c9da29c14f21d1a6b0a7877cba4f915509a86b273c,28e3f0e88742b79f23e207717e804594dc9075191db40cb3df24f97fe388f7bf,2026-09-20T12:29:18+00:00,24474349_182,laurel,"gr10497b,gr10609b,gr10672b",p=1:t=14:c=14:m=64000M,1800.0,1800.0,64000
BBM/model_225.bnet,cyber/complement-gfp-plus-sink-scc,timeout,1793.23,1800.01,,,,2445880,,,,,true,false,91,,,,,,,,,,,,,,,,,final-comparison-and-ablation,0f8d662,448595f2-3bca-485e-b63a-352e03687ede,73f3bf88e9e5d9b2e1d17aee903c42eb9f1185789321f0491a17382462775d34,915bedc898c4a63fff6d74c9da29c14f21d1a6b0a7877cba4f915509a86b273c,28e3f0e88742b79f23e207717e804594dc9075191db40cb3df24f97fe388f7bf,2026-09-20T12:29:18+00:00,24474349_50,laurel,"gr10497b,gr10609b,gr10672b",p=1:t=14:c=14:m=64000M,1800.0,1800.0,64000
BBM/model_226.bnet,cyber/complement-gfp-plus-sink-scc,completed,4.74107,4.86376,,,,12572,,,,,false,false,75,2147483648,75,46,10618,,66,9,66,9,75,66,,,,lexical,cyber-complement-gfp-plus-sink-scc,final-comparison-and-ablation,0f8d662,448595f2-3bca-485e-b63a-352e03687ede,73f3bf88e9e5d9b2e1d17aee903c42eb9f1185789321f0491a17382462775d34,915bedc898c4a63fff6d74c9da29c14f21d1a6b0a7877cba4f915509a86b273c,28e3f0e88742b79f23e207717e804594dc9075191db40cb3df24f97fe388f7bf,2026-09-20T12:29:18+00:00,24474349_118,laurel,"gr10497b,gr10609b,gr10672b",p=1:t=14:c=14:m=64000M,1800.0,1800.0,64000
BBM/model_227.bnet,cyber/complement-gfp-plus-sink-scc,completed,0.313646,0.425327,,,,12604,,,,,false,false,65,137438953472,44,30,2034,,39,26,39,26,65,39,,,,lexical,cyber-complement-gfp-plus-sink-scc,final-comparison-and-ablation,0f8d662,448595f2-3bca-485e-b63a-352e03687ede,73f3bf88e9e5d9b2e1d17aee903c42eb9f1185789321f0491a17382462775d34,915bedc898c4a63fff6d74c9da29c14f21d1a6b0a7877cba4f915509a86b273c,28e3f0e88742b79f23e207717e804594dc9075191db40cb3df24f97fe388f7bf,2026-09-20T12:29:18+00:00,24474349_103,laurel,"gr10497b,gr10609b,gr10672b",p=1:t=14:c=14:m=64000M,1800.0,1800.0,64000
BBM/model_228.bnet,cyber/complement-gfp-plus-sink-scc,completed,19.0715,19.2467,,,,22368,,,,,false,false,56,3963952824320,98,821,115599,,39,17,39,17,56,39,,,,lexical,cyber-complement-gfp-plus-sink-scc,final-comparison-and-ablation,0f8d662,448595f2-3bca-485e-b63a-352e03687ede,73f3bf88e9e5d9b2e1d17aee903c42eb9f1185789321f0491a17382462775d34,915bedc898c4a63fff6d74c9da29c14f21d1a6b0a7877cba4f915509a86b273c,28e3f0e88742b79f23e207717e804594dc9075191db40cb3df24f97fe388f7bf,2026-09-20T12:29:18+00:00,24474349_120,laurel,"gr10497b,gr10609b,gr10672b",p=1:t=14:c=14:m=64000M,1800.0,1800.0,64000
BBM/model_230.bnet,cyber/complement-gfp-plus-sink-scc,completed,0.095817,0.225669,,,,12544,,,,,false,false,55,1125899906842624,7,7,53,,9,46,9,46,55,9,,,,lexical,cyber-complement-gfp-plus-sink-scc,final-comparison-and-ablation,0f8d662,448595f2-3bca-485e-b63a-352e03687ede,73f3bf88e9e5d9b2e1d17aee903c42eb9f1185789321f0491a17382462775d34,915bedc898c4a63fff6d74c9da29c14f21d1a6b0a7877cba4f915509a86b273c,28e3f0e88742b79f23e207717e804594dc9075191db40cb3df24f97fe388f7bf,2026-09-20T12:29:18+00:00,24474349_167,laurel,"gr10497b,gr10609b,gr10672b",p=1:t=14:c=14:m=64000M,1800.0,1800.0,64000
BBM/model_001.bnet,cyber/complement-gfp-plus-dependency-order,timeout,1794.2,1800.01,,,,839332,,,,,true,false,321,,,,,,,,,,,,,,,,cyber-complement-gfp-plus-dependency-order,final-comparison-and-ablation,0f8d662,2d332995-5da0-482e-9d34-18160428df39,82ddc6bcb701372e009e32471d3d97e1913c5201cc586ce3b5ec9da8cfd0d784,915bedc898c4a63fff6d74c9da29c14f21d1a6b0a7877cba4f915509a86b273c,28e3f0e88742b79f23e207717e804594dc9075191db40cb3df24f97fe388f7bf,2026-09-20T12:48:31+00:00,24474375_146,laurel,"gr10497b,gr10609b,gr10672b",p=1:t=14:c=14:m=64000M,1800.0,1800.0,64000
BBM/model_002.bnet,cyber/complement-gfp-plus-dependency-order,timeout,1792.65,1800.01,,,,472432,,,,,true,false,139,,,,,,,,,,,,,,,,cyber-complement-gfp-plus-dependency-order,final-comparison-and-ablation,0f8d662,2d332995-5da0-482e-9d34-18160428df39,82ddc6bcb701372e009e32471d3d97e1913c5201cc586ce3b5ec9da8cfd0d784,915bedc898c4a63fff6d74c9da29c14f21d1a6b0a7877cba4f915509a86b273c,28e3f0e88742b79f23e207717e804594dc9075191db40cb3df24f97fe388f7bf,2026-09-20T12:48:31+00:00,24474375_155,laurel,"gr10497b,gr10609b,gr10672b",p=1:t=14:c=14:m=64000M,1800.0,1800.0,64000
BBM/model_003.bnet,cyber/complement-gfp-plus-dependency-order,completed,0.269897,0.383732,,,,12620,,,,,false,false,20,337920,56,26,2504,,20,0,20,0,,,,,,dependency,cyber-complement-gfp-plus-dependency-order,final-comparison-and-ablation,0f8d662,2d332995-5da0-482e-9d34-18160428df39,82ddc6bcb701372e009e32471d3d97e1913c5201cc586ce3b5ec9da8cfd0d784,915bedc898c4a63fff6d74c9da29c14f21d1a6b0a7877cba4f915509a86b273c,28e3f0e88742b79f23e207717e804594dc9075191db40cb3df24f97fe388f7bf,2026-09-20T12:48:31+00:00,24474375_193,laurel,"gr10497b,gr10609b,gr10672b",p=1:t=14:c=14:m=64000M,1800.0,1800.0,64000
BBM/model_004.bnet,cyber/complement-gfp-plus-dependency-order,timeout,1792.98,1800.08,,,,18547292,,,,,true,false,247,,,,,,,,,,,,,,,,,final-comparison-and-ablation,0f8d662,2d332995-5da0-482e-9d34-18160428df39,82ddc6bcb701372e009e32471d3d97e1913c5201cc586ce3b5ec9da8cfd0d784,915bedc898c4a63fff6d74c9da29c14f21d1a6b0a7877cba4f915509a86b273c,28e3f0e88742b79f23e207717e804594dc9075191db40cb3df24f97fe388f7bf,2026-09-20T12:48:31+00:00,24474375_207,laurel,"gr10497b,gr10609b,gr10672b",p=1:t=14:c=14:m=64000M,1800.0,1800.0,64000
BBM/model_006.bnet,cyber/complement-gfp-plus-dependency-order,timeout,1792.2,1800.01,,,,579660,,,,,true,false,68,,,,,,,,,,,,,,,,cyber-complement-gfp-plus-dependency-order,final-comparison-and-ablation,0f8d662,2d332995-5da0-482e-9d34-18160428df39,82ddc6bcb701372e009e32471d3d97e1913c5201cc586ce3b5ec9da8cfd0d784,915bedc898c4a63fff6d74c9da29c14f21d1a6b0a7877cba4f915509a86b273c,28e3f0e88742b79f23e207717e804594dc9075191db40cb3df24f97fe388f7bf,2026-09-20T12:48:31+00:00,24474375_62,laurel,"gr10497b,gr10609b,gr10672b",p=1:t=14:c=14:m=64000M,1800.0,1800.0,64000
BBM/model_007.bnet,cyber/complement-gfp-plus-dependency-order,completed,0.055146,0.172825,,,,12596,,,,,false,false,5,16,9,3,27,,5,0,5,0,,,,,,dependency,cyber-complement-gfp-plus-dependency-order,final-comparison-and-ablation,0f8d662,2d332995-5da0-482e-9d34-18160428df39,82ddc6bcb701372e009e32471d3d97e1913c5201cc586ce3b5ec9da8cfd0d784,915bedc898c4a63fff6d74c9da29c14f21d1a6b0a7877cba4f915509a86b273c,28e3f0e88742b79f23e207717e804594dc9075191db40cb3df24f97fe388f7bf,2026-09-20T12:48:31+00:00,24474375_84,laurel,"gr10497b,gr10609b,gr10672b",p=1:t=14:c=14:m=64000M,1800.0,1800.0,64000
BBM/model_008.bnet,cyber/complement-gfp-plus-dependency-order,completed,0.170883,0.285633,,,,12592,,,,,false,false,28,41824,47,45,963,,28,0,28,0,,,,,,dependency,cyber-complement-gfp-plus-dependency-order,final-comparison-and-ablation,0f8d662,2d332995-5da0-482e-9d34-18160428df39,82ddc6bcb701372e009e32471d3d97e1913c5201cc586ce3b5ec9da8cfd0d784,915bedc898c4a63fff6d74c9da29c14f21d1a6b0a7877cba4f915509a86b273c,28e3f0e88742b79f23e207717e804594dc9075191db40cb3df24f97fe388f7bf,2026-09-20T12:48:31+00:00,24474375_188,laurel,"gr10497b,gr10609b,gr10672b",p=1:t=14:c=14:m=64000M,1800.0,1800.0,64000
BBM/model_009.bnet,cyber/complement-gfp-plus-dependency-order,completed,16.289,16.4477,,,,12624,,,,,false,false,73,1152921504606846976,106,15,23574,,73,0,73,0,,,,,,dependency,cyber-complement-gfp-plus-dependency-order,final-comparison-and-ablation,0f8d662,2d332995-5da0-482e-9d34-18160428df39,82ddc6bcb701372e009e32471d3d97e1913c5201cc586ce3b5ec9da8cfd0d784,915bedc898c4a63fff6d74c9da29c14f21d1a6b0a7877cba4f915509a86b273c,28e3f0e88742b79f23e207717e804594dc9075191db40cb3df24f97fe388f7bf,2026-09-20T12:48:31+00:00,24474375_205,laurel,"gr10497b,gr10609b,gr10672b",p=1:t=14:c=14:m=64000M,1800.0,1800.0,64000
BBM/model_010.bnet,cyber/complement-gfp-plus-dependency-order,completed,0.062284,0.175239,,,,12540,,,,,false,false,15,368,17,17,198,,15,0,15,0,,,,,,dependency,cyber-complement-gfp-plus-dependency-order,final-comparison-and-ablation,0f8d662,2d332995-5da0-482e-9d34-18160428df39,82ddc6bcb701372e009e32471d3d97e1913c5201cc586ce3b5ec9da8cfd0d784,915bedc898c4a63fff6d74c9da29c14f21d1a6b0a7877cba4f915509a86b273c,28e3f0e88742b79f23e207717e804594dc9075191db40cb3df24f97fe388f7bf,2026-09-20T12:48:31+00:00,24474375_86,laurel,"gr10497b,gr10609b,gr10672b",p=1:t=14:c=14:m=64000M,1800.0,1800.0,64000
BBM/model_011.bnet,cyber/complement-gfp-plus-dependency-order,completed,1.82784,1.95618,,,,12648,,,,,false,false,44,72482816,49,88,10257,,44,0,44,0,,,,,,dependency,cyber-complement-gfp-plus-dependency-order,final-comparison-and-ablation,0f8d662,2d332995-5da0-482e-9d34-18160428df39,82ddc6bcb701372e009e32471d3d97e1913c5201cc586ce3b5ec9da8cfd0d784,915bedc898c4a63fff6d74c9da29c14f21d1a6b0a7877cba4f915509a86b273c,28e3f0e88742b79f23e207717e804594dc9075191db40cb3df24f97fe388f7bf,2026-09-20T12:48:31+00:00,24474375_183,laurel,"gr10497b,gr10609b,gr10672b",p=1:t=14:c=14:m=64000M,1800.0,1800.0,64000
BBM/model_012.bnet,cyber/complement-gfp-plus-dependency-order,timeout,1793.09,1800.01,,,,1340960,,,,,true,false,101,,,,,,,,,,,,,,,,cyber-complement-gfp-plus-dependency-order,final-comparison-and-ablation,0f8d662,2d332995-5da0-482e-9d34-18160428df39,82ddc6bcb701372e009e32471d3d97e1913c5201cc586ce3b5ec9da8cfd0d784,915bedc898c4a63fff6d74c9da29c14f21d1a6b0a7877cba4f915509a86b273c,28e3f0e88742b79f23e207717e804594dc9075191db40cb3df24f97fe388f7bf,2026-09-20T12:48:31+00:00,24474375_6,laurel,"gr10497b,gr10609b,gr10672b",p=1:t=14:c=14:m=64000M,1800.0,1800.0,64000
BBM/model_013.bnet,cyber/complement-gfp-plus-dependency-order,completed,0.544842,0.658458,,,,12672,,,,,false,false,34,524288,106,17,1816,,34,0,34,0,,,,,,dependency,cyber-complement-gfp-plus-dependency-order,final-comparison-and-ablation,0f8d662,2d332995-5da0-482e-9d34-18160428df39,82ddc6bcb701372e009e32471d3d97e1913c5201cc586ce3b5ec9da8cfd0d784,915bedc898c4a63fff6d74c9da29c14f21d1a6b0a7877cba4f915509a86b273c,28e3f0e88742b79f23e207717e804594dc9075191db40cb3df24f97fe388f7bf,2026-09-20T12:48:31+00:00,24474375_181,laurel,"gr10497b,gr10609b,gr10672b",p=1:t=14:c=14:m=64000M,1800.0,1800.0,64000
BBM/model_014.bnet,cyber/complement-gfp-plus-dependency-order,completed,1.04381,1.16228,,,,12488,,,,,false,false,61,98205696,32,162,4958,,61,0,61,0,,,,,,dependency,cyber-complement-gfp-plus-dependency-order,final-comparison-and-ablation,0f8d662,2d332995-5da0-482e-9d34-18160428df39,82ddc6bcb701372e009e32471d3d97e1913c5201cc586ce3b5ec9da8cfd0d784,915bedc898c4a63fff6d74c9da29c14f21d1a6b0a7877cba4f915509a86b273c,28e3f0e88742b79f23e207717e804594dc9075191db40cb3df24f97fe388f7bf,2026-09-20T12:48:31+00:00,24474375_88,laurel,"gr10497b,gr10609b,gr10672b",p=1:t=14:c=14:m=64000M,1800.0,1800.0,64000
BBM/model_015.bnet,cyber/complement-gfp-plus-dependency-order,completed,0.115001,0.225764,,,,12644,,,,,false,false,16,16384,60,4,750,,16,0,16,0,,,,,,dependency,cyber-complement-gfp-plus-dependency-order,final-comparison-and-ablation,0f8d662,2d332995-5da0-482e-9d34-18160428df39,82ddc6bcb701372e009e32471d3d97e1913c5201cc586ce3b5ec9da8cfd0d784,915bedc898c4a63fff6d74c9da29c14f21d1a6b0a7877cba4f915509a86b273c,28e3f0e88742b79f23e207717e804594dc9075191db40cb3df24f97fe388f7bf,2026-09-20T12:48:31+00:00,24474375_53,laurel,"gr10497b,gr10609b,gr10672b",p=1:t=14:c=14:m=64000M,1800.0,1800.0,64000
BBM/model_016.bnet,cyber/complement-gfp-plus-dependency-order,timeout,1792.39,1800.01,,,,1385012,,,,,true,false,118,,,,,,,,,,,,,,,,,final-comparison-and-ablation,0f8d662,2d332995-5da0-482e-9d34-18160428df39,82ddc6bcb701372e009e32471d3d97e1913c5201cc586ce3b5ec9da8cfd0d784,915bedc898c4a63fff6d74c9da29c14f21d1a6b0a7877cba4f915509a86b273c,28e3f0e88742b79f23e207717e804594dc9075191db40cb3df24f97fe388f7bf,2026-09-20T12:48:31+00:00,24474375_35,laurel,"gr10497b,gr10609b,gr10672b",p=1:t=14:c=14:m=64000M,1800.0,1800.0,64000
BBM/model_017.bnet,cyber/complement-gfp-plus-dependency-order,completed,0.159876,0.27454,,,,12608,,,,,false,false,50,4096,22,40,842,,50,0,50,0,,,,,,dependency,cyber-complement-gfp-plus-dependency-order,final-comparison-and-ablation,0f8d662,2d332995-5da0-482e-9d34-18160428df39,82ddc6bcb701372e009e32471d3d97e1913c5201cc586ce3b5ec9da8cfd0d784,915bedc898c4a63fff6d74c9da29c14f21d1a6b0a7877cba4f915509a86b273c,28e3f0e88742b79f23e207717e804594dc9075191db40cb3df24f97fe388f7bf,2026-09-20T12:48:31+00:00,24474375_60,laurel,"gr10497b,gr10609b,gr10672b",p=1:t=14:c=14:m=64000M,1800.0,1800.0,64000
BBM/model_018.bnet,cyber/complement-gfp-plus-dependency-order,timeout,1792.64,1800.01,,,,700404,,,,,true,false,104,,,,,,,,,,,,,,,,cyber-complement-gfp-plus-dependency-order,final-comparison-and-ablation,0f8d662,2d332995-5da0-482e-9d34-18160428df39,82ddc6bcb701372e009e32471d3d97e1913c5201cc586ce3b5ec9da8cfd0d784,915bedc898c4a63fff6d74c9da29c14f21d1a6b0a7877cba4f915509a86b273c,28e3f0e88742b79f23e207717e804594dc9075191db40cb3df24f97fe388f7bf,2026-09-20T12:48:31+00:00,24474375_39,laurel,"gr10497b,gr10609b,gr10672b",p=1:t=14:c=14:m=64000M,1800.0,1800.0,64000
BBM/model_019.bnet,cyber/complement-gfp-plus-dependency-order,timeout,1793.47,1800.01,,,,1351464,,,,,true,false,86,,,,,,,,,,,,,,,,cyber-complement-gfp-plus-dependency-order,final-comparison-and-ablation,0f8d662,2d332995-5da0-482e-9d34-18160428df39,82ddc6bcb701372e009e32471d3d97e1913c5201cc586ce3b5ec9da8cfd0d784,915bedc898c4a63fff6d74c9da29c14f21d1a6b0a7877cba4f915509a86b273c,28e3f0e88742b79f23e207717e804594dc9075191db40cb3df24f97fe388f7bf,2026-09-20T12:48:31+00:00,24474375_140,laurel,"gr10497b,gr10609b,gr10672b",p=1:t=14:c=14:m=64000M,1800.0,1800.0,64000
BBM/model_021.bnet,cyber/complement-gfp-plus-dependency-order,completed,0.108679,0.227985,,,,12656,,,,,false,false,17,16384,57,5,535,,17,0,17,0,,,,,,dependency,cyber-complement-gfp-plus-dependency-order,final-comparison-and-ablation,0f8d662,2d332995-5da0-482e-9d34-18160428df39,82ddc6bcb701372e009e32471d3d97e1913c5201cc586ce3b5ec9da8cfd0d784,915bedc898c4a63fff6d74c9da29c14f21d1a6b0a7877cba4f915509a86b273c,28e3f0e88742b79f23e207717e804594dc9075191db40cb3df24f97fe388f7bf,2026-09-20T12:48:31+00:00,24474375_152,laurel,"gr10497b,gr10609b,gr10672b",p=1:t=14:c=14:m=64000M,1800.0,1800.0,64000
BBM/model_022.bnet,cyber/complement-gfp-plus-dependency-order,completed,0.265102,0.379042,,,,12568,,,,,false,false,22,131072,51,7,3047,,22,0,22,0,,,,,,dependency,cyber-complement-gfp-plus-dependency-order,final-comparison-and-ablation,0f8d662,2d332995-5da0-482e-9d34-18160428df39,82ddc6bcb701372e009e32471d3d97e1913c5201cc586ce3b5ec9da8cfd0d784,915bedc898c4a63fff6d74c9da29c14f21d1a6b0a7877cba4f915509a86b273c,28e3f0e88742b79f23e207717e804594dc9075191db40cb3df24f97fe388f7bf,2026-09-20T12:48:31+00:00,24474375_161,laurel,"gr10497b,gr10609b,gr10672b",p=1:t=14:c=14:m=64000M,1800.0,1800.0,64000
BBM/model_023.bnet,cyber/complement-gfp-plus-dependency-order,completed,0.058842,0.171726,,,,12596,,,,,false,false,10,32,5,12,54,,10,0,10,0,,,,,,dependency,cyber-complement-gfp-plus-dependency-order,final-comparison-and-ablation,0f8d662,2d332995-5da0-482e-9d34-18160428df39,82ddc6bcb701372e009e32471d3d97e1913c5201cc586ce3b5ec9da8cfd0d784,915bedc898c4a63fff6d74c9da29c14f21d1a6b0a7877cba4f915509a86b273c,28e3f0e88742b79f23e207717e804594dc9075191db40cb3df24f97fe388f7bf,2026-09-20T12:48:31+00:00,24474375_209,laurel,"gr10497b,gr10609b,gr10672b",p=1:t=14:c=14:m=64000M,1800.0,1800.0,64000
BBM/model_024.bnet,cyber/complement-gfp-plus-dependency-order,completed,0.155007,0.26843,,,,12556,,,,,false,false,20,5056,36,26,635,,20,0,20,0,,,,,,dependency,cyber-complement-gfp-plus-dependency-order,final-comparison-and-ablation,0f8d662,2d332995-5da0-482e-9d34-18160428df39,82ddc6bcb701372e009e32471d3d97e1913c5201cc586ce3b5ec9da8cfd0d784,915bedc898c4a63fff6d74c9da29c14f21d1a6b0a7877cba4f915509a86b273c,28e3f0e88742b79f23e207717e804594dc9075191db40cb3df24f97fe388f7bf,2026-09-20T12:48:31+00:00,24474375_81,laurel,"gr10497b,gr10609b,gr10672b",p=1:t=14:c=14:m=64000M,1800.0,1800.0,64000
BBM/model_025.bnet,cyber/complement-gfp-plus-dependency-order,completed,0.993247,1.11227,,,,12608,,,,,false,false,60,90243072,32,165,4427,,60,0,60,0,,,,,,dependency,cyber-complement-gfp-plus-dependency-order,final-comparison-and-ablation,0f8d662,2d332995-5da0-482e-9d34-18160428df39,82ddc6bcb701372e009e32471d3d97e1913c5201cc586ce3b5ec9da8cfd0d784,915bedc898c4a63fff6d74c9da29c14f21d1a6b0a7877cba4f915509a86b273c,28e3f0e88742b79f23e207717e804594dc9075191db40cb3df24f97fe388f7bf,2026-09-20T12:48:31+00:00,24474375_104,laurel,"gr10497b,gr10609b,gr10672b",p=1:t=14:c=14:m=64000M,1800.0,1800.0,64000
BBM/model_027.bnet,cyber/complement-gfp-plus-dependency-order,completed,0.065297,0.17715,,,,12488,,,,,false,false,26,2048,20,17,277,,26,0,26,0,,,,,,dependency,cyber-complement-gfp-plus-dependency-order,final-comparison-and-ablation,0f8d662,2d332995-5da0-482e-9d34-18160428df39,82ddc6bcb701372e009e32471d3d97e1913c5201cc586ce3b5ec9da8cfd0d784,915bedc898c4a63fff6d74c9da29c14f21d1a6b0a7877cba4f915509a86b273c,28e3f0e88742b79f23e207717e804594dc9075191db40cb3df24f97fe388f7bf,2026-09-20T12:48:31+00:00,24474375_163,laurel,"gr10497b,gr10609b,gr10672b",p=1:t=14:c=14:m=64000M,1800.0,1800.0,64000
BBM/model_028.bnet,cyber/complement-gfp-plus-dependency-order,completed,0.066164,0.177242,,,,12596,,,,,false,false,18,1024,30,10,330,,18,0,18,0,,,,,,dependency,cyber-complement-gfp-plus-dependency-order,final-comparison-and-ablation,0f8d662,2d332995-5da0-482e-9d34-18160428df39,82ddc6bcb701372e009e32471d3d97e1913c5201cc586ce3b5ec9da8cfd0d784,915bedc898c4a63fff6d74c9da29c14f21d1a6b0a7877cba4f915509a86b273c,28e3f0e88742b79f23e207717e804594dc9075191db40cb3df24f97fe388f7bf,2026-09-20T12:48:31+00:00,24474375_197,laurel,"gr10497b,gr10609b,gr10672b",p=1:t=14:c=14:m=64000M,1800.0,1800.0,64000
BBM/model_029.bnet,cyber/complement-gfp-plus-dependency-order,completed,0.059189,0.169681,,,,12608,,,,,false,false,11,512,24,4,167,,11,0,11,0,,,,,,dependency,cyber-complement-gfp-plus-dependency-order,final-comparison-and-ablation,0f8d662,2d332995-5da0-482e-9d34-18160428df39,82ddc6bcb701372e009e32471d3d97e1913c5201cc586ce3b5ec9da8cfd0d784,915bedc898c4a63fff6d74c9da29c14f21d1a6b0a7877cba4f915509a86b273c,28e3f0e88742b79f23e207717e804594dc9075191db40cb3df24f97fe388f7bf,2026-09-20T12:48:31+00:00,24474375_71,laurel,"gr10497b,gr10609b,gr10672b",p=1:t=14:c=14:m=64000M,1800.0,1800.0,64000
BBM/model_030.bnet,cyber/complement-gfp-plus-dependency-order,completed,0.165103,0.281476,,,,12556,,,,,false,false,24,262144,60,8,1063,,24,0,24,0,,,,,,dependency,cyber-complement-gfp-plus-dependency-order,final-comparison-and-ablation,0f8d662,2d332995-5da0-482e-9d34-18160428df39,82ddc6bcb701372e009e32471d3d97e1913c5201cc586ce3b5ec9da8cfd0d784,915bedc898c4a63fff6d74c9da29c14f21d1a6b0a7877cba4f915509a86b273c,28e3f0e88742b79f23e207717e804594dc9075191db40cb3df24f97fe388f7bf,2026-09-20T12:48:31+00:00,24474375_85,laurel,"gr10497b,gr10609b,gr10672b",p=1:t=14:c=14:m=64000M,1800.0,1800.0,64000
BBM/model_031.bnet,cyber/complement-gfp-plus-dependency-order,completed,0.055584,0.167204,,,,12588,,,,,false,false,9,60,7,13,58,,9,0,9,0,,,,,,dependency,cyber-complement-gfp-plus-dependency-order,final-comparison-and-ablation,0f8d662,2d332995-5da0-482e-9d34-18160428df39,82ddc6bcb701372e009e32471d3d97e1913c5201cc586ce3b5ec9da8cfd0d784,915bedc898c4a63fff6d74c9da29c14f21d1a6b0a7877cba4f915509a86b273c,28e3f0e88742b79f23e207717e804594dc9075191db40cb3df24f97fe388f7bf,2026-09-20T12:48:31+00:00,24474375_95,laurel,"gr10497b,gr10609b,gr10672b",p=1:t=14:c=14:m=64000M,1800.0,1800.0,64000
BBM/model_032.bnet,cyber/complement-gfp-plus-dependency-order,completed,214.8,215.93,,,,50484,,,,,false,false,40,85899345920,364,11,104633,,40,0,40,0,,,,,,dependency,cyber-complement-gfp-plus-dependency-order,final-comparison-and-ablation,0f8d662,2d332995-5da0-482e-9d34-18160428df39,82ddc6bcb701372e009e32471d3d97e1913c5201cc586ce3b5ec9da8cfd0d784,915bedc898c4a63fff6d74c9da29c14f21d1a6b0a7877cba4f915509a86b273c,28e3f0e88742b79f23e207717e804594dc9075191db40cb3df24f97fe388f7bf,2026-09-20T12:48:31+00:00,24474375_158,laurel,"gr10497b,gr10609b,gr10672b",p=1:t=14:c=14:m=64000M,1800.0,1800.0,64000
BBM/model_033.bnet,cyber/complement-gfp-plus-dependency-order,completed,0.120212,0.248587,,,,12548,,,,,false,false,24,1,1,26,238,,24,0,24,0,,,,,,dependency,cyber-complement-gfp-plus-dependency-order,final-comparison-and-ablation,0f8d662,2d332995-5da0-482e-9d34-18160428df39,82ddc6bcb701372e009e32471d3d97e1913c5201cc586ce3b5ec9da8cfd0d784,915bedc898c4a63fff6d74c9da29c14f21d1a6b0a7877cba4f915509a86b273c,28e3f0e88742b79f23e207717e804594dc9075191db40cb3df24f97fe388f7bf,2026-09-20T12:48:31+00:00,24474375_216,laurel,"gr10497b,gr10609b,gr10672b",p=1:t=14:c=14:m=64000M,1800.0,1800.0,64000
BBM/model_034.bnet,cyber/complement-gfp-plus-dependency-order,completed,0.057581,0.169474,,,,12592,,,,,false,false,23,1,1,25,223,,23,0,23,0,,,,,,dependency,cyber-complement-gfp-plus-dependency-order,final-comparison-and-ablation,0f8d662,2d332995-5da0-482e-9d34-18160428df39,82ddc6bcb701372e009e32471d3d97e1913c5201cc586ce3b5ec9da8cfd0d784,915bedc898c4a63fff6d74c9da29c14f21d1a6b0a7877cba4f915509a86b273c,28e3f0e88742b79f23e207717e804594dc9075191db40cb3df24f97fe388f7bf,2026-09-20T12:48:31+00:00,24474375_27,laurel,"gr10497b,gr10609b,gr10672b",p=1:t=14:c=14:m=64000M,1800.0,1800.0,64000
BBM/model_035.bnet,cyber/complement-gfp-plus-dependency-order,completed,0.059027,0.175312,,,,12604,,,,,false,false,16,1,1,18,126,,16,0,16,0,,,,,,dependency,cyber-complement-gfp-plus-dependency-order,final-comparison-and-ablation,0f8d662,2d332995-5da0-482e-9d34-18160428df39,82ddc6bcb701372e009e32471d3d97e1913c5201cc586ce3b5ec9da8cfd0d784,915bedc898c4a63fff6d74c9da29c14f21d1a6b0a7877cba4f915509a86b273c,28e3f0e88742b79f23e207717e804594dc9075191db40cb3df24f97fe388f7bf,2026-09-20T12:48:31+00:00,24474375_171,laurel,"gr10497b,gr10609b,gr10672b",p=1:t=14:c=14:m=64000M,1800.0,1800.0,64000
BBM/model_036.bnet,cyber/complement-gfp-plus-dependency-order,completed,0.05729,0.171666,,,,12548,,,,,false,false,16,1,1,18,105,,16,0,16,0,,,,,,dependency,cyber-complement-gfp-plus-dependency-order,final-comparison-and-ablation,0f8d662,2d332995-5da0-482e-9d34-18160428df39,82ddc6bcb701372e009e32471d3d97e1913c5201cc586ce3b5ec9da8cfd0d784,915bedc898c4a63fff6d74c9da29c14f21d1a6b0a7877cba4f915509a86b273c,28e3f0e88742b79f23e207717e804594dc9075191db40cb3df24f97fe388f7bf,2026-09-20T12:48:31+00:00,24474375_94,laurel,"gr10497b,gr10609b,gr10672b",p=1:t=14:c=14:m=64000M,1800.0,1800.0,64000
BBM/model_037.bnet,cyber/complement-gfp-plus-dependency-order,completed,0.061674,0.174683,,,,12644,,,,,false,false,16,1024,11,8,147,,16,0,16,0,,,,,,dependency,cyber-complement-gfp-plus-dependency-order,final-comparison-and-ablation,0f8d662,2d332995-5da0-482e-9d34-18160428df39,82ddc6bcb701372e009e32471d3d97e1913c5201cc586ce3b5ec9da8cfd0d784,915bedc898c4a63fff6d74c9da29c14f21d1a6b0a7877cba4f915509a86b273c,28e3f0e88742b79f23e207717e804594dc9075191db40cb3df24f97fe388f7bf,2026-09-20T12:48:31+00:00,24474375_119,laurel,"gr10497b,gr10609b,gr10672b",p=1:t=14:c=14:m=64000M,1800.0,1800.0,64000
BBM/model_038.bnet,cyber/complement-gfp-plus-dependency-order,completed,0.060251,2.06173,,,,12644,,,,,false,false,25,1,1,27,270,,25,0,25,0,,,,,,dependency,cyber-complement-gfp-plus-dependency-order,final-comparison-and-ablation,0f8d662,2d332995-5da0-482e-9d34-18160428df39,82ddc6bcb701372e009e32471d3d97e1913c5201cc586ce3b5ec9da8cfd0d784,915bedc898c4a63fff6d74c9da29c14f21d1a6b0a7877cba4f915509a86b273c,28e3f0e88742b79f23e207717e804594dc9075191db40cb3df24f97fe388f7bf,2026-09-20T12:48:31+00:00,24474375_106,laurel,"gr10497b,gr10609b,gr10672b",p=1:t=14:c=14:m=64000M,1800.0,1800.0,64000
BBM/model_039.bnet,cyber/complement-gfp-plus-dependency-order,timeout,1793.4,1800.01,,,,3369400,,,,,true,false,136,,,,,,,,,,,,,,,,,final-comparison-and-ablation,0f8d662,2d332995-5da0-482e-9d34-18160428df39,82ddc6bcb701372e009e32471d3d97e1913c5201cc586ce3b5ec9da8cfd0d784,915bedc898c4a63fff6d74c9da29c14f21d1a6b0a7877cba4f915509a86b273c,28e3f0e88742b79f23e207717e804594dc9075191db40cb3df24f97fe388f7bf,2026-09-20T12:48:31+00:00,24474375_19,laurel,"gr10497b,gr10609b,gr10672b",p=1:t=14:c=14:m=64000M,1800.0,1800.0,64000
BBM/model_040.bnet,cyber/complement-gfp-plus-dependency-order,completed,0.3584,0.469347,,,,12496,,,,,false,false,23,67584,67,18,3040,,23,0,23,0,,,,,,dependency,cyber-complement-gfp-plus-dependency-order,final-comparison-and-ablation,0f8d662,2d332995-5da0-482e-9d34-18160428df39,82ddc6bcb701372e009e32471d3d97e1913c5201cc586ce3b5ec9da8cfd0d784,915bedc898c4a63fff6d74c9da29c14f21d1a6b0a7877cba4f915509a86b273c,28e3f0e88742b79f23e207717e804594dc9075191db40cb3df24f97fe388f7bf,2026-09-20T12:48:31+00:00,24474375_172,laurel,"gr10497b,gr10609b,gr10672b",p=1:t=14:c=14:m=64000M,1800.0,1800.0,64000
BBM/model_041.bnet,cyber/complement-gfp-plus-dependency-order,timeout,1791.28,1800.01,,,,1327360,,,,,true,false,131,,,,,,,,,,,,,,,,cyber-complement-gfp-plus-dependency-order,final-comparison-and-ablation,0f8d662,2d332995-5da0-482e-9d34-18160428df39,82ddc6bcb701372e009e32471d3d97e1913c5201cc586ce3b5ec9da8cfd0d784,915bedc898c4a63fff6d74c9da29c14f21d1a6b0a7877cba4f915509a86b273c,28e3f0e88742b79f23e207717e804594dc9075191db40cb3df24f97fe388f7bf,2026-09-20T12:48:31+00:00,24474375_162,laurel,"gr10497b,gr10609b,gr10672b",p=1:t=14:c=14:m=64000M,1800.0,1800.0,64000
BBM/model_042.bnet,cyber/complement-gfp-plus-dependency-order,completed,0.093725,0.204839,,,,12548,,,,,false,false,24,16384,31,12,873,,24,0,24,0,,,,,,dependency,cyber-complement-gfp-plus-dependency-order,final-comparison-and-ablation,0f8d662,2d332995-5da0-482e-9d34-18160428df39,82ddc6bcb701372e009e32471d3d97e1913c5201cc586ce3b5ec9da8cfd0d784,915bedc898c4a63fff6d74c9da29c14f21d1a6b0a7877cba4f915509a86b273c,28e3f0e88742b79f23e207717e804594dc9075191db40cb3df24f97fe388f7bf,2026-09-20T12:48:31+00:00,24474375_42,laurel,"gr10497b,gr10609b,gr10672b",p=1:t=14:c=14:m=64000M,1800.0,1800.0,64000
BBM/model_043.bnet,cyber/complement-gfp-plus-dependency-order,completed,1.74527,1.86301,,,,12568,,,,,false,false,33,40341504,62,78,9833,,33,0,33,0,,,,,,dependency,cyber-complement-gfp-plus-dependency-order,final-comparison-and-ablation,0f8d662,2d332995-5da0-482e-9d34-18160428df39,82ddc6bcb701372e009e32471d3d97e1913c5201cc586ce3b5ec9da8cfd0d784,915bedc898c4a63fff6d74c9da29c14f21d1a6b0a7877cba4f915509a86b273c,28e3f0e88742b79f23e207717e804594dc9075191db40cb3df24f97fe388f7bf,2026-09-20T12:48:31+00:00,24474375_16,laurel,"gr10497b,gr10609b,gr10672b",p=1:t=14:c=14:m=64000M,1800.0,1800.0,64000
BBM/model_044.bnet,cyber/complement-gfp-plus-dependency-order,completed,0.090387,0.201063,,,,12496,,,,,false,false,26,20480,26,17,410,,26,0,26,0,,,,,,dependency,cyber-complement-gfp-plus-dependency-order,final-comparison-and-ablation,0f8d662,2d332995-5da0-482e-9d34-18160428df39,82ddc6bcb701372e009e32471d3d97e1913c5201cc586ce3b5ec9da8cfd0d784,915bedc898c4a63fff6d74c9da29c14f21d1a6b0a7877cba4f915509a86b273c,28e3f0e88742b79f23e207717e804594dc9075191db40cb3df24f97fe388f7bf,2026-09-20T12:48:31+00:00,24474375_177,laurel,"gr10497b,gr10609b,gr10672b",p=1:t=14:c=14:m=64000M,1800.0,1800.0,64000
BBM/model_045.bnet,cyber/complement-gfp-plus-dependency-order,completed,0.248559,0.362674,,,,12648,,,,,false,false,24,2048,29,15,428,,24,0,24,0,,,,,,dependency,cyber-complement-gfp-plus-dependency-order,final-comparison-and-ablation,0f8d662,2d332995-5da0-482e-9d34-18160428df39,82ddc6bcb701372e009e32471d3d97e1913c5201cc586ce3b5ec9da8cfd0d784,915bedc898c4a63fff6d74c9da29c14f21d1a6b0a7877cba4f915509a86b273c,28e3f0e88742b79f23e207717e804594dc9075191db40cb3df24f97fe388f7bf,2026-09-20T12:48:31+00:00,24474375_21,laurel,"gr10497b,gr10609b,gr10672b",p=1:t=14:c=14:m=64000M,1800.0,1800.0,64000
BBM/model_046.bnet,cyber/complement-gfp-plus-dependency-order,completed,113.137,113.871,,,,62092,,,,,false,false,53,21743271936,127,51,148402,,53,0,53,0,,,,,,dependency,cyber-complement-gfp-plus-dependency-order,final-comparison-and-ablation,0f8d662,2d332995-5da0-482e-9d34-18160428df39,82ddc6bcb701372e009e32471d3d97e1913c5201cc586ce3b5ec9da8cfd0d784,915bedc898c4a63fff6d74c9da29c14f21d1a6b0a7877cba4f915509a86b273c,28e3f0e88742b79f23e207717e804594dc9075191db40cb3df24f97fe388f7bf,2026-09-20T12:48:31+00:00,24474375_44,laurel,"gr10497b,gr10609b,gr10672b",p=1:t=14:c=14:m=64000M,1800.0,1800.0,64000
BBM/model_047.bnet,cyber/complement-gfp-plus-dependency-order,completed,0.101826,0.214054,,,,12596,,,,,false,false,23,16384,47,11,599,,23,0,23,0,,,,,,dependency,cyber-complement-gfp-plus-dependency-order,final-comparison-and-ablation,0f8d662,2d332995-5da0-482e-9d34-18160428df39,82ddc6bcb701372e009e32471d3d97e1913c5201cc586ce3b5ec9da8cfd0d784,915bedc898c4a63fff6d74c9da29c14f21d1a6b0a7877cba4f915509a86b273c,28e3f0e88742b79f23e207717e804594dc9075191db40cb3df24f97fe388f7bf,2026-09-20T12:48:31+00:00,24474375_154,laurel,"gr10497b,gr10609b,gr10672b",p=1:t=14:c=14:m=64000M,1800.0,1800.0,64000
BBM/model_048.bnet,cyber/complement-gfp-plus-dependency-order,completed,57.623,58.0384,,,,24840,,,,,false,false,73,677299162710016,177,69,40066,,73,0,73,0,,,,,,dependency,cyber-complement-gfp-plus-dependency-order,final-comparison-and-ablation,0f8d662,2d332995-5da0-482e-9d34-18160428df39,82ddc6bcb701372e009e32471d3d97e1913c5201cc586ce3b5ec9da8cfd0d784,915bedc898c4a63fff6d74c9da29c14f21d1a6b0a7877cba4f915509a86b273c,28e3f0e88742b79f23e207717e804594dc9075191db40cb3df24f97fe388f7bf,2026-09-20T12:48:31+00:00,24474375_38,laurel,"gr10497b,gr10609b,gr10672b",p=1:t=14:c=14:m=64000M,1800.0,1800.0,64000
BBM/model_049.bnet,cyber/complement-gfp-plus-dependency-order,completed,0.122756,0.234387,,,,12648,,,,,false,false,19,70720,59,17,669,,19,0,19,0,,,,,,dependency,cyber-complement-gfp-plus-dependency-order,final-comparison-and-ablation,0f8d662,2d332995-5da0-482e-9d34-18160428df39,82ddc6bcb701372e009e32471d3d97e1913c5201cc586ce3b5ec9da8cfd0d784,915bedc898c4a63fff6d74c9da29c14f21d1a6b0a7877cba4f915509a86b273c,28e3f0e88742b79f23e207717e804594dc9075191db40cb3df24f97fe388f7bf,2026-09-20T12:48:31+00:00,24474375_191,laurel,"gr10497b,gr10609b,gr10672b",p=1:t=14:c=14:m=64000M,1800.0,1800.0,64000
BBM/model_050.bnet,cyber/complement-gfp-plus-dependency-order,timeout,1793.54,1800.04,,,,12241440,,,,,true,false,188,,,,,,,,,,,,,,,,,final-comparison-and-ablation,0f8d662,2d332995-5da0-482e-9d34-18160428df39,82ddc6bcb701372e009e32471d3d97e1913c5201cc586ce3b5ec9da8cfd0d784,915bedc898c4a63fff6d74c9da29c14f21d1a6b0a7877cba4f915509a86b273c,28e3f0e88742b79f23e207717e804594dc9075191db40cb3df24f97fe388f7bf,2026-09-20T12:48:31+00:00,24474375_51,laurel,"gr10497b,gr10609b,gr10672b",p=1:t=14:c=14:m=64000M,1800.0,1800.0,64000
BBM/model_051.bnet,cyber/complement-gfp-plus-dependency-order,completed,371.261,373.167,,,,73360,,,,,false,false,70,3320053760,167,244,271473,,70,0,70,0,,,,,,dependency,cyber-complement-gfp-plus-dependency-order,final-comparison-and-ablation,0f8d662,2d332995-5da0-482e-9d34-18160428df39,82ddc6bcb701372e009e32471d3d97e1913c5201cc586ce3b5ec9da8cfd0d784,915bedc898c4a63fff6d74c9da29c14f21d1a6b0a7877cba4f915509a86b273c,28e3f0e88742b79f23e207717e804594dc9075191db40cb3df24f97fe388f7bf,2026-09-20T12:48:31+00:00,24474375_164,laurel,"gr10497b,gr10609b,gr10672b",p=1:t=14:c=14:m=64000M,1800.0,1800.0,64000
BBM/model_052.bnet,cyber/complement-gfp-plus-dependency-order,completed,0.137201,0.254873,,,,12640,,,,,false,false,31,8192,21,20,785,,31,0,31,0,,,,,,dependency,cyber-complement-gfp-plus-dependency-order,final-comparison-and-ablation,0f8d662,2d332995-5da0-482e-9d34-18160428df39,82ddc6bcb701372e009e32471d3d97e1913c5201cc586ce3b5ec9da8cfd0d784,915bedc898c4a63fff6d74c9da29c14f21d1a6b0a7877cba4f915509a86b273c,28e3f0e88742b79f23e207717e804594dc9075191db40cb3df24f97fe388f7bf,2026-09-20T12:48:31+00:00,24474375_173,laurel,"gr10497b,gr10609b,gr10672b",p=1:t=14:c=14:m=64000M,1800.0,1800.0,64000
BBM/model_053.bnet,cyber/complement-gfp-plus-dependency-order,completed,0.066488,0.189579,,,,12604,,,,,false,false,15,368,17,17,198,,15,0,15,0,,,,,,dependency,cyber-complement-gfp-plus-dependency-order,final-comparison-and-ablation,0f8d662,2d332995-5da0-482e-9d34-18160428df39,82ddc6bcb701372e009e32471d3d97e1913c5201cc586ce3b5ec9da8cfd0d784,915bedc898c4a63fff6d74c9da29c14f21d1a6b0a7877cba4f915509a86b273c,28e3f0e88742b79f23e207717e804594dc9075191db40cb3df24f97fe388f7bf,2026-09-20T12:48:31+00:00,24474375_10,laurel,"gr10497b,gr10609b,gr10672b",p=1:t=14:c=14:m=64000M,1800.0,1800.0,64000
BBM/model_054.bnet,cyber/complement-gfp-plus-dependency-order,timeout,1794.52,1800.01,,,,630892,,,,,true,false,62,,,,,,,,,,,,,,,,cyber-complement-gfp-plus-dependency-order,final-comparison-and-ablation,0f8d662,2d332995-5da0-482e-9d34-18160428df39,82ddc6bcb701372e009e32471d3d97e1913c5201cc586ce3b5ec9da8cfd0d784,915bedc898c4a63fff6d74c9da29c14f21d1a6b0a7877cba4f915509a86b273c,28e3f0e88742b79f23e207717e804594dc9075191db40cb3df24f97fe388f7bf,2026-09-20T12:48:31+00:00,24474375_107,laurel,"gr10497b,gr10609b,gr10672b",p=1:t=14:c=14:m=64000M,1800.0,1800.0,64000
BBM/model_055.bnet,cyber/complement-gfp-plus-dependency-order,completed,0.208418,0.325081,,,,12616,,,,,false,false,19,118032,58,69,1408,,19,0,19,0,,,,,,dependency,cyber-complement-gfp-plus-dependency-order,final-comparison-and-ablation,0f8d662,2d332995-5da0-482e-9d34-18160428df39,82ddc6bcb701372e009e32471d3d97e1913c5201cc586ce3b5ec9da8cfd0d784,915bedc898c4a63fff6d74c9da29c14f21d1a6b0a7877cba4f915509a86b273c,28e3f0e88742b79f23e207717e804594dc9075191db40cb3df24f97fe388f7bf,2026-09-20T12:48:31+00:00,24474375_46,laurel,"gr10497b,gr10609b,gr10672b",p=1:t=14:c=14:m=64000M,1800.0,1800.0,64000
BBM/model_056.bnet,cyber/complement-gfp-plus-dependency-order,completed,64.3521,64.6955,,,,19240,,,,,false,false,91,36893488147419103232,190,28,42545,,91,0,91,0,,,,,,dependency,cyber-complement-gfp-plus-dependency-order,final-comparison-and-ablation,0f8d662,2d332995-5da0-482e-9d34-18160428df39,82ddc6bcb701372e009e32471d3d97e1913c5201cc586ce3b5ec9da8cfd0d784,915bedc898c4a63fff6d74c9da29c14f21d1a6b0a7877cba4f915509a86b273c,28e3f0e88742b79f23e207717e804594dc9075191db40cb3df24f97fe388f7bf,2026-09-20T12:48:31+00:00,24474375_7,laurel,"gr10497b,gr10609b,gr10672b",p=1:t=14:c=14:m=64000M,1800.0,1800.0,64000
BBM/model_059.bnet,cyber/complement-gfp-plus-dependency-order,completed,9.43565,9.57436,,,,12644,,,,,false,false,67,115964116992,144,40,10528,,67,0,67,0,,,,,,dependency,cyber-complement-gfp-plus-dependency-order,final-comparison-and-ablation,0f8d662,2d332995-5da0-482e-9d34-18160428df39,82ddc6bcb701372e009e32471d3d97e1913c5201cc586ce3b5ec9da8cfd0d784,915bedc898c4a63fff6d74c9da29c14f21d1a6b0a7877cba4f915509a86b273c,28e3f0e88742b79f23e207717e804594dc9075191db40cb3df24f97fe388f7bf,2026-09-20T12:48:31+00:00,24474375_101,laurel,"gr10497b,gr10609b,gr10672b",p=1:t=14:c=14:m=64000M,1800.0,1800.0,64000
BBM/model_060.bnet,cyber/complement-gfp-plus-dependency-order,completed,17.5523,17.7552,,,,18704,,,,,false,false,49,34359738368,83,16,49366,,49,0,49,0,,,,,,dependency,cyber-complement-gfp-plus-dependency-order,final-comparison-and-ablation,0f8d662,2d332995-5da0-482e-9d34-18160428df39,82ddc6bcb701372e009e32471d3d97e1913c5201cc586ce3b5ec9da8cfd0d784,915bedc898c4a63fff6d74c9da29c14f21d1a6b0a7877cba4f915509a86b273c,28e3f0e88742b79f23e207717e804594dc9075191db40cb3df24f97fe388f7bf,2026-09-20T12:48:31+00:00,24474375_89,laurel,"gr10497b,gr10609b,gr10672b",p=1:t=14:c=14:m=64000M,1800.0,1800.0,64000
BBM/model_061.bnet,cyber/complement-gfp-plus-dependency-order,completed,0.226735,0.343696,,,,12580,,,,,false,false,26,16384,78,14,1095,,26,0,26,0,,,,,,dependency,cyber-complement-gfp-plus-dependency-order,final-comparison-and-ablation,0f8d662,2d332995-5da0-482e-9d34-18160428df39,82ddc6bcb701372e009e32471d3d97e1913c5201cc586ce3b5ec9da8cfd0d784,915bedc898c4a63fff6d74c9da29c14f21d1a6b0a7877cba4f915509a86b273c,28e3f0e88742b79f23e207717e804594dc9075191db40cb3df24f97fe388f7bf,2026-09-20T12:48:31+00:00,24474375_201,laurel,"gr10497b,gr10609b,gr10672b",p=1:t=14:c=14:m=64000M,1800.0,1800.0,64000
BBM/model_062.bnet,cyber/complement-gfp-plus-dependency-order,completed,0.05743,0.168387,,,,12512,,,,,false,false,18,8,4,17,189,,18,0,18,0,,,,,,dependency,cyber-complement-gfp-plus-dependency-order,final-comparison-and-ablation,0f8d662,2d332995-5da0-482e-9d34-18160428df39,82ddc6bcb701372e009e32471d3d97e1913c5201cc586ce3b5ec9da8cfd0d784,915bedc898c4a63fff6d74c9da29c14f21d1a6b0a7877cba4f915509a86b273c,28e3f0e88742b79f23e207717e804594dc9075191db40cb3df24f97fe388f7bf,2026-09-20T12:48:31+00:00,24474375_58,laurel,"gr10497b,gr10609b,gr10672b",p=1:t=14:c=14:m=64000M,1800.0,1800.0,64000
BBM/model_063.bnet,cyber/complement-gfp-plus-dependency-order,completed,0.06284,0.177357,,,,12600,,,,,false,false,13,304,25,47,201,,13,0,13,0,,,,,,dependency,cyber-complement-gfp-plus-dependency-order,final-comparison-and-ablation,0f8d662,2d332995-5da0-482e-9d34-18160428df39,82ddc6bcb701372e009e32471d3d97e1913c5201cc586ce3b5ec9da8cfd0d784,915bedc898c4a63fff6d74c9da29c14f21d1a6b0a7877cba4f915509a86b273c,28e3f0e88742b79f23e207717e804594dc9075191db40cb3df24f97fe388f7bf,2026-09-20T12:48:31+00:00,24474375_111,laurel,"gr10497b,gr10609b,gr10672b",p=1:t=14:c=14:m=64000M,1800.0,1800.0,64000
BBM/model_064.bnet,cyber/complement-gfp-plus-dependency-order,completed,0.056575,0.167471,,,,12592,,,,,false,false,12,224,8,10,94,,12,0,12,0,,,,,,dependency,cyber-complement-gfp-plus-dependency-order,final-comparison-and-ablation,0f8d662,2d332995-5da0-482e-9d34-18160428df39,82ddc6bcb701372e009e32471d3d97e1913c5201cc586ce3b5ec9da8cfd0d784,915bedc898c4a63fff6d74c9da29c14f21d1a6b0a7877cba4f915509a86b273c,28e3f0e88742b79f23e207717e804594dc9075191db40cb3df24f97fe388f7bf,2026-09-20T12:48:31+00:00,24474375_73,laurel,"gr10497b,gr10609b,gr10672b",p=1:t=14:c=14:m=64000M,1800.0,1800.0,64000
BBM/model_065.bnet,cyber/complement-gfp-plus-dependency-order,completed,1.28356,1.39667,,,,12624,,,,,false,false,32,2097152,76,13,5713,,32,0,32,0,,,,,,dependency,cyber-complement-gfp-plus-dependency-order,final-comparison-and-ablation,0f8d662,2d332995-5da0-482e-9d34-18160428df39,82ddc6bcb701372e009e32471d3d97e1913c5201cc586ce3b5ec9da8cfd0d784,915bedc898c4a63fff6d74c9da29c14f21d1a6b0a7877cba4f915509a86b273c,28e3f0e88742b79f23e207717e804594dc9075191db40cb3df24f97fe388f7bf,2026-09-20T12:48:31+00:00,24474375_87,laurel,"gr10497b,gr10609b,gr10672b",p=1:t=14:c=14:m=64000M,1800.0,1800.0,64000
BBM/model_066.bnet,cyber/complement-gfp-plus-dependency-order,completed,1.98268,2.10048,,,,12504,,,,,false,false,38,262224,70,82,9202,,38,0,38,0,,,,,,dependency,cyber-complement-gfp-plus-dependency-order,final-comparison-and-ablation,0f8d662,2d332995-5da0-482e-9d34-18160428df39,82ddc6bcb701372e009e32471d3d97e1913c5201cc586ce3b5ec9da8cfd0d784,915bedc898c4a63fff6d74c9da29c14f21d1a6b0a7877cba4f915509a86b273c,28e3f0e88742b79f23e207717e804594dc9075191db40cb3df24f97fe388f7bf,2026-09-20T12:48:31+00:00,24474375_13,laurel,"gr10497b,gr10609b,gr10672b",p=1:t=14:c=14:m=64000M,1800.0,1800.0,64000
BBM/model_067.bnet,cyber/complement-gfp-plus-dependency-order,completed,0.059359,0.170179,,,,12556,,,,,false,false,13,280,19,18,185,,13,0,13,0,,,,,,dependency,cyber-complement-gfp-plus-dependency-order,final-comparison-and-ablation,0f8d662,2d332995-5da0-482e-9d34-18160428df39,82ddc6bcb701372e009e32471d3d97e1913c5201cc586ce3b5ec9da8cfd0d784,915bedc898c4a63fff6d74c9da29c14f21d1a6b0a7877cba4f915509a86b273c,28e3f0e88742b79f23e207717e804594dc9075191db40cb3df24f97fe388f7bf,2026-09-20T12:48:31+00:00,24474375_31,laurel,"gr10497b,gr10609b,gr10672b",p=1:t=14:c=14:m=64000M,1800.0,1800.0,64000
BBM/model_068.bnet,cyber/complement-gfp-plus-dependency-order,completed,0.088935,0.200623,,,,12604,,,,,false,false,23,4112,35,27,326,,23,0,23,0,,,,,,dependency,cyber-complement-gfp-plus-dependency-order,final-comparison-and-ablation,0f8d662,2d332995-5da0-482e-9d34-18160428df39,82ddc6bcb701372e009e32471d3d97e1913c5201cc586ce3b5ec9da8cfd0d784,915bedc898c4a63fff6d74c9da29c14f21d1a6b0a7877cba4f915509a86b273c,28e3f0e88742b79f23e207717e804594dc9075191db40cb3df24f97fe388f7bf,2026-09-20T12:48:31+00:00,24474375_29,laurel,"gr10497b,gr10609b,gr10672b",p=1:t=14:c=14:m=64000M,1800.0,1800.0,64000
BBM/model_070.bnet,cyber/complement-gfp-plus-dependency-order,completed,2.97288,3.0954,,,,12504,,,,,false,false,53,33554432,64,30,13264,,53,0,53,0,,,,,,dependency,cyber-complement-gfp-plus-dependency-order,final-comparison-and-ablation,0f8d662,2d332995-5da0-482e-9d34-18160428df39,82ddc6bcb701372e009e32471d3d97e1913c5201cc586ce3b5ec9da8cfd0d784,915bedc898c4a63fff6d74c9da29c14f21d1a6b0a7877cba4f915509a86b273c,28e3f0e88742b79f23e207717e804594dc9075191db40cb3df24f97fe388f7bf,2026-09-20T12:48:31+00:00,24474375_126,laurel,"gr10497b,gr10609b,gr10672b",p=1:t=14:c=14:m=64000M,1800.0,1800.0,64000
BBM/model_071.bnet,cyber/complement-gfp-plus-dependency-order,completed,2.05262,2.1713,,,,12616,,,,,false,false,42,268435456,91,16,8966,,42,0,42,0,,,,,,dependency,cyber-complement-gfp-plus-dependency-order,final-comparison-and-ablation,0f8d662,2d332995-5da0-482e-9d34-18160428df39,82ddc6bcb701372e009e32471d3d97e1913c5201cc586ce3b5ec9da8cfd0d784,915bedc898c4a63fff6d74c9da29c14f21d1a6b0a7877cba4f915509a86b273c,28e3f0e88742b79f23e207717e804594dc9075191db40cb3df24f97fe388f7bf,2026-09-20T12:48:31+00:00,24474375_30,laurel,"gr10497b,gr10609b,gr10672b",p=1:t=14:c=14:m=64000M,1800.0,1800.0,64000
BBM/model_072.bnet,cyber/complement-gfp-plus-dependency-order,timeout,1791.47,1800.01,,,,1341528,,,,,true,false,81,,,,,,,,,,,,,,,,cyber-complement-gfp-plus-dependency-order,final-comparison-and-ablation,0f8d662,2d332995-5da0-482e-9d34-18160428df39,82ddc6bcb701372e009e32471d3d97e1913c5201cc586ce3b5ec9da8cfd0d784,915bedc898c4a63fff6d74c9da29c14f21d1a6b0a7877cba4f915509a86b273c,28e3f0e88742b79f23e207717e804594dc9075191db40cb3df24f97fe388f7bf,2026-09-20T12:48:31+00:00,24474375_213,laurel,"gr10497b,gr10609b,gr10672b",p=1:t=14:c=14:m=64000M,1800.0,1800.0,64000
BBM/model_073.bnet,cyber/complement-gfp-plus-dependency-order,completed,0.183652,0.301344,,,,12608,,,,,false,false,33,87552,30,75,1255,,33,0,33,0,,,,,,dependency,cyber-complement-gfp-plus-dependency-order,final-comparison-and-ablation,0f8d662,2d332995-5da0-482e-9d34-18160428df39,82ddc6bcb701372e009e32471d3d97e1913c5201cc586ce3b5ec9da8cfd0d784,915bedc898c4a63fff6d74c9da29c14f21d1a6b0a7877cba4f915509a86b273c,28e3f0e88742b79f23e207717e804594dc9075191db40cb3df24f97fe388f7bf,2026-09-20T12:48:31+00:00,24474375_144,laurel,"gr10497b,gr10609b,gr10672b",p=1:t=14:c=14:m=64000M,1800.0,1800.0,64000
BBM/model_074.bnet,cyber/complement-gfp-plus-dependency-order,completed,0.063263,0.177968,,,,12640,,,,,false,false,18,131072,18,3,193,,18,0,18,0,,,,,,dependency,cyber-complement-gfp-plus-dependency-order,final-comparison-and-ablation,0f8d662,2d332995-5da0-482e-9d34-18160428df39,82ddc6bcb701372e009e32471d3d97e1913c5201cc586ce3b5ec9da8cfd0d784,915bedc898c4a63fff6d74c9da29c14f21d1a6b0a7877cba4f915509a86b273c,28e3f0e88742b79f23e207717e804594dc9075191db40cb3df24f97fe388f7bf,2026-09-20T12:48:31+00:00,24474375_80,laurel,"gr10497b,gr10609b,gr10672b",p=1:t=14:c=14:m=64000M,1800.0,1800.0,64000
BBM/model_076.bnet,cyber/complement-gfp-plus-dependency-order,completed,790.442,793.148,,,,226104,,,,,false,false,51,1056561954816,164,56,652436,,51,0,51,0,,,,,,dependency,cyber-complement-gfp-plus-dependency-order,final-comparison-and-ablation,0f8d662,2d332995-5da0-482e-9d34-18160428df39,82ddc6bcb701372e009e32471d3d97e1913c5201cc586ce3b5ec9da8cfd0d784,915bedc898c4a63fff6d74c9da29c14f21d1a6b0a7877cba4f915509a86b273c,28e3f0e88742b79f23e207717e804594dc9075191db40cb3df24f97fe388f7bf,2026-09-20T12:48:31+00:00,24474375_200,laurel,"gr10497b,gr10609b,gr10672b",p=1:t=14:c=14:m=64000M,1800.0,1800.0,64000
BBM/model_077.bnet,cyber/complement-gfp-plus-dependency-order,completed,149.372,150.001,,,,57424,,,,,false,false,66,70368744177664,159,22,149304,,66,0,66,0,,,,,,dependency,cyber-complement-gfp-plus-dependency-order,final-comparison-and-ablation,0f8d662,2d332995-5da0-482e-9d34-18160428df39,82ddc6bcb701372e009e32471d3d97e1913c5201cc586ce3b5ec9da8cfd0d784,915bedc898c4a63fff6d74c9da29c14f21d1a6b0a7877cba4f915509a86b273c,28e3f0e88742b79f23e207717e804594dc9075191db40cb3df24f97fe388f7bf,2026-09-20T12:48:31+00:00,24474375_210,laurel,"gr10497b,gr10609b,gr10672b",p=1:t=14:c=14:m=64000M,1800.0,1800.0,64000
BBM/model_078.bnet,cyber/complement-gfp-plus-dependency-order,timeout,1792.94,1800.01,,,,3197488,,,,,true,false,164,,,,,,,,,,,,,,,,,final-comparison-and-ablation,0f8d662,2d332995-5da0-482e-9d34-18160428df39,82ddc6bcb701372e009e32471d3d97e1913c5201cc586ce3b5ec9da8cfd0d784,915bedc898c4a63fff6d74c9da29c14f21d1a6b0a7877cba4f915509a86b273c,28e3f0e88742b79f23e207717e804594dc9075191db40cb3df24f97fe388f7bf,2026-09-20T12:48:31+00:00,24474375_212,laurel,"gr10497b,gr10609b,gr10672b",p=1:t=14:c=14:m=64000M,1800.0,1800.0,64000
BBM/model_079.bnet,cyber/complement-gfp-plus-dependency-order,timeout,1791.13,1800.01,,,,1084800,,,,,true,false,197,,,,,,,,,,,,,,,,,final-comparison-and-ablation,0f8d662,2d332995-5da0-482e-9d34-18160428df39,82ddc6bcb701372e009e32471d3d97e1913c5201cc586ce3b5ec9da8cfd0d784,915bedc898c4a63fff6d74c9da29c14f21d1a6b0a7877cba4f915509a86b273c,28e3f0e88742b79f23e207717e804594dc9075191db40cb3df24f97fe388f7bf,2026-09-20T12:48:31+00:00,24474375_96,laurel,"gr10497b,gr10609b,gr10672b",p=1:t=14:c=14:m=64000M,1800.0,1800.0,64000
BBM/model_080.bnet,cyber/complement-gfp-plus-dependency-order,timeout,1793.04,1800.01,,,,1366988,,,,,true,false,110,,,,,,,,,,,,,,,,,final-comparison-and-ablation,0f8d662,2d332995-5da0-482e-9d34-18160428df39,82ddc6bcb701372e009e32471d3d97e1913c5201cc586ce3b5ec9da8cfd0d784,915bedc898c4a63fff6d74c9da29c14f21d1a6b0a7877cba4f915509a86b273c,28e3f0e88742b79f23e207717e804594dc9075191db40cb3df24f97fe388f7bf,2026-09-20T12:48:31+00:00,24474375_76,laurel,"gr10497b,gr10609b,gr10672b",p=1:t=14:c=14:m=64000M,1800.0,1800.0,64000
BBM/model_081.bnet,cyber/complement-gfp-plus-dependency-order,completed,48.3401,48.6004,,,,19356,,,,,false,false,42,2952790016,219,43,50827,,42,0,42,0,,,,,,dependency,cyber-complement-gfp-plus-dependency-order,final-comparison-and-ablation,0f8d662,2d332995-5da0-482e-9d34-18160428df39,82ddc6bcb701372e009e32471d3d97e1913c5201cc586ce3b5ec9da8cfd0d784,915bedc898c4a63fff6d74c9da29c14f21d1a6b0a7877cba4f915509a86b273c,28e3f0e88742b79f23e207717e804594dc9075191db40cb3df24f97fe388f7bf,2026-09-20T12:48:31+00:00,24474375_64,laurel,"gr10497b,gr10609b,gr10672b",p=1:t=14:c=14:m=64000M,1800.0,1800.0,64000
BBM/model_082.bnet,cyber/complement-gfp-plus-dependency-order,timeout,1794.94,1800.01,,,,1291276,,,,,true,false,128,,,,,,,,,,,,,,,,cyber-complement-gfp-plus-dependency-order,final-comparison-and-ablation,0f8d662,2d332995-5da0-482e-9d34-18160428df39,82ddc6bcb701372e009e32471d3d97e1913c5201cc586ce3b5ec9da8cfd0d784,915bedc898c4a63fff6d74c9da29c14f21d1a6b0a7877cba4f915509a86b273c,28e3f0e88742b79f23e207717e804594dc9075191db40cb3df24f97fe388f7bf,2026-09-20T12:48:31+00:00,24474375_127,laurel,"gr10497b,gr10609b,gr10672b",p=1:t=14:c=14:m=64000M,1800.0,1800.0,64000
BBM/model_083.bnet,cyber/complement-gfp-plus-dependency-order,timeout,1791.02,1800.01,,,,4458080,,,,,true,false,133,,,,,,,,,,,,,,,,,final-comparison-and-ablation,0f8d662,2d332995-5da0-482e-9d34-18160428df39,82ddc6bcb701372e009e32471d3d97e1913c5201cc586ce3b5ec9da8cfd0d784,915bedc898c4a63fff6d74c9da29c14f21d1a6b0a7877cba4f915509a86b273c,28e3f0e88742b79f23e207717e804594dc9075191db40cb3df24f97fe388f7bf,2026-09-20T12:48:31+00:00,24474375_49,laurel,"gr10497b,gr10609b,gr10672b",p=1:t=14:c=14:m=64000M,1800.0,1800.0,64000
BBM/model_084.bnet,cyber/complement-gfp-plus-dependency-order,completed,82.4697,83.0773,,,,39072,,,,,false,false,81,1649267441664,101,44,144935,,81,0,81,0,,,,,,dependency,cyber-complement-gfp-plus-dependency-order,final-comparison-and-ablation,0f8d662,2d332995-5da0-482e-9d34-18160428df39,82ddc6bcb701372e009e32471d3d97e1913c5201cc586ce3b5ec9da8cfd0d784,915bedc898c4a63fff6d74c9da29c14f21d1a6b0a7877cba4f915509a86b273c,28e3f0e88742b79f23e207717e804594dc9075191db40cb3df24f97fe388f7bf,2026-09-20T12:48:31+00:00,24474375_196,laurel,"gr10497b,gr10609b,gr10672b",p=1:t=14:c=14:m=64000M,1800.0,1800.0,64000
BBM/model_085.bnet,cyber/complement-gfp-plus-dependency-order,completed,0.282317,0.395556,,,,12500,,,,,false,false,27,98304,60,32,2011,,27,0,27,0,,,,,,dependency,cyber-complement-gfp-plus-dependency-order,final-comparison-and-ablation,0f8d662,2d332995-5da0-482e-9d34-18160428df39,82ddc6bcb701372e009e32471d3d97e1913c5201cc586ce3b5ec9da8cfd0d784,915bedc898c4a63fff6d74c9da29c14f21d1a6b0a7877cba4f915509a86b273c,28e3f0e88742b79f23e207717e804594dc9075191db40cb3df24f97fe388f7bf,2026-09-20T12:48:31+00:00,24474375_47,laurel,"gr10497b,gr10609b,gr10672b",p=1:t=14:c=14:m=64000M,1800.0,1800.0,64000
BBM/model_086.bnet,cyber/complement-gfp-plus-dependency-order,completed,0.109116,0.220808,,,,12568,,,,,false,false,20,11264,27,18,1020,,20,0,20,0,,,,,,dependency,cyber-complement-gfp-plus-dependency-order,final-comparison-and-ablation,0f8d662,2d332995-5da0-482e-9d34-18160428df39,82ddc6bcb701372e009e32471d3d97e1913c5201cc586ce3b5ec9da8cfd0d784,915bedc898c4a63fff6d74c9da29c14f21d1a6b0a7877cba4f915509a86b273c,28e3f0e88742b79f23e207717e804594dc9075191db40cb3df24f97fe388f7bf,2026-09-20T12:48:31+00:00,24474375_170,laurel,"gr10497b,gr10609b,gr10672b",p=1:t=14:c=14:m=64000M,1800.0,1800.0,64000
BBM/model_087.bnet,cyber/complement-gfp-plus-dependency-order,timeout,1793.36,1800.01,,,,1387320,,,,,true,false,133,,,,,,,,,,,,,,,,cyber-complement-gfp-plus-dependency-order,final-comparison-and-ablation,0f8d662,2d332995-5da0-482e-9d34-18160428df39,82ddc6bcb701372e009e32471d3d97e1913c5201cc586ce3b5ec9da8cfd0d784,915bedc898c4a63fff6d74c9da29c14f21d1a6b0a7877cba4f915509a86b273c,28e3f0e88742b79f23e207717e804594dc9075191db40cb3df24f97fe388f7bf,2026-09-20T12:48:31+00:00,24474375_41,laurel,"gr10497b,gr10609b,gr10672b",p=1:t=14:c=14:m=64000M,1800.0,1800.0,64000
BBM/model_088.bnet,cyber/complement-gfp-plus-dependency-order,completed,0.055466,0.166993,,,,12516,,,,,false,false,6,1,1,8,32,,6,0,6,0,,,,,,dependency,cyber-complement-gfp-plus-dependency-order,final-comparison-and-ablation,0f8d662,2d332995-5da0-482e-9d34-18160428df39,82ddc6bcb701372e009e32471d3d97e1913c5201cc586ce3b5ec9da8cfd0d784,915bedc898c4a63fff6d74c9da29c14f21d1a6b0a7877cba4f915509a86b273c,28e3f0e88742b79f23e207717e804594dc9075191db40cb3df24f97fe388f7bf,2026-09-20T12:48:31+00:00,24474375_138,laurel,"gr10497b,gr10609b,gr10672b",p=1:t=14:c=14:m=64000M,1800.0,1800.0,64000
BBM/model_089.bnet,cyber/complement-gfp-plus-dependency-order,completed,0.061141,0.175208,,,,12516,,,,,false,false,17,128,9,12,162,,17,0,17,0,,,,,,dependency,cyber-complement-gfp-plus-dependency-order,final-comparison-and-ablation,0f8d662,2d332995-5da0-482e-9d34-18160428df39,82ddc6bcb701372e009e32471d3d97e1913c5201cc586ce3b5ec9da8cfd0d784,915bedc898c4a63fff6d74c9da29c14f21d1a6b0a7877cba4f915509a86b273c,28e3f0e88742b79f23e207717e804594dc9075191db40cb3df24f97fe388f7bf,2026-09-20T12:48:31+00:00,24474375_131,laurel,"gr10497b,gr10609b,gr10672b",p=1:t=14:c=14:m=64000M,1800.0,1800.0,64000
BBM/model_090.bnet,cyber/complement-gfp-plus-dependency-order,completed,0.058122,0.169278,,,,12620,,,,,false,false,18,32,7,15,103,,18,0,18,0,,,,,,dependency,cyber-complement-gfp-plus-dependency-order,final-comparison-and-ablation,0f8d662,2d332995-5da0-482e-9d34-18160428df39,82ddc6bcb701372e009e32471d3d97e1913c5201cc586ce3b5ec9da8cfd0d784,915bedc898c4a63fff6d74c9da29c14f21d1a6b0a7877cba4f915509a86b273c,28e3f0e88742b79f23e207717e804594dc9075191db40cb3df24f97fe388f7bf,2026-09-20T12:48:31+00:00,24474375_2,laurel,"gr10497b,gr10609b,gr10672b",p=1:t=14:c=14:m=64000M,1800.0,1800.0,64000
BBM/model_091.bnet,cyber/complement-gfp-plus-dependency-order,completed,0.058304,0.17,,,,12612,,,,,false,false,16,32,6,13,86,,16,0,16,0,,,,,,dependency,cyber-complement-gfp-plus-dependency-order,final-comparison-and-ablation,0f8d662,2d332995-5da0-482e-9d34-18160428df39,82ddc6bcb701372e009e32471d3d97e1913c5201cc586ce3b5ec9da8cfd0d784,915bedc898c4a63fff6d74c9da29c14f21d1a6b0a7877cba4f915509a86b273c,28e3f0e88742b79f23e207717e804594dc9075191db40cb3df24f97fe388f7bf,2026-09-20T12:48:31+00:00,24474375_142,laurel,"gr10497b,gr10609b,gr10672b",p=1:t=14:c=14:m=64000M,1800.0,1800.0,64000
BBM/model_092.bnet,cyber/complement-gfp-plus-dependency-order,timeout,1791.88,1800.01,,,,2158108,,,,,true,false,69,,,,,,,,,,,,,,,,,final-comparison-and-ablation,0f8d662,2d332995-5da0-482e-9d34-18160428df39,82ddc6bcb701372e009e32471d3d97e1913c5201cc586ce3b5ec9da8cfd0d784,915bedc898c4a63fff6d74c9da29c14f21d1a6b0a7877cba4f915509a86b273c,28e3f0e88742b79f23e207717e804594dc9075191db40cb3df24f97fe388f7bf,2026-09-20T12:48:31+00:00,24474375_175,laurel,"gr10497b,gr10609b,gr10672b",p=1:t=14:c=14:m=64000M,1800.0,1800.0,64000
BBM/model_093.bnet,cyber/complement-gfp-plus-dependency-order,completed,314.113,315.545,,,,167436,,,,,false,false,66,22717222912,156,1371,369908,,66,0,66,0,,,,,,dependency,cyber-complement-gfp-plus-dependency-order,final-comparison-and-ablation,0f8d662,2d332995-5da0-482e-9d34-18160428df39,82ddc6bcb701372e009e32471d3d97e1913c5201cc586ce3b5ec9da8cfd0d784,915bedc898c4a63fff6d74c9da29c14f21d1a6b0a7877cba4f915509a86b273c,28e3f0e88742b79f23e207717e804594dc9075191db40cb3df24f97fe388f7bf,2026-09-20T12:48:31+00:00,24474375_43,laurel,"gr10497b,gr10609b,gr10672b",p=1:t=14:c=14:m=64000M,1800.0,1800.0,64000
BBM/model_094.bnet,cyber/complement-gfp-plus-dependency-order,completed,0.088749,0.200357,,,,12636,,,,,false,false,30,1024,27,22,583,,30,0,30,0,,,,,,dependency,cyber-complement-gfp-plus-dependency-order,final-comparison-and-ablation,0f8d662,2d332995-5da0-482e-9d34-18160428df39,82ddc6bcb701372e009e32471d3d97e1913c5201cc586ce3b5ec9da8cfd0d784,915bedc898c4a63fff6d74c9da29c14f21d1a6b0a7877cba4f915509a86b273c,28e3f0e88742b79f23e207717e804594dc9075191db40cb3df24f97fe388f7bf,2026-09-20T12:48:31+00:00,24474375_0,laurel,"gr10497b,gr10609b,gr10672b",p=1:t=14:c=14:m=64000M,1800.0,1800.0,64000
BBM/model_095.bnet,cyber/complement-gfp-plus-dependency-order,completed,0.055514,0.166527,,,,12600,,,,,false,false,10,1,1,12,38,,10,0,10,0,,,,,,dependency,cyber-complement-gfp-plus-dependency-order,final-comparison-and-ablation,0f8d662,2d332995-5da0-482e-9d34-18160428df39,82ddc6bcb701372e009e32471d3d97e1913c5201cc586ce3b5ec9da8cfd0d784,915bedc898c4a63fff6d74c9da29c14f21d1a6b0a7877cba4f915509a86b273c,28e3f0e88742b79f23e207717e804594dc9075191db40cb3df24f97fe388f7bf,2026-09-20T12:48:31+00:00,24474375_108,laurel,"gr10497b,gr10609b,gr10672b",p=1:t=14:c=14:m=64000M,1800.0,1800.0,64000
BBM/model_096.bnet,cyber/complement-gfp-plus-dependency-order,completed,0.570718,0.691407,,,,12560,,,,,false,false,20,337920,56,26,7543,,20,0,20,0,,,,,,dependency,cyber-complement-gfp-plus-dependency-order,final-comparison-and-ablation,0f8d662,2d332995-5da0-482e-9d34-18160428df39,82ddc6bcb701372e009e32471d3d97e1913c5201cc586ce3b5ec9da8cfd0d784,915bedc898c4a63fff6d74c9da29c14f21d1a6b0a7877cba4f915509a86b273c,28e3f0e88742b79f23e207717e804594dc9075191db40cb3df24f97fe388f7bf,2026-09-20T12:48:31+00:00,24474375_160,laurel,"gr10497b,gr10609b,gr10672b",p=1:t=14:c=14:m=64000M,1800.0,1800.0,64000
BBM/model_097.bnet,cyber/complement-gfp-plus-dependency-order,completed,0.058589,0.170448,,,,12564,,,,,false,false,10,256,13,4,138,,10,0,10,0,,,,,,dependency,cyber-complement-gfp-plus-dependency-order,final-comparison-and-ablation,0f8d662,2d332995-5da0-482e-9d34-18160428df39,82ddc6bcb701372e009e32471d3d97e1913c5201cc586ce3b5ec9da8cfd0d784,915bedc898c4a63fff6d74c9da29c14f21d1a6b0a7877cba4f915509a86b273c,28e3f0e88742b79f23e207717e804594dc9075191db40cb3df24f97fe388f7bf,2026-09-20T12:48:31+00:00,24474375_180,laurel,"gr10497b,gr10609b,gr10672b",p=1:t=14:c=14:m=64000M,1800.0,1800.0,64000
BBM/model_098.bnet,cyber/complement-gfp-plus-dependency-order,completed,0.10663,0.219359,,,,12600,,,,,false,false,42,1280,17,46,750,,42,0,42,0,,,,,,dependency,cyber-complement-gfp-plus-dependency-order,final-comparison-and-ablation,0f8d662,2d332995-5da0-482e-9d34-18160428df39,82ddc6bcb701372e009e32471d3d97e1913c5201cc586ce3b5ec9da8cfd0d784,915bedc898c4a63fff6d74c9da29c14f21d1a6b0a7877cba4f915509a86b273c,28e3f0e88742b79f23e207717e804594dc9075191db40cb3df24f97fe388f7bf,2026-09-20T12:48:31+00:00,24474375_26,laurel,"gr10497b,gr10609b,gr10672b",p=1:t=14:c=14:m=64000M,1800.0,1800.0,64000
BBM/model_099.bnet,cyber/complement-gfp-plus-dependency-order,completed,0.068563,0.18008,,,,12488,,,,,false,false,19,2048,20,10,363,,19,0,19,0,,,,,,dependency,cyber-complement-gfp-plus-dependency-order,final-comparison-and-ablation,0f8d662,2d332995-5da0-482e-9d34-18160428df39,82ddc6bcb701372e009e32471d3d97e1913c5201cc586ce3b5ec9da8cfd0d784,915bedc898c4a63fff6d74c9da29c14f21d1a6b0a7877cba4f915509a86b273c,28e3f0e88742b79f23e207717e804594dc9075191db40cb3df24f97fe388f7bf,2026-09-20T12:48:31+00:00,24474375_195,laurel,"gr10497b,gr10609b,gr10672b",p=1:t=14:c=14:m=64000M,1800.0,1800.0,64000
BBM/model_100.bnet,cyber/complement-gfp-plus-dependency-order,completed,0.387407,0.501072,,,,12540,,,,,false,false,21,262144,42,5,4449,,21,0,21,0,,,,,,dependency,cyber-complement-gfp-plus-dependency-order,final-comparison-and-ablation,0f8d662,2d332995-5da0-482e-9d34-18160428df39,82ddc6bcb701372e009e32471d3d97e1913c5201cc586ce3b5ec9da8cfd0d784,915bedc898c4a63fff6d74c9da29c14f21d1a6b0a7877cba4f915509a86b273c,28e3f0e88742b79f23e207717e804594dc9075191db40cb3df24f97fe388f7bf,2026-09-20T12:48:31+00:00,24474375_168,laurel,"gr10497b,gr10609b,gr10672b",p=1:t=14:c=14:m=64000M,1800.0,1800.0,64000
BBM/model_101.bnet,cyber/complement-gfp-plus-dependency-order,completed,101.765,102.375,,,,46148,,,,,false,false,85,3710851743744,99,75,150930,,85,0,85,0,,,,,,dependency,cyber-complement-gfp-plus-dependency-order,final-comparison-and-ablation,0f8d662,2d332995-5da0-482e-9d34-18160428df39,82ddc6bcb701372e009e32471d3d97e1913c5201cc586ce3b5ec9da8cfd0d784,915bedc898c4a63fff6d74c9da29c14f21d1a6b0a7877cba4f915509a86b273c,28e3f0e88742b79f23e207717e804594dc9075191db40cb3df24f97fe388f7bf,2026-09-20T12:48:31+00:00,24474375_135,laurel,"gr10497b,gr10609b,gr10672b",p=1:t=14:c=14:m=64000M,1800.0,1800.0,64000
BBM/model_102.bnet,cyber/complement-gfp-plus-dependency-order,completed,0.068138,1.70388,,,,12592,,,,,false,false,22,1024,14,14,289,,22,0,22,0,,,,,,dependency,cyber-complement-gfp-plus-dependency-order,final-comparison-and-ablation,0f8d662,2d332995-5da0-482e-9d34-18160428df39,82ddc6bcb701372e009e32471d3d97e1913c5201cc586ce3b5ec9da8cfd0d784,915bedc898c4a63fff6d74c9da29c14f21d1a6b0a7877cba4f915509a86b273c,28e3f0e88742b79f23e207717e804594dc9075191db40cb3df24f97fe388f7bf,2026-09-20T12:48:31+00:00,24474375_117,laurel,"gr10497b,gr10609b,gr10672b",p=1:t=14:c=14:m=64000M,1800.0,1800.0,64000
BBM/model_103.bnet,cyber/complement-gfp-plus-dependency-order,timeout,1792.59,1800.01,,,,1336976,,,,,true,false,69,,,,,,,,,,,,,,,,cyber-complement-gfp-plus-dependency-order,final-comparison-and-ablation,0f8d662,2d332995-5da0-482e-9d34-18160428df39,82ddc6bcb701372e009e32471d3d97e1913c5201cc586ce3b5ec9da8cfd0d784,915bedc898c4a63fff6d74c9da29c14f21d1a6b0a7877cba4f915509a86b273c,28e3f0e88742b79f23e207717e804594dc9075191db40cb3df24f97fe388f7bf,2026-09-20T12:48:31+00:00,24474375_74,laurel,"gr10497b,gr10609b,gr10672b",p=1:t=14:c=14:m=64000M,1800.0,1800.0,64000
BBM/model_104.bnet,cyber/complement-gfp-plus-dependency-order,completed,0.057837,0.168237,,,,12484,,,,,false,false,14,128,9,12,114,,14,0,14,0,,,,,,dependency,cyber-complement-gfp-plus-dependency-order,final-comparison-and-ablation,0f8d662,2d332995-5da0-482e-9d34-18160428df39,82ddc6bcb701372e009e32471d3d97e1913c5201cc586ce3b5ec9da8cfd0d784,915bedc898c4a63fff6d74c9da29c14f21d1a6b0a7877cba4f915509a86b273c,28e3f0e88742b79f23e207717e804594dc9075191db40cb3df24f97fe388f7bf,2026-09-20T12:48:31+00:00,24474375_185,laurel,"gr10497b,gr10609b,gr10672b",p=1:t=14:c=14:m=64000M,1800.0,1800.0,64000
BBM/model_105.bnet,cyber/complement-gfp-plus-dependency-order,completed,5.26642,5.39188,,,,12616,,,,,false,false,49,140443648,66,69,24722,,49,0,49,0,,,,,,dependency,cyber-complement-gfp-plus-dependency-order,final-comparison-and-ablation,0f8d662,2d332995-5da0-482e-9d34-18160428df39,82ddc6bcb701372e009e32471d3d97e1913c5201cc586ce3b5ec9da8cfd0d784,915bedc898c4a63fff6d74c9da29c14f21d1a6b0a7877cba4f915509a86b273c,28e3f0e88742b79f23e207717e804594dc9075191db40cb3df24f97fe388f7bf,2026-09-20T12:48:31+00:00,24474375_116,laurel,"gr10497b,gr10609b,gr10672b",p=1:t=14:c=14:m=64000M,1800.0,1800.0,64000
BBM/model_106.bnet,cyber/complement-gfp-plus-dependency-order,completed,714.497,718.202,,,,330088,,,,,false,false,80,1649267441664,101,72,1078015,,80,0,80,0,,,,,,dependency,cyber-complement-gfp-plus-dependency-order,final-comparison-and-ablation,0f8d662,2d332995-5da0-482e-9d34-18160428df39,82ddc6bcb701372e009e32471d3d97e1913c5201cc586ce3b5ec9da8cfd0d784,915bedc898c4a63fff6d74c9da29c14f21d1a6b0a7877cba4f915509a86b273c,28e3f0e88742b79f23e207717e804594dc9075191db40cb3df24f97fe388f7bf,2026-09-20T12:48:31+00:00,24474375_198,laurel,"gr10497b,gr10609b,gr10672b",p=1:t=14:c=14:m=64000M,1800.0,1800.0,64000
BBM/model_107.bnet,cyber/complement-gfp-plus-dependency-order,completed,1.45339,1.56905,,,,12636,,,,,false,false,33,2785280,45,63,13110,,33,0,33,0,,,,,,dependency,cyber-complement-gfp-plus-dependency-order,final-comparison-and-ablation,0f8d662,2d332995-5da0-482e-9d34-18160428df39,82ddc6bcb701372e009e32471d3d97e1913c5201cc586ce3b5ec9da8cfd0d784,915bedc898c4a63fff6d74c9da29c14f21d1a6b0a7877cba4f915509a86b273c,28e3f0e88742b79f23e207717e804594dc9075191db40cb3df24f97fe388f7bf,2026-09-20T12:48:31+00:00,24474375_98,laurel,"gr10497b,gr10609b,gr10672b",p=1:t=14:c=14:m=64000M,1800.0,1800.0,64000
BBM/model_108.bnet,cyber/complement-gfp-plus-dependency-order,completed,0.202884,0.315658,,,,12604,,,,,false,false,25,17472,53,38,854,,25,0,25,0,,,,,,dependency,cyber-complement-gfp-plus-dependency-order,final-comparison-and-ablation,0f8d662,2d332995-5da0-482e-9d34-18160428df39,82ddc6bcb701372e009e32471d3d97e1913c5201cc586ce3b5ec9da8cfd0d784,915bedc898c4a63fff6d74c9da29c14f21d1a6b0a7877cba4f915509a86b273c,28e3f0e88742b79f23e207717e804594dc9075191db40cb3df24f97fe388f7bf,2026-09-20T12:48:31+00:00,24474375_206,laurel,"gr10497b,gr10609b,gr10672b",p=1:t=14:c=14:m=64000M,1800.0,1800.0,64000
BBM/model_109.bnet,cyber/complement-gfp-plus-dependency-order,completed,0.05551,0.166702,,,,12632,,,,,false,false,5,5,3,7,21,,5,0,5,0,,,,,,dependency,cyber-complement-gfp-plus-dependency-order,final-comparison-and-ablation,0f8d662,2d332995-5da0-482e-9d34-18160428df39,82ddc6bcb701372e009e32471d3d97e1913c5201cc586ce3b5ec9da8cfd0d784,915bedc898c4a63fff6d74c9da29c14f21d1a6b0a7877cba4f915509a86b273c,28e3f0e88742b79f23e207717e804594dc9075191db40cb3df24f97fe388f7bf,2026-09-20T12:48:31+00:00,24474375_17,laurel,"gr10497b,gr10609b,gr10672b",p=1:t=14:c=14:m=64000M,1800.0,1800.0,64000
BBM/model_110.bnet,cyber/complement-gfp-plus-dependency-order,completed,0.057503,0.1717,,,,12556,,,,,false,false,9,192,25,5,84,,9,0,9,0,,,,,,dependency,cyber-complement-gfp-plus-dependency-order,final-comparison-and-ablation,0f8d662,2d332995-5da0-482e-9d34-18160428df39,82ddc6bcb701372e009e32471d3d97e1913c5201cc586ce3b5ec9da8cfd0d784,915bedc898c4a63fff6d74c9da29c14f21d1a6b0a7877cba4f915509a86b273c,28e3f0e88742b79f23e207717e804594dc9075191db40cb3df24f97fe388f7bf,2026-09-20T12:48:31+00:00,24474375_77,laurel,"gr10497b,gr10609b,gr10672b",p=1:t=14:c=14:m=64000M,1800.0,1800.0,64000
BBM/model_111.bnet,cyber/complement-gfp-plus-dependency-order,completed,0.220695,0.333082,,,,12620,,,,,false,false,33,262144,64,17,1527,,33,0,33,0,,,,,,dependency,cyber-complement-gfp-plus-dependency-order,final-comparison-and-ablation,0f8d662,2d332995-5da0-482e-9d34-18160428df39,82ddc6bcb701372e009e32471d3d97e1913c5201cc586ce3b5ec9da8cfd0d784,915bedc898c4a63fff6d74c9da29c14f21d1a6b0a7877cba4f915509a86b273c,28e3f0e88742b79f23e207717e804594dc9075191db40cb3df24f97fe388f7bf,2026-09-20T12:48:31+00:00,24474375_136,laurel,"gr10497b,gr10609b,gr10672b",p=1:t=14:c=14:m=64000M,1800.0,1800.0,64000
BBM/model_112.bnet,cyber/complement-gfp-plus-dependency-order,timeout,1794.74,1800.01,,,,1278260,,,,,true,false,112,,,,,,,,,,,,,,,,,final-comparison-and-ablation,0f8d662,2d332995-5da0-482e-9d34-18160428df39,82ddc6bcb701372e009e32471d3d97e1913c5201cc586ce3b5ec9da8cfd0d784,915bedc898c4a63fff6d74c9da29c14f21d1a6b0a7877cba4f915509a86b273c,28e3f0e88742b79f23e207717e804594dc9075191db40cb3df24f97fe388f7bf,2026-09-20T12:48:31+00:00,24474375_59,laurel,"gr10497b,gr10609b,gr10672b",p=1:t=14:c=14:m=64000M,1800.0,1800.0,64000
BBM/model_113.bnet,cyber/complement-gfp-plus-dependency-order,timeout,1794.56,1800.01,,,,610404,,,,,true,false,182,,,,,,,,,,,,,,,,cyber-complement-gfp-plus-dependency-order,final-comparison-and-ablation,0f8d662,2d332995-5da0-482e-9d34-18160428df39,82ddc6bcb701372e009e32471d3d97e1913c5201cc586ce3b5ec9da8cfd0d784,915bedc898c4a63fff6d74c9da29c14f21d1a6b0a7877cba4f915509a86b273c,28e3f0e88742b79f23e207717e804594dc9075191db40cb3df24f97fe388f7bf,2026-09-20T12:48:31+00:00,24474375_189,laurel,"gr10497b,gr10609b,gr10672b",p=1:t=14:c=14:m=64000M,1800.0,1800.0,64000
BBM/model_114.bnet,cyber/complement-gfp-plus-dependency-order,completed,6.01537,6.15201,,,,12628,,,,,false,false,84,34359738368,76,51,17470,,84,0,84,0,,,,,,dependency,cyber-complement-gfp-plus-dependency-order,final-comparison-and-ablation,0f8d662,2d332995-5da0-482e-9d34-18160428df39,82ddc6bcb701372e009e32471d3d97e1913c5201cc586ce3b5ec9da8cfd0d784,915bedc898c4a63fff6d74c9da29c14f21d1a6b0a7877cba4f915509a86b273c,28e3f0e88742b79f23e207717e804594dc9075191db40cb3df24f97fe388f7bf,2026-09-20T12:48:31+00:00,24474375_99,laurel,"gr10497b,gr10609b,gr10672b",p=1:t=14:c=14:m=64000M,1800.0,1800.0,64000
BBM/model_115.bnet,cyber/complement-gfp-plus-dependency-order,completed,0.126432,0.252938,,,,12556,,,,,false,false,35,16384,26,23,771,,35,0,35,0,,,,,,dependency,cyber-complement-gfp-plus-dependency-order,final-comparison-and-ablation,0f8d662,2d332995-5da0-482e-9d34-18160428df39,82ddc6bcb701372e009e32471d3d97e1913c5201cc586ce3b5ec9da8cfd0d784,915bedc898c4a63fff6d74c9da29c14f21d1a6b0a7877cba4f915509a86b273c,28e3f0e88742b79f23e207717e804594dc9075191db40cb3df24f97fe388f7bf,2026-09-20T12:48:31+00:00,24474375_151,laurel,"gr10497b,gr10609b,gr10672b",p=1:t=14:c=14:m=64000M,1800.0,1800.0,64000
BBM/model_116.bnet,cyber/complement-gfp-plus-dependency-order,completed,102.734,103.395,,,,21168,,,,,false,false,144,3626777458843887524118528,144,67,76641,,144,0,144,0,,,,,,dependency,cyber-complement-gfp-plus-dependency-order,final-comparison-and-ablation,0f8d662,2d332995-5da0-482e-9d34-18160428df39,82ddc6bcb701372e009e32471d3d97e1913c5201cc586ce3b5ec9da8cfd0d784,915bedc898c4a63fff6d74c9da29c14f21d1a6b0a7877cba4f915509a86b273c,28e3f0e88742b79f23e207717e804594dc9075191db40cb3df24f97fe388f7bf,2026-09-20T12:48:31+00:00,24474375_20,laurel,"gr10497b,gr10609b,gr10672b",p=1:t=14:c=14:m=64000M,1800.0,1800.0,64000
BBM/model_117.bnet,cyber/complement-gfp-plus-dependency-order,completed,0.928645,1.04506,,,,12612,,,,,false,false,47,33554432,67,24,3429,,47,0,47,0,,,,,,dependency,cyber-complement-gfp-plus-dependency-order,final-comparison-and-ablation,0f8d662,2d332995-5da0-482e-9d34-18160428df39,82ddc6bcb701372e009e32471d3d97e1913c5201cc586ce3b5ec9da8cfd0d784,915bedc898c4a63fff6d74c9da29c14f21d1a6b0a7877cba4f915509a86b273c,28e3f0e88742b79f23e207717e804594dc9075191db40cb3df24f97fe388f7bf,2026-09-20T12:48:31+00:00,24474375_203,laurel,"gr10497b,gr10609b,gr10672b",p=1:t=14:c=14:m=64000M,1800.0,1800.0,64000
BBM/model_118.bnet,cyber/complement-gfp-plus-dependency-order,completed,878.176,882.792,,,,157896,,,,,false,false,121,73786976294838206464,175,57,528478,,121,0,121,0,,,,,,dependency,cyber-complement-gfp-plus-dependency-order,final-comparison-and-ablation,0f8d662,2d332995-5da0-482e-9d34-18160428df39,82ddc6bcb701372e009e32471d3d97e1913c5201cc586ce3b5ec9da8cfd0d784,915bedc898c4a63fff6d74c9da29c14f21d1a6b0a7877cba4f915509a86b273c,28e3f0e88742b79f23e207717e804594dc9075191db40cb3df24f97fe388f7bf,2026-09-20T12:48:31+00:00,24474375_97,laurel,"gr10497b,gr10609b,gr10672b",p=1:t=14:c=14:m=64000M,1800.0,1800.0,64000
BBM/model_119.bnet,cyber/complement-gfp-plus-dependency-order,completed,0.064954,0.17669,,,,12608,,,,,false,false,19,8192,24,8,320,,19,0,19,0,,,,,,dependency,cyber-complement-gfp-plus-dependency-order,final-comparison-and-ablation,0f8d662,2d332995-5da0-482e-9d34-18160428df39,82ddc6bcb701372e009e32471d3d97e1913c5201cc586ce3b5ec9da8cfd0d784,915bedc898c4a63fff6d74c9da29c14f21d1a6b0a7877cba4f915509a86b273c,28e3f0e88742b79f23e207717e804594dc9075191db40cb3df24f97fe388f7bf,2026-09-20T12:48:31+00:00,24474375_199,laurel,"gr10497b,gr10609b,gr10672b",p=1:t=14:c=14:m=64000M,1800.0,1800.0,64000
BBM/model_120.bnet,cyber/complement-gfp-plus-dependency-order,completed,92.8658,93.459,,,,34308,,,,,false,false,150,302231454903657293676544,103,74,81962,,150,0,150,0,,,,,,dependency,cyber-complement-gfp-plus-dependency-order,final-comparison-and-ablation,0f8d662,2d332995-5da0-482e-9d34-18160428df39,82ddc6bcb701372e009e32471d3d97e1913c5201cc586ce3b5ec9da8cfd0d784,915bedc898c4a63fff6d74c9da29c14f21d1a6b0a7877cba4f915509a86b273c,28e3f0e88742b79f23e207717e804594dc9075191db40cb3df24f97fe388f7bf,2026-09-20T12:48:31+00:00,24474375_153,laurel,"gr10497b,gr10609b,gr10672b",p=1:t=14:c=14:m=64000M,1800.0,1800.0,64000
BBM/model_121.bnet,cyber/complement-gfp-plus-dependency-order,completed,5.18314,5.30992,,,,12652,,,,,false,false,57,446676598784,111,31,7938,,57,0,57,0,,,,,,dependency,cyber-complement-gfp-plus-dependency-order,final-comparison-and-ablation,0f8d662,2d332995-5da0-482e-9d34-18160428df39,82ddc6bcb701372e009e32471d3d97e1913c5201cc586ce3b5ec9da8cfd0d784,915bedc898c4a63fff6d74c9da29c14f21d1a6b0a7877cba4f915509a86b273c,28e3f0e88742b79f23e207717e804594dc9075191db40cb3df24f97fe388f7bf,2026-09-20T12:48:31+00:00,24474375_114,laurel,"gr10497b,gr10609b,gr10672b",p=1:t=14:c=14:m=64000M,1800.0,1800.0,64000
BBM/model_122.bnet,cyber/complement-gfp-plus-dependency-order,timeout,1793.21,1800.01,,,,755020,,,,,true,false,168,,,,,,,,,,,,,,,,,final-comparison-and-ablation,0f8d662,2d332995-5da0-482e-9d34-18160428df39,82ddc6bcb701372e009e32471d3d97e1913c5201cc586ce3b5ec9da8cfd0d784,915bedc898c4a63fff6d74c9da29c14f21d1a6b0a7877cba4f915509a86b273c,28e3f0e88742b79f23e207717e804594dc9075191db40cb3df24f97fe388f7bf,2026-09-20T12:48:31+00:00,24474375_48,laurel,"gr10497b,gr10609b,gr10672b",p=1:t=14:c=14:m=64000M,1800.0,1800.0,64000
BBM/model_123.bnet,cyber/complement-gfp-plus-dependency-order,completed,1.18132,1.2954,,,,12500,,,,,false,false,60,137438953472,66,25,4705,,60,0,60,0,,,,,,dependency,cyber-complement-gfp-plus-dependency-order,final-comparison-and-ablation,0f8d662,2d332995-5da0-482e-9d34-18160428df39,82ddc6bcb701372e009e32471d3d97e1913c5201cc586ce3b5ec9da8cfd0d784,915bedc898c4a63fff6d74c9da29c14f21d1a6b0a7877cba4f915509a86b273c,28e3f0e88742b79f23e207717e804594dc9075191db40cb3df24f97fe388f7bf,2026-09-20T12:48:31+00:00,24474375_113,laurel,"gr10497b,gr10609b,gr10672b",p=1:t=14:c=14:m=64000M,1800.0,1800.0,64000
BBM/model_124.bnet,cyber/complement-gfp-plus-dependency-order,completed,63.7852,64.1344,,,,12640,,,,,false,false,252,332306998946228968225951765070086144,155,136,25586,,252,0,252,0,,,,,,dependency,cyber-complement-gfp-plus-dependency-order,final-comparison-and-ablation,0f8d662,2d332995-5da0-482e-9d34-18160428df39,82ddc6bcb701372e009e32471d3d97e1913c5201cc586ce3b5ec9da8cfd0d784,915bedc898c4a63fff6d74c9da29c14f21d1a6b0a7877cba4f915509a86b273c,28e3f0e88742b79f23e207717e804594dc9075191db40cb3df24f97fe388f7bf,2026-09-20T12:48:31+00:00,24474375_93,laurel,"gr10497b,gr10609b,gr10672b",p=1:t=14:c=14:m=64000M,1800.0,1800.0,64000
BBM/model_125.bnet,cyber/complement-gfp-plus-dependency-order,completed,31.9301,32.1706,,,,44900,,,,,false,false,51,2147483648,81,22,142439,,51,0,51,0,,,,,,dependency,cyber-complement-gfp-plus-dependency-order,final-comparison-and-ablation,0f8d662,2d332995-5da0-482e-9d34-18160428df39,82ddc6bcb701372e009e32471d3d97e1913c5201cc586ce3b5ec9da8cfd0d784,915bedc898c4a63fff6d74c9da29c14f21d1a6b0a7877cba4f915509a86b273c,28e3f0e88742b79f23e207717e804594dc9075191db40cb3df24f97fe388f7bf,2026-09-20T12:48:31+00:00,24474375_91,laurel,"gr10497b,gr10609b,gr10672b",p=1:t=14:c=14:m=64000M,1800.0,1800.0,64000
BBM/model_126.bnet,cyber/complement-gfp-plus-dependency-order,completed,0.075475,0.194946,,,,12604,,,,,false,false,42,512,10,35,543,,42,0,42,0,,,,,,dependency,cyber-complement-gfp-plus-dependency-order,final-comparison-and-ablation,0f8d662,2d332995-5da0-482e-9d34-18160428df39,82ddc6bcb701372e009e32471d3d97e1913c5201cc586ce3b5ec9da8cfd0d784,915bedc898c4a63fff6d74c9da29c14f21d1a6b0a7877cba4f915509a86b273c,28e3f0e88742b79f23e207717e804594dc9075191db40cb3df24f97fe388f7bf,2026-09-20T12:48:31+00:00,24474375_215,laurel,"gr10497b,gr10609b,gr10672b",p=1:t=14:c=14:m=64000M,1800.0,1800.0,64000
BBM/model_127.bnet,cyber/complement-gfp-plus-dependency-order,timeout,1792.27,1800.01,,,,757048,,,,,true,false,79,,,,,,,,,,,,,,,,cyber-complement-gfp-plus-dependency-order,final-comparison-and-ablation,0f8d662,2d332995-5da0-482e-9d34-18160428df39,82ddc6bcb701372e009e32471d3d97e1913c5201cc586ce3b5ec9da8cfd0d784,915bedc898c4a63fff6d74c9da29c14f21d1a6b0a7877cba4f915509a86b273c,28e3f0e88742b79f23e207717e804594dc9075191db40cb3df24f97fe388f7bf,2026-09-20T12:48:31+00:00,24474375_69,laurel,"gr10497b,gr10609b,gr10672b",p=1:t=14:c=14:m=64000M,1800.0,1800.0,64000
BBM/model_128.bnet,cyber/complement-gfp-plus-dependency-order,timeout,1792.44,1800.01,,,,229868,,,,,true,false,90,,,,,,,,,,,,,,,,cyber-complement-gfp-plus-dependency-order,final-comparison-and-ablation,0f8d662,2d332995-5da0-482e-9d34-18160428df39,82ddc6bcb701372e009e32471d3d97e1913c5201cc586ce3b5ec9da8cfd0d784,915bedc898c4a63fff6d74c9da29c14f21d1a6b0a7877cba4f915509a86b273c,28e3f0e88742b79f23e207717e804594dc9075191db40cb3df24f97fe388f7bf,2026-09-20T12:48:31+00:00,24474375_36,laurel,"gr10497b,gr10609b,gr10672b",p=1:t=14:c=14:m=64000M,1800.0,1800.0,64000
BBM/model_129.bnet,cyber/complement-gfp-plus-dependency-order,completed,4.35484,4.47232,,,,12596,,,,,false,false,34,8589934592,187,3,6889,,34,0,34,0,,,,,,dependency,cyber-complement-gfp-plus-dependency-order,final-comparison-and-ablation,0f8d662,2d332995-5da0-482e-9d34-18160428df39,82ddc6bcb701372e009e32471d3d97e1913c5201cc586ce3b5ec9da8cfd0d784,915bedc898c4a63fff6d74c9da29c14f21d1a6b0a7877cba4f915509a86b273c,28e3f0e88742b79f23e207717e804594dc9075191db40cb3df24f97fe388f7bf,2026-09-20T12:48:31+00:00,24474375_190,laurel,"gr10497b,gr10609b,gr10672b",p=1:t=14:c=14:m=64000M,1800.0,1800.0,64000
BBM/model_130.bnet,cyber/complement-gfp-plus-dependency-order,completed,303.782,305.119,,,,47056,,,,,false,false,77,8796093022208,352,36,133995,,77,0,77,0,,,,,,dependency,cyber-complement-gfp-plus-dependency-order,final-comparison-and-ablation,0f8d662,2d332995-5da0-482e-9d34-18160428df39,82ddc6bcb701372e009e32471d3d97e1913c5201cc586ce3b5ec9da8cfd0d784,915bedc898c4a63fff6d74c9da29c14f21d1a6b0a7877cba4f915509a86b273c,28e3f0e88742b79f23e207717e804594dc9075191db40cb3df24f97fe388f7bf,2026-09-20T12:48:31+00:00,24474375_166,laurel,"gr10497b,gr10609b,gr10672b",p=1:t=14:c=14:m=64000M,1800.0,1800.0,64000
BBM/model_131.bnet,cyber/complement-gfp-plus-dependency-order,completed,0.058812,0.170301,,,,12644,,,,,false,false,21,128,10,16,235,,21,0,21,0,,,,,,dependency,cyber-complement-gfp-plus-dependency-order,final-comparison-and-ablation,0f8d662,2d332995-5da0-482e-9d34-18160428df39,82ddc6bcb701372e009e32471d3d97e1913c5201cc586ce3b5ec9da8cfd0d784,915bedc898c4a63fff6d74c9da29c14f21d1a6b0a7877cba4f915509a86b273c,28e3f0e88742b79f23e207717e804594dc9075191db40cb3df24f97fe388f7bf,2026-09-20T12:48:31+00:00,24474375_133,laurel,"gr10497b,gr10609b,gr10672b",p=1:t=14:c=14:m=64000M,1800.0,1800.0,64000
BBM/model_132.bnet,cyber/complement-gfp-plus-dependency-order,timeout,1791.14,1800.01,,,,695640,,,,,true,false,148,,,,,,,,,,,,,,,,cyber-complement-gfp-plus-dependency-order,final-comparison-and-ablation,0f8d662,2d332995-5da0-482e-9d34-18160428df39,82ddc6bcb701372e009e32471d3d97e1913c5201cc586ce3b5ec9da8cfd0d784,915bedc898c4a63fff6d74c9da29c14f21d1a6b0a7877cba4f915509a86b273c,28e3f0e88742b79f23e207717e804594dc9075191db40cb3df24f97fe388f7bf,2026-09-20T12:48:31+00:00,24474375_145,laurel,"gr10497b,gr10609b,gr10672b",p=1:t=14:c=14:m=64000M,1800.0,1800.0,64000
BBM/model_133.bnet,cyber/complement-gfp-plus-dependency-order,completed,0.056189,0.166532,,,,12528,,,,,false,false,10,64,11,6,93,,10,0,10,0,,,,,,dependency,cyber-complement-gfp-plus-dependency-order,final-comparison-and-ablation,0f8d662,2d332995-5da0-482e-9d34-18160428df39,82ddc6bcb701372e009e32471d3d97e1913c5201cc586ce3b5ec9da8cfd0d784,915bedc898c4a63fff6d74c9da29c14f21d1a6b0a7877cba4f915509a86b273c,28e3f0e88742b79f23e207717e804594dc9075191db40cb3df24f97fe388f7bf,2026-09-20T12:48:31+00:00,24474375_75,laurel,"gr10497b,gr10609b,gr10672b",p=1:t=14:c=14:m=64000M,1800.0,1800.0,64000
BBM/model_134.bnet,cyber/complement-gfp-plus-dependency-order,completed,554.023,555.995,,,,93196,,,,,false,false,38,25769803776,420,8,259242,,38,0,38,0,,,,,,dependency,cyber-complement-gfp-plus-dependency-order,final-comparison-and-ablation,0f8d662,2d332995-5da0-482e-9d34-18160428df39,82ddc6bcb701372e009e32471d3d97e1913c5201cc586ce3b5ec9da8cfd0d784,915bedc898c4a63fff6d74c9da29c14f21d1a6b0a7877cba4f915509a86b273c,28e3f0e88742b79f23e207717e804594dc9075191db40cb3df24f97fe388f7bf,2026-09-20T12:48:31+00:00,24474375_132,laurel,"gr10497b,gr10609b,gr10672b",p=1:t=14:c=14:m=64000M,1800.0,1800.0,64000
BBM/model_135.bnet,cyber/complement-gfp-plus-dependency-order,completed,0.854022,0.973571,,,,12652,,,,,false,false,30,4194304,81,10,4420,,30,0,30,0,,,,,,dependency,cyber-complement-gfp-plus-dependency-order,final-comparison-and-ablation,0f8d662,2d332995-5da0-482e-9d34-18160428df39,82ddc6bcb701372e009e32471d3d97e1913c5201cc586ce3b5ec9da8cfd0d784,915bedc898c4a63fff6d74c9da29c14f21d1a6b0a7877cba4f915509a86b273c,28e3f0e88742b79f23e207717e804594dc9075191db40cb3df24f97fe388f7bf,2026-09-20T12:48:31+00:00,24474375_211,laurel,"gr10497b,gr10609b,gr10672b",p=1:t=14:c=14:m=64000M,1800.0,1800.0,64000
BBM/model_136.bnet,cyber/complement-gfp-plus-dependency-order,completed,0.110756,0.224323,,,,12556,,,,,false,false,28,16384,32,16,869,,28,0,28,0,,,,,,dependency,cyber-complement-gfp-plus-dependency-order,final-comparison-and-ablation,0f8d662,2d332995-5da0-482e-9d34-18160428df39,82ddc6bcb701372e009e32471d3d97e1913c5201cc586ce3b5ec9da8cfd0d784,915bedc898c4a63fff6d74c9da29c14f21d1a6b0a7877cba4f915509a86b273c,28e3f0e88742b79f23e207717e804594dc9075191db40cb3df24f97fe388f7bf,2026-09-20T12:48:31+00:00,24474375_150,laurel,"gr10497b,gr10609b,gr10672b",p=1:t=14:c=14:m=64000M,1800.0,1800.0,64000
BBM/model_137.bnet,cyber/complement-gfp-plus-dependency-order,timeout,1792.16,1800.01,,,,2474672,,,,,true,false,82,,,,,,,,,,,,,,,,,final-comparison-and-ablation,0f8d662,2d332995-5da0-482e-9d34-18160428df39,82ddc6bcb701372e009e32471d3d97e1913c5201cc586ce3b5ec9da8cfd0d784,915bedc898c4a63fff6d74c9da29c14f21d1a6b0a7877cba4f915509a86b273c,28e3f0e88742b79f23e207717e804594dc9075191db40cb3df24f97fe388f7bf,2026-09-20T12:48:31+00:00,24474375_92,laurel,"gr10497b,gr10609b,gr10672b",p=1:t=14:c=14:m=64000M,1800.0,1800.0,64000
BBM/model_138.bnet,cyber/complement-gfp-plus-dependency-order,completed,0.198019,0.311789,,,,12536,,,,,false,false,31,131072,51,16,1408,,31,0,31,0,,,,,,dependency,cyber-complement-gfp-plus-dependency-order,final-comparison-and-ablation,0f8d662,2d332995-5da0-482e-9d34-18160428df39,82ddc6bcb701372e009e32471d3d97e1913c5201cc586ce3b5ec9da8cfd0d784,915bedc898c4a63fff6d74c9da29c14f21d1a6b0a7877cba4f915509a86b273c,28e3f0e88742b79f23e207717e804594dc9075191db40cb3df24f97fe388f7bf,2026-09-20T12:48:31+00:00,24474375_109,laurel,"gr10497b,gr10609b,gr10672b",p=1:t=14:c=14:m=64000M,1800.0,1800.0,64000
BBM/model_139.bnet,cyber/complement-gfp-plus-dependency-order,completed,0.05859,0.169175,,,,12548,,,,,false,false,19,24,7,25,219,,19,0,19,0,,,,,,dependency,cyber-complement-gfp-plus-dependency-order,final-comparison-and-ablation,0f8d662,2d332995-5da0-482e-9d34-18160428df39,82ddc6bcb701372e009e32471d3d97e1913c5201cc586ce3b5ec9da8cfd0d784,915bedc898c4a63fff6d74c9da29c14f21d1a6b0a7877cba4f915509a86b273c,28e3f0e88742b79f23e207717e804594dc9075191db40cb3df24f97fe388f7bf,2026-09-20T12:48:31+00:00,24474375_78,laurel,"gr10497b,gr10609b,gr10672b",p=1:t=14:c=14:m=64000M,1800.0,1800.0,64000
BBM/model_140.bnet,cyber/complement-gfp-plus-dependency-order,completed,70.3242,70.7032,,,,36440,,,,,false,false,80,1099511627776,99,42,118259,,80,0,80,0,,,,,,dependency,cyber-complement-gfp-plus-dependency-order,final-comparison-and-ablation,0f8d662,2d332995-5da0-482e-9d34-18160428df39,82ddc6bcb701372e009e32471d3d97e1913c5201cc586ce3b5ec9da8cfd0d784,915bedc898c4a63fff6d74c9da29c14f21d1a6b0a7877cba4f915509a86b273c,28e3f0e88742b79f23e207717e804594dc9075191db40cb3df24f97fe388f7bf,2026-09-20T12:48:31+00:00,24474375_56,laurel,"gr10497b,gr10609b,gr10672b",p=1:t=14:c=14:m=64000M,1800.0,1800.0,64000
BBM/model_141.bnet,cyber/complement-gfp-plus-dependency-order,completed,9.8955,10.0498,,,,17376,,,,,false,false,45,59659780096,76,51,32724,,45,0,45,0,,,,,,dependency,cyber-complement-gfp-plus-dependency-order,final-comparison-and-ablation,0f8d662,2d332995-5da0-482e-9d34-18160428df39,82ddc6bcb701372e009e32471d3d97e1913c5201cc586ce3b5ec9da8cfd0d784,915bedc898c4a63fff6d74c9da29c14f21d1a6b0a7877cba4f915509a86b273c,28e3f0e88742b79f23e207717e804594dc9075191db40cb3df24f97fe388f7bf,2026-09-20T12:48:31+00:00,24474375_115,laurel,"gr10497b,gr10609b,gr10672b",p=1:t=14:c=14:m=64000M,1800.0,1800.0,64000
BBM/model_142.bnet,cyber/complement-gfp-plus-dependency-order,completed,0.38716,0.498702,,,,12532,,,,,false,false,29,2097152,47,10,3689,,29,0,29,0,,,,,,dependency,cyber-complement-gfp-plus-dependency-order,final-comparison-and-ablation,0f8d662,2d332995-5da0-482e-9d34-18160428df39,82ddc6bcb701372e009e32471d3d97e1913c5201cc586ce3b5ec9da8cfd0d784,915bedc898c4a63fff6d74c9da29c14f21d1a6b0a7877cba4f915509a86b273c,28e3f0e88742b79f23e207717e804594dc9075191db40cb3df24f97fe388f7bf,2026-09-20T12:48:31+00:00,24474375_57,laurel,"gr10497b,gr10609b,gr10672b",p=1:t=14:c=14:m=64000M,1800.0,1800.0,64000
BBM/model_143.bnet,cyber/complement-gfp-plus-dependency-order,timeout,1794.52,1800.01,,,,2382828,,,,,true,false,97,,,,,,,,,,,,,,,,,final-comparison-and-ablation,0f8d662,2d332995-5da0-482e-9d34-18160428df39,82ddc6bcb701372e009e32471d3d97e1913c5201cc586ce3b5ec9da8cfd0d784,915bedc898c4a63fff6d74c9da29c14f21d1a6b0a7877cba4f915509a86b273c,28e3f0e88742b79f23e207717e804594dc9075191db40cb3df24f97fe388f7bf,2026-09-20T12:48:31+00:00,24474375_28,laurel,"gr10497b,gr10609b,gr10672b",p=1:t=14:c=14:m=64000M,1800.0,1800.0,64000
BBM/model_144.bnet,cyber/complement-gfp-plus-dependency-order,timeout,1793.27,1800.01,,,,66176,,,,,true,false,202,,,,,,,,,,,,,,,,,final-comparison-and-ablation,0f8d662,2d332995-5da0-482e-9d34-18160428df39,82ddc6bcb701372e009e32471d3d97e1913c5201cc586ce3b5ec9da8cfd0d784,915bedc898c4a63fff6d74c9da29c14f21d1a6b0a7877cba4f915509a86b273c,28e3f0e88742b79f23e207717e804594dc9075191db40cb3df24f97fe388f7bf,2026-09-20T12:48:31+00:00,24474375_194,laurel,"gr10497b,gr10609b,gr10672b",p=1:t=14:c=14:m=64000M,1800.0,1800.0,64000
BBM/model_145.bnet,cyber/complement-gfp-plus-dependency-order,timeout,1792.73,1800.01,,,,385644,,,,,true,false,62,,,,,,,,,,,,,,,,cyber-complement-gfp-plus-dependency-order,final-comparison-and-ablation,0f8d662,2d332995-5da0-482e-9d34-18160428df39,82ddc6bcb701372e009e32471d3d97e1913c5201cc586ce3b5ec9da8cfd0d784,915bedc898c4a63fff6d74c9da29c14f21d1a6b0a7877cba4f915509a86b273c,28e3f0e88742b79f23e207717e804594dc9075191db40cb3df24f97fe388f7bf,2026-09-20T12:48:31+00:00,24474375_156,laurel,"gr10497b,gr10609b,gr10672b",p=1:t=14:c=14:m=64000M,1800.0,1800.0,64000
BBM/model_146.bnet,cyber/complement-gfp-plus-dependency-order,completed,29.3238,29.5635,,,,36880,,,,,false,false,50,103275520,111,1295,71784,,50,0,50,0,,,,,,dependency,cyber-complement-gfp-plus-dependency-order,final-comparison-and-ablation,0f8d662,2d332995-5da0-482e-9d34-18160428df39,82ddc6bcb701372e009e32471d3d97e1913c5201cc586ce3b5ec9da8cfd0d784,915bedc898c4a63fff6d74c9da29c14f21d1a6b0a7877cba4f915509a86b273c,28e3f0e88742b79f23e207717e804594dc9075191db40cb3df24f97fe388f7bf,2026-09-20T12:48:31+00:00,24474375_54,laurel,"gr10497b,gr10609b,gr10672b",p=1:t=14:c=14:m=64000M,1800.0,1800.0,64000
BBM/model_147.bnet,cyber/complement-gfp-plus-dependency-order,completed,0.060379,0.170841,,,,12604,,,,,false,false,16,128,14,11,206,,16,0,16,0,,,,,,dependency,cyber-complement-gfp-plus-dependency-order,final-comparison-and-ablation,0f8d662,2d332995-5da0-482e-9d34-18160428df39,82ddc6bcb701372e009e32471d3d97e1913c5201cc586ce3b5ec9da8cfd0d784,915bedc898c4a63fff6d74c9da29c14f21d1a6b0a7877cba4f915509a86b273c,28e3f0e88742b79f23e207717e804594dc9075191db40cb3df24f97fe388f7bf,2026-09-20T12:48:31+00:00,24474375_67,laurel,"gr10497b,gr10609b,gr10672b",p=1:t=14:c=14:m=64000M,1800.0,1800.0,64000
BBM/model_148.bnet,cyber/complement-gfp-plus-dependency-order,timeout,1793.01,1800.01,,,,1394564,,,,,true,false,83,,,,,,,,,,,,,,,,,final-comparison-and-ablation,0f8d662,2d332995-5da0-482e-9d34-18160428df39,82ddc6bcb701372e009e32471d3d97e1913c5201cc586ce3b5ec9da8cfd0d784,915bedc898c4a63fff6d74c9da29c14f21d1a6b0a7877cba4f915509a86b273c,28e3f0e88742b79f23e207717e804594dc9075191db40cb3df24f97fe388f7bf,2026-09-20T12:48:31+00:00,24474375_12,laurel,"gr10497b,gr10609b,gr10672b",p=1:t=14:c=14:m=64000M,1800.0,1800.0,64000
BBM/model_149.bnet,cyber/complement-gfp-plus-dependency-order,completed,0.066211,0.181227,,,,12560,,,,,false,false,14,896,25,9,208,,14,0,14,0,,,,,,dependency,cyber-complement-gfp-plus-dependency-order,final-comparison-and-ablation,0f8d662,2d332995-5da0-482e-9d34-18160428df39,82ddc6bcb701372e009e32471d3d97e1913c5201cc586ce3b5ec9da8cfd0d784,915bedc898c4a63fff6d74c9da29c14f21d1a6b0a7877cba4f915509a86b273c,28e3f0e88742b79f23e207717e804594dc9075191db40cb3df24f97fe388f7bf,2026-09-20T12:48:31+00:00,24474375_159,laurel,"gr10497b,gr10609b,gr10672b",p=1:t=14:c=14:m=64000M,1800.0,1800.0,64000
BBM/model_150.bnet,cyber/complement-gfp-plus-dependency-order,completed,1.3546,1.46831,,,,12504,,,,,false,false,33,1331456,88,46,7165,,33,0,33,0,,,,,,dependency,cyber-complement-gfp-plus-dependency-order,final-comparison-and-ablation,0f8d662,2d332995-5da0-482e-9d34-18160428df39,82ddc6bcb701372e009e32471d3d97e1913c5201cc586ce3b5ec9da8cfd0d784,915bedc898c4a63fff6d74c9da29c14f21d1a6b0a7877cba4f915509a86b273c,28e3f0e88742b79f23e207717e804594dc9075191db40cb3df24f97fe388f7bf,2026-09-20T12:48:31+00:00,24474375_72,laurel,"gr10497b,gr10609b,gr10672b",p=1:t=14:c=14:m=64000M,1800.0,1800.0,64000
BBM/model_151.bnet,cyber/complement-gfp-plus-dependency-order,timeout,1794.72,1800.01,,,,1426936,,,,,true,false,133,,,,,,,,,,,,,,,,,final-comparison-and-ablation,0f8d662,2d332995-5da0-482e-9d34-18160428df39,82ddc6bcb701372e009e32471d3d97e1913c5201cc586ce3b5ec9da8cfd0d784,915bedc898c4a63fff6d74c9da29c14f21d1a6b0a7877cba4f915509a86b273c,28e3f0e88742b79f23e207717e804594dc9075191db40cb3df24f97fe388f7bf,2026-09-20T12:48:31+00:00,24474375_25,laurel,"gr10497b,gr10609b,gr10672b",p=1:t=14:c=14:m=64000M,1800.0,1800.0,64000
BBM/model_152.bnet,cyber/complement-gfp-plus-dependency-order,timeout,1790.41,1800.01,,,,1201532,,,,,true,false,53,,,,,,,,,,,,,,,,cyber-complement-gfp-plus-dependency-order,final-comparison-and-ablation,0f8d662,2d332995-5da0-482e-9d34-18160428df39,82ddc6bcb701372e009e32471d3d97e1913c5201cc586ce3b5ec9da8cfd0d784,915bedc898c4a63fff6d74c9da29c14f21d1a6b0a7877cba4f915509a86b273c,28e3f0e88742b79f23e207717e804594dc9075191db40cb3df24f97fe388f7bf,2026-09-20T12:48:31+00:00,24474375_149,laurel,"gr10497b,gr10609b,gr10672b",p=1:t=14:c=14:m=64000M,1800.0,1800.0,64000
BBM/model_153.bnet,cyber/complement-gfp-plus-dependency-order,completed,0.066285,0.177848,,,,12484,,,,,false,false,18,640,23,16,233,,18,0,18,0,,,,,,dependency,cyber-complement-gfp-plus-dependency-order,final-comparison-and-ablation,0f8d662,2d332995-5da0-482e-9d34-18160428df39,82ddc6bcb701372e009e32471d3d97e1913c5201cc586ce3b5ec9da8cfd0d784,915bedc898c4a63fff6d74c9da29c14f21d1a6b0a7877cba4f915509a86b273c,28e3f0e88742b79f23e207717e804594dc9075191db40cb3df24f97fe388f7bf,2026-09-20T12:48:31+00:00,24474375_11,laurel,"gr10497b,gr10609b,gr10672b",p=1:t=14:c=14:m=64000M,1800.0,1800.0,64000
BBM/model_154.bnet,cyber/complement-gfp-plus-dependency-order,completed,0.19466,0.324475,,,,12632,,,,,false,false,21,128,9,16,191,,21,0,21,0,,,,,,dependency,cyber-complement-gfp-plus-dependency-order,final-comparison-and-ablation,0f8d662,2d332995-5da0-482e-9d34-18160428df39,82ddc6bcb701372e009e32471d3d97e1913c5201cc586ce3b5ec9da8cfd0d784,915bedc898c4a63fff6d74c9da29c14f21d1a6b0a7877cba4f915509a86b273c,28e3f0e88742b79f23e207717e804594dc9075191db40cb3df24f97fe388f7bf,2026-09-20T12:48:31+00:00,24474375_214,laurel,"gr10497b,gr10609b,gr10672b",p=1:t=14:c=14:m=64000M,1800.0,1800.0,64000
BBM/model_155.bnet,cyber/complement-gfp-plus-dependency-order,completed,65.7056,66.0873,,,,61164,,,,,false,false,71,133143986176,79,73,173299,,71,0,71,0,,,,,,dependency,cyber-complement-gfp-plus-dependency-order,final-comparison-and-ablation,0f8d662,2d332995-5da0-482e-9d34-18160428df39,82ddc6bcb701372e009e32471d3d97e1913c5201cc586ce3b5ec9da8cfd0d784,915bedc898c4a63fff6d74c9da29c14f21d1a6b0a7877cba4f915509a86b273c,28e3f0e88742b79f23e207717e804594dc9075191db40cb3df24f97fe388f7bf,2026-09-20T12:48:31+00:00,24474375_157,laurel,"gr10497b,gr10609b,gr10672b",p=1:t=14:c=14:m=64000M,1800.0,1800.0,64000
BBM/model_156.bnet,cyber/complement-gfp-plus-dependency-order,completed,0.150835,0.262525,,,,12492,,,,,false,false,36,262144,24,20,1337,,36,0,36,0,,,,,,dependency,cyber-complement-gfp-plus-dependency-order,final-comparison-and-ablation,0f8d662,2d332995-5da0-482e-9d34-18160428df39,82ddc6bcb701372e009e32471d3d97e1913c5201cc586ce3b5ec9da8cfd0d784,915bedc898c4a63fff6d74c9da29c14f21d1a6b0a7877cba4f915509a86b273c,28e3f0e88742b79f23e207717e804594dc9075191db40cb3df24f97fe388f7bf,2026-09-20T12:48:31+00:00,24474375_33,laurel,"gr10497b,gr10609b,gr10672b",p=1:t=14:c=14:m=64000M,1800.0,1800.0,64000
BBM/model_157.bnet,cyber/complement-gfp-plus-dependency-order,completed,260.942,262.264,,,,115068,,,,,false,false,103,2181431069507584,94,123,255400,,103,0,103,0,,,,,,dependency,cyber-complement-gfp-plus-dependency-order,final-comparison-and-ablation,0f8d662,2d332995-5da0-482e-9d34-18160428df39,82ddc6bcb701372e009e32471d3d97e1913c5201cc586ce3b5ec9da8cfd0d784,915bedc898c4a63fff6d74c9da29c14f21d1a6b0a7877cba4f915509a86b273c,28e3f0e88742b79f23e207717e804594dc9075191db40cb3df24f97fe388f7bf,2026-09-20T12:48:31+00:00,24474375_143,laurel,"gr10497b,gr10609b,gr10672b",p=1:t=14:c=14:m=64000M,1800.0,1800.0,64000
BBM/model_158.bnet,cyber/complement-gfp-plus-dependency-order,completed,0.054937,0.165526,,,,12640,,,,,false,false,7,16,5,5,37,,7,0,7,0,,,,,,dependency,cyber-complement-gfp-plus-dependency-order,final-comparison-and-ablation,0f8d662,2d332995-5da0-482e-9d34-18160428df39,82ddc6bcb701372e009e32471d3d97e1913c5201cc586ce3b5ec9da8cfd0d784,915bedc898c4a63fff6d74c9da29c14f21d1a6b0a7877cba4f915509a86b273c,28e3f0e88742b79f23e207717e804594dc9075191db40cb3df24f97fe388f7bf,2026-09-20T12:48:31+00:00,24474375_139,laurel,"gr10497b,gr10609b,gr10672b",p=1:t=14:c=14:m=64000M,1800.0,1800.0,64000
BBM/model_159.bnet,cyber/complement-gfp-plus-dependency-order,completed,7.30797,7.43657,,,,14600,,,,,false,false,39,10673152,115,367,17902,,39,0,39,0,,,,,,dependency,cyber-complement-gfp-plus-dependency-order,final-comparison-and-ablation,0f8d662,2d332995-5da0-482e-9d34-18160428df39,82ddc6bcb701372e009e32471d3d97e1913c5201cc586ce3b5ec9da8cfd0d784,915bedc898c4a63fff6d74c9da29c14f21d1a6b0a7877cba4f915509a86b273c,28e3f0e88742b79f23e207717e804594dc9075191db40cb3df24f97fe388f7bf,2026-09-20T12:48:31+00:00,24474375_70,laurel,"gr10497b,gr10609b,gr10672b",p=1:t=14:c=14:m=64000M,1800.0,1800.0,64000
BBM/model_160.bnet,cyber/complement-gfp-plus-dependency-order,timeout,1791.42,1800.02,,,,2468716,,,,,true,false,92,,,,,,,,,,,,,,,,,final-comparison-and-ablation,0f8d662,2d332995-5da0-482e-9d34-18160428df39,82ddc6bcb701372e009e32471d3d97e1913c5201cc586ce3b5ec9da8cfd0d784,915bedc898c4a63fff6d74c9da29c14f21d1a6b0a7877cba4f915509a86b273c,28e3f0e88742b79f23e207717e804594dc9075191db40cb3df24f97fe388f7bf,2026-09-20T12:48:31+00:00,24474375_123,laurel,"gr10497b,gr10609b,gr10672b",p=1:t=14:c=14:m=64000M,1800.0,1800.0,64000
BBM/model_161.bnet,cyber/complement-gfp-plus-dependency-order,timeout,1792.32,1800.03,,,,1334428,,,,,true,false,96,,,,,,,,,,,,,,,,,final-comparison-and-ablation,0f8d662,2d332995-5da0-482e-9d34-18160428df39,82ddc6bcb701372e009e32471d3d97e1913c5201cc586ce3b5ec9da8cfd0d784,915bedc898c4a63fff6d74c9da29c14f21d1a6b0a7877cba4f915509a86b273c,28e3f0e88742b79f23e207717e804594dc9075191db40cb3df24f97fe388f7bf,2026-09-20T12:48:31+00:00,24474375_124,laurel,"gr10497b,gr10609b,gr10672b",p=1:t=14:c=14:m=64000M,1800.0,1800.0,64000
BBM/model_162.bnet,cyber/complement-gfp-plus-dependency-order,completed,0.060322,0.170928,,,,12548,,,,,false,false,18,768,15,14,262,,18,0,18,0,,,,,,dependency,cyber-complement-gfp-plus-dependency-order,final-comparison-and-ablation,0f8d662,2d332995-5da0-482e-9d34-18160428df39,82ddc6bcb701372e009e32471d3d97e1913c5201cc586ce3b5ec9da8cfd0d784,915bedc898c4a63fff6d74c9da29c14f21d1a6b0a7877cba4f915509a86b273c,28e3f0e88742b79f23e207717e804594dc9075191db40cb3df24f97fe388f7bf,2026-09-20T12:48:31+00:00,24474375_130,laurel,"gr10497b,gr10609b,gr10672b",p=1:t=14:c=14:m=64000M,1800.0,1800.0,64000
BBM/model_163.bnet,cyber/complement-gfp-plus-dependency-order,completed,0.991193,1.11272,,,,12616,,,,,false,false,34,8388608,73,13,4780,,34,0,34,0,,,,,,dependency,cyber-complement-gfp-plus-dependency-order,final-comparison-and-ablation,0f8d662,2d332995-5da0-482e-9d34-18160428df39,82ddc6bcb701372e009e32471d3d97e1913c5201cc586ce3b5ec9da8cfd0d784,915bedc898c4a63fff6d74c9da29c14f21d1a6b0a7877cba4f915509a86b273c,28e3f0e88742b79f23e207717e804594dc9075191db40cb3df24f97fe388f7bf,2026-09-20T12:48:31+00:00,24474375_122,laurel,"gr10497b,gr10609b,gr10672b",p=1:t=14:c=14:m=64000M,1800.0,1800.0,64000
BBM/model_164.bnet,cyber/complement-gfp-plus-dependency-order,completed,0.087514,0.202025,,,,12596,,,,,false,false,24,4096,23,14,866,,24,0,24,0,,,,,,dependency,cyber-complement-gfp-plus-dependency-order,final-comparison-and-ablation,0f8d662,2d332995-5da0-482e-9d34-18160428df39,82ddc6bcb701372e009e32471d3d97e1913c5201cc586ce3b5ec9da8cfd0d784,915bedc898c4a63fff6d74c9da29c14f21d1a6b0a7877cba4f915509a86b273c,28e3f0e88742b79f23e207717e804594dc9075191db40cb3df24f97fe388f7bf,2026-09-20T12:48:31+00:00,24474375_165,laurel,"gr10497b,gr10609b,gr10672b",p=1:t=14:c=14:m=64000M,1800.0,1800.0,64000
BBM/model_165.bnet,cyber/complement-gfp-plus-dependency-order,completed,0.056365,0.168072,,,,12548,,,,,false,false,8,8,4,7,60,,8,0,8,0,,,,,,dependency,cyber-complement-gfp-plus-dependency-order,final-comparison-and-ablation,0f8d662,2d332995-5da0-482e-9d34-18160428df39,82ddc6bcb701372e009e32471d3d97e1913c5201cc586ce3b5ec9da8cfd0d784,915bedc898c4a63fff6d74c9da29c14f21d1a6b0a7877cba4f915509a86b273c,28e3f0e88742b79f23e207717e804594dc9075191db40cb3df24f97fe388f7bf,2026-09-20T12:48:31+00:00,24474375_34,laurel,"gr10497b,gr10609b,gr10672b",p=1:t=14:c=14:m=64000M,1800.0,1800.0,64000
BBM/model_166.bnet,cyber/complement-gfp-plus-dependency-order,completed,0.059577,0.171816,,,,12596,,,,,false,false,19,128,9,14,166,,19,0,19,0,,,,,,dependency,cyber-complement-gfp-plus-dependency-order,final-comparison-and-ablation,0f8d662,2d332995-5da0-482e-9d34-18160428df39,82ddc6bcb701372e009e32471d3d97e1913c5201cc586ce3b5ec9da8cfd0d784,915bedc898c4a63fff6d74c9da29c14f21d1a6b0a7877cba4f915509a86b273c,28e3f0e88742b79f23e207717e804594dc9075191db40cb3df24f97fe388f7bf,2026-09-20T12:48:31+00:00,24474375_192,laurel,"gr10497b,gr10609b,gr10672b",p=1:t=14:c=14:m=64000M,1800.0,1800.0,64000
BBM/model_167.bnet,cyber/complement-gfp-plus-dependency-order,completed,29.0114,29.2145,,,,20472,,,,,false,false,57,150323855360,119,50,54636,,57,0,57,0,,,,,,dependency,cyber-complement-gfp-plus-dependency-order,final-comparison-and-ablation,0f8d662,2d332995-5da0-482e-9d34-18160428df39,82ddc6bcb701372e009e32471d3d97e1913c5201cc586ce3b5ec9da8cfd0d784,915bedc898c4a63fff6d74c9da29c14f21d1a6b0a7877cba4f915509a86b273c,28e3f0e88742b79f23e207717e804594dc9075191db40cb3df24f97fe388f7bf,2026-09-20T12:48:31+00:00,24474375_169,laurel,"gr10497b,gr10609b,gr10672b",p=1:t=14:c=14:m=64000M,1800.0,1800.0,64000
BBM/model_168.bnet,cyber/complement-gfp-plus-dependency-order,completed,0.058304,0.169245,,,,12604,,,,,false,false,13,128,19,8,132,,13,0,13,0,,,,,,dependency,cyber-complement-gfp-plus-dependency-order,final-comparison-and-ablation,0f8d662,2d332995-5da0-482e-9d34-18160428df39,82ddc6bcb701372e009e32471d3d97e1913c5201cc586ce3b5ec9da8cfd0d784,915bedc898c4a63fff6d74c9da29c14f21d1a6b0a7877cba4f915509a86b273c,28e3f0e88742b79f23e207717e804594dc9075191db40cb3df24f97fe388f7bf,2026-09-20T12:48:31+00:00,24474375_1,laurel,"gr10497b,gr10609b,gr10672b",p=1:t=14:c=14:m=64000M,1800.0,1800.0,64000
BBM/model_169.bnet,cyber/complement-gfp-plus-dependency-order,completed,0.055428,0.166514,,,,12592,,,,,false,false,7,32,8,4,53,,7,0,7,0,,,,,,dependency,cyber-complement-gfp-plus-dependency-order,final-comparison-and-ablation,0f8d662,2d332995-5da0-482e-9d34-18160428df39,82ddc6bcb701372e009e32471d3d97e1913c5201cc586ce3b5ec9da8cfd0d784,915bedc898c4a63fff6d74c9da29c14f21d1a6b0a7877cba4f915509a86b273c,28e3f0e88742b79f23e207717e804594dc9075191db40cb3df24f97fe388f7bf,2026-09-20T12:48:31+00:00,24474375_179,laurel,"gr10497b,gr10609b,gr10672b",p=1:t=14:c=14:m=64000M,1800.0,1800.0,64000
BBM/model_170.bnet,cyber/complement-gfp-plus-dependency-order,completed,0.056021,0.169782,,,,12592,,,,,false,false,7,16,6,5,47,,7,0,7,0,,,,,,dependency,cyber-complement-gfp-plus-dependency-order,final-comparison-and-ablation,0f8d662,2d332995-5da0-482e-9d34-18160428df39,82ddc6bcb701372e009e32471d3d97e1913c5201cc586ce3b5ec9da8cfd0d784,915bedc898c4a63fff6d74c9da29c14f21d1a6b0a7877cba4f915509a86b273c,28e3f0e88742b79f23e207717e804594dc9075191db40cb3df24f97fe388f7bf,2026-09-20T12:48:31+00:00,24474375_82,laurel,"gr10497b,gr10609b,gr10672b",p=1:t=14:c=14:m=64000M,1800.0,1800.0,64000
BBM/model_171.bnet,cyber/complement-gfp-plus-dependency-order,completed,0.159187,0.271426,,,,12628,,,,,false,false,7,16,6,5,48,,7,0,7,0,,,,,,dependency,cyber-complement-gfp-plus-dependency-order,final-comparison-and-ablation,0f8d662,2d332995-5da0-482e-9d34-18160428df39,82ddc6bcb701372e009e32471d3d97e1913c5201cc586ce3b5ec9da8cfd0d784,915bedc898c4a63fff6d74c9da29c14f21d1a6b0a7877cba4f915509a86b273c,28e3f0e88742b79f23e207717e804594dc9075191db40cb3df24f97fe388f7bf,2026-09-20T12:48:31+00:00,24474375_65,laurel,"gr10497b,gr10609b,gr10672b",p=1:t=14:c=14:m=64000M,1800.0,1800.0,64000
BBM/model_172.bnet,cyber/complement-gfp-plus-dependency-order,completed,0.055823,0.168465,,,,12616,,,,,false,false,7,12,7,7,48,,7,0,7,0,,,,,,dependency,cyber-complement-gfp-plus-dependency-order,final-comparison-and-ablation,0f8d662,2d332995-5da0-482e-9d34-18160428df39,82ddc6bcb701372e009e32471d3d97e1913c5201cc586ce3b5ec9da8cfd0d784,915bedc898c4a63fff6d74c9da29c14f21d1a6b0a7877cba4f915509a86b273c,28e3f0e88742b79f23e207717e804594dc9075191db40cb3df24f97fe388f7bf,2026-09-20T12:48:31+00:00,24474375_5,laurel,"gr10497b,gr10609b,gr10672b",p=1:t=14:c=14:m=64000M,1800.0,1800.0,64000
BBM/model_173.bnet,cyber/complement-gfp-plus-dependency-order,timeout,1795.05,1800.01,,,,350900,,,,,true,false,76,,,,,,,,,,,,,,,,cyber-complement-gfp-plus-dependency-order,final-comparison-and-ablation,0f8d662,2d332995-5da0-482e-9d34-18160428df39,82ddc6bcb701372e009e32471d3d97e1913c5201cc586ce3b5ec9da8cfd0d784,915bedc898c4a63fff6d74c9da29c14f21d1a6b0a7877cba4f915509a86b273c,28e3f0e88742b79f23e207717e804594dc9075191db40cb3df24f97fe388f7bf,2026-09-20T12:48:31+00:00,24474375_83,laurel,"gr10497b,gr10609b,gr10672b",p=1:t=14:c=14:m=64000M,1800.0,1800.0,64000
BBM/model_174.bnet,cyber/complement-gfp-plus-dependency-order,completed,0.458406,0.571051,,,,12644,,,,,false,false,19,335872,61,11,5644,,19,0,19,0,,,,,,dependency,cyber-complement-gfp-plus-dependency-order,final-comparison-and-ablation,0f8d662,2d332995-5da0-482e-9d34-18160428df39,82ddc6bcb701372e009e32471d3d97e1913c5201cc586ce3b5ec9da8cfd0d784,915bedc898c4a63fff6d74c9da29c14f21d1a6b0a7877cba4f915509a86b273c,28e3f0e88742b79f23e207717e804594dc9075191db40cb3df24f97fe388f7bf,2026-09-20T12:48:31+00:00,24474375_186,laurel,"gr10497b,gr10609b,gr10672b",p=1:t=14:c=14:m=64000M,1800.0,1800.0,64000
BBM/model_175.bnet,cyber/complement-gfp-plus-dependency-order,completed,0.214343,0.327174,,,,12536,,,,,false,false,41,12582912,38,32,1404,,41,0,41,0,,,,,,dependency,cyber-complement-gfp-plus-dependency-order,final-comparison-and-ablation,0f8d662,2d332995-5da0-482e-9d34-18160428df39,82ddc6bcb701372e009e32471d3d97e1913c5201cc586ce3b5ec9da8cfd0d784,915bedc898c4a63fff6d74c9da29c14f21d1a6b0a7877cba4f915509a86b273c,28e3f0e88742b79f23e207717e804594dc9075191db40cb3df24f97fe388f7bf,2026-09-20T12:48:31+00:00,24474375_24,laurel,"gr10497b,gr10609b,gr10672b",p=1:t=14:c=14:m=64000M,1800.0,1800.0,64000
BBM/model_177.bnet,cyber/complement-gfp-plus-dependency-order,completed,0.119108,0.23136,,,,12620,,,,,false,false,34,5376,25,58,700,,34,0,34,0,,,,,,dependency,cyber-complement-gfp-plus-dependency-order,final-comparison-and-ablation,0f8d662,2d332995-5da0-482e-9d34-18160428df39,82ddc6bcb701372e009e32471d3d97e1913c5201cc586ce3b5ec9da8cfd0d784,915bedc898c4a63fff6d74c9da29c14f21d1a6b0a7877cba4f915509a86b273c,28e3f0e88742b79f23e207717e804594dc9075191db40cb3df24f97fe388f7bf,2026-09-20T12:48:31+00:00,24474375_178,laurel,"gr10497b,gr10609b,gr10672b",p=1:t=14:c=14:m=64000M,1800.0,1800.0,64000
BBM/model_178.bnet,cyber/complement-gfp-plus-dependency-order,completed,459.02,460.909,,,,104236,,,,,false,false,48,588007866368,287,36,199449,,48,0,48,0,,,,,,dependency,cyber-complement-gfp-plus-dependency-order,final-comparison-and-ablation,0f8d662,2d332995-5da0-482e-9d34-18160428df39,82ddc6bcb701372e009e32471d3d97e1913c5201cc586ce3b5ec9da8cfd0d784,915bedc898c4a63fff6d74c9da29c14f21d1a6b0a7877cba4f915509a86b273c,28e3f0e88742b79f23e207717e804594dc9075191db40cb3df24f97fe388f7bf,2026-09-20T12:48:31+00:00,24474375_18,laurel,"gr10497b,gr10609b,gr10672b",p=1:t=14:c=14:m=64000M,1800.0,1800.0,64000
BBM/model_179.bnet,cyber/complement-gfp-plus-dependency-order,timeout,1794.77,1800.01,,,,273612,,,,,true,false,56,,,,,,,,,,,,,,,,cyber-complement-gfp-plus-dependency-order,final-comparison-and-ablation,0f8d662,2d332995-5da0-482e-9d34-18160428df39,82ddc6bcb701372e009e32471d3d97e1913c5201cc586ce3b5ec9da8cfd0d784,915bedc898c4a63fff6d74c9da29c14f21d1a6b0a7877cba4f915509a86b273c,28e3f0e88742b79f23e207717e804594dc9075191db40cb3df24f97fe388f7bf,2026-09-20T12:48:31+00:00,24474375_63,laurel,"gr10497b,gr10609b,gr10672b",p=1:t=14:c=14:m=64000M,1800.0,1800.0,64000
BBM/model_180.bnet,cyber/complement-gfp-plus-dependency-order,completed,0.06305,0.176321,,,,12636,,,,,false,false,12,1024,28,4,261,,12,0,12,0,,,,,,dependency,cyber-complement-gfp-plus-dependency-order,final-comparison-and-ablation,0f8d662,2d332995-5da0-482e-9d34-18160428df39,82ddc6bcb701372e009e32471d3d97e1913c5201cc586ce3b5ec9da8cfd0d784,915bedc898c4a63fff6d74c9da29c14f21d1a6b0a7877cba4f915509a86b273c,28e3f0e88742b79f23e207717e804594dc9075191db40cb3df24f97fe388f7bf,2026-09-20T12:48:31+00:00,24474375_45,laurel,"gr10497b,gr10609b,gr10672b",p=1:t=14:c=14:m=64000M,1800.0,1800.0,64000
BBM/model_181.bnet,cyber/complement-gfp-plus-dependency-order,completed,0.060055,0.170816,,,,12644,,,,,false,false,13,180,11,48,180,,13,0,13,0,,,,,,dependency,cyber-complement-gfp-plus-dependency-order,final-comparison-and-ablation,0f8d662,2d332995-5da0-482e-9d34-18160428df39,82ddc6bcb701372e009e32471d3d97e1913c5201cc586ce3b5ec9da8cfd0d784,915bedc898c4a63fff6d74c9da29c14f21d1a6b0a7877cba4f915509a86b273c,28e3f0e88742b79f23e207717e804594dc9075191db40cb3df24f97fe388f7bf,2026-09-20T12:48:31+00:00,24474375_61,laurel,"gr10497b,gr10609b,gr10672b",p=1:t=14:c=14:m=64000M,1800.0,1800.0,64000
BBM/model_182.bnet,cyber/complement-gfp-plus-dependency-order,completed,0.060471,0.179909,,,,12628,,,,,false,false,14,16,5,12,86,,14,0,14,0,,,,,,dependency,cyber-complement-gfp-plus-dependency-order,final-comparison-and-ablation,0f8d662,2d332995-5da0-482e-9d34-18160428df39,82ddc6bcb701372e009e32471d3d97e1913c5201cc586ce3b5ec9da8cfd0d784,915bedc898c4a63fff6d74c9da29c14f21d1a6b0a7877cba4f915509a86b273c,28e3f0e88742b79f23e207717e804594dc9075191db40cb3df24f97fe388f7bf,2026-09-20T12:48:31+00:00,24474375_32,laurel,"gr10497b,gr10609b,gr10672b",p=1:t=14:c=14:m=64000M,1800.0,1800.0,64000
BBM/model_183.bnet,cyber/complement-gfp-plus-dependency-order,completed,14.8695,15.0171,,,,12592,,,,,false,false,35,48131776,181,295,34618,,35,0,35,0,,,,,,dependency,cyber-complement-gfp-plus-dependency-order,final-comparison-and-ablation,0f8d662,2d332995-5da0-482e-9d34-18160428df39,82ddc6bcb701372e009e32471d3d97e1913c5201cc586ce3b5ec9da8cfd0d784,915bedc898c4a63fff6d74c9da29c14f21d1a6b0a7877cba4f915509a86b273c,28e3f0e88742b79f23e207717e804594dc9075191db40cb3df24f97fe388f7bf,2026-09-20T12:48:31+00:00,24474375_134,laurel,"gr10497b,gr10609b,gr10672b",p=1:t=14:c=14:m=64000M,1800.0,1800.0,64000
BBM/model_184.bnet,cyber/complement-gfp-plus-dependency-order,completed,0.055037,0.165651,,,,12632,,,,,false,false,6,4,3,6,31,,6,0,6,0,,,,,,dependency,cyber-complement-gfp-plus-dependency-order,final-comparison-and-ablation,0f8d662,2d332995-5da0-482e-9d34-18160428df39,82ddc6bcb701372e009e32471d3d97e1913c5201cc586ce3b5ec9da8cfd0d784,915bedc898c4a63fff6d74c9da29c14f21d1a6b0a7877cba4f915509a86b273c,28e3f0e88742b79f23e207717e804594dc9075191db40cb3df24f97fe388f7bf,2026-09-20T12:48:31+00:00,24474375_174,laurel,"gr10497b,gr10609b,gr10672b",p=1:t=14:c=14:m=64000M,1800.0,1800.0,64000
BBM/model_185.bnet,cyber/complement-gfp-plus-dependency-order,completed,0.059118,0.170787,,,,12640,,,,,false,false,15,72,14,27,153,,15,0,15,0,,,,,,dependency,cyber-complement-gfp-plus-dependency-order,final-comparison-and-ablation,0f8d662,2d332995-5da0-482e-9d34-18160428df39,82ddc6bcb701372e009e32471d3d97e1913c5201cc586ce3b5ec9da8cfd0d784,915bedc898c4a63fff6d74c9da29c14f21d1a6b0a7877cba4f915509a86b273c,28e3f0e88742b79f23e207717e804594dc9075191db40cb3df24f97fe388f7bf,2026-09-20T12:48:31+00:00,24474375_79,laurel,"gr10497b,gr10609b,gr10672b",p=1:t=14:c=14:m=64000M,1800.0,1800.0,64000
BBM/model_186.bnet,cyber/complement-gfp-plus-dependency-order,completed,0.055982,0.168002,,,,12524,,,,,false,false,10,3,3,12,47,,10,0,10,0,,,,,,dependency,cyber-complement-gfp-plus-dependency-order,final-comparison-and-ablation,0f8d662,2d332995-5da0-482e-9d34-18160428df39,82ddc6bcb701372e009e32471d3d97e1913c5201cc586ce3b5ec9da8cfd0d784,915bedc898c4a63fff6d74c9da29c14f21d1a6b0a7877cba4f915509a86b273c,28e3f0e88742b79f23e207717e804594dc9075191db40cb3df24f97fe388f7bf,2026-09-20T12:48:31+00:00,24474375_110,laurel,"gr10497b,gr10609b,gr10672b",p=1:t=14:c=14:m=64000M,1800.0,1800.0,64000
BBM/model_187.bnet,cyber/complement-gfp-plus-dependency-order,completed,0.063832,0.17499,,,,12640,,,,,false,false,19,576,18,18,225,,19,0,19,0,,,,,,dependency,cyber-complement-gfp-plus-dependency-order,final-comparison-and-ablation,0f8d662,2d332995-5da0-482e-9d34-18160428df39,82ddc6bcb701372e009e32471d3d97e1913c5201cc586ce3b5ec9da8cfd0d784,915bedc898c4a63fff6d74c9da29c14f21d1a6b0a7877cba4f915509a86b273c,28e3f0e88742b79f23e207717e804594dc9075191db40cb3df24f97fe388f7bf,2026-09-20T12:48:31+00:00,24474375_176,laurel,"gr10497b,gr10609b,gr10672b",p=1:t=14:c=14:m=64000M,1800.0,1800.0,64000
BBM/model_188.bnet,cyber/complement-gfp-plus-dependency-order,completed,1.169,1.28809,,,,12648,,,,,false,false,37,5308416,49,59,12585,,37,0,37,0,,,,,,dependency,cyber-complement-gfp-plus-dependency-order,final-comparison-and-ablation,0f8d662,2d332995-5da0-482e-9d34-18160428df39,82ddc6bcb701372e009e32471d3d97e1913c5201cc586ce3b5ec9da8cfd0d784,915bedc898c4a63fff6d74c9da29c14f21d1a6b0a7877cba4f915509a86b273c,28e3f0e88742b79f23e207717e804594dc9075191db40cb3df24f97fe388f7bf,2026-09-20T12:48:31+00:00,24474375_9,laurel,"gr10497b,gr10609b,gr10672b",p=1:t=14:c=14:m=64000M,1800.0,1800.0,64000
BBM/model_189.bnet,cyber/complement-gfp-plus-dependency-order,completed,0.055744,0.167146,,,,12632,,,,,false,false,6,16,9,4,36,,6,0,6,0,,,,,,dependency,cyber-complement-gfp-plus-dependency-order,final-comparison-and-ablation,0f8d662,2d332995-5da0-482e-9d34-18160428df39,82ddc6bcb701372e009e32471d3d97e1913c5201cc586ce3b5ec9da8cfd0d784,915bedc898c4a63fff6d74c9da29c14f21d1a6b0a7877cba4f915509a86b273c,28e3f0e88742b79f23e207717e804594dc9075191db40cb3df24f97fe388f7bf,2026-09-20T12:48:31+00:00,24474375_128,laurel,"gr10497b,gr10609b,gr10672b",p=1:t=14:c=14:m=64000M,1800.0,1800.0,64000
BBM/model_190.bnet,cyber/complement-gfp-plus-dependency-order,completed,18.7981,18.9596,,,,12644,,,,,false,false,37,33554432,230,14,25663,,37,0,37,0,,,,,,dependency,cyber-complement-gfp-plus-dependency-order,final-comparison-and-ablation,0f8d662,2d332995-5da0-482e-9d34-18160428df39,82ddc6bcb701372e009e32471d3d97e1913c5201cc586ce3b5ec9da8cfd0d784,915bedc898c4a63fff6d74c9da29c14f21d1a6b0a7877cba4f915509a86b273c,28e3f0e88742b79f23e207717e804594dc9075191db40cb3df24f97fe388f7bf,2026-09-20T12:48:31+00:00,24474375_14,laurel,"gr10497b,gr10609b,gr10672b",p=1:t=14:c=14:m=64000M,1800.0,1800.0,64000
BBM/model_191.bnet,cyber/complement-gfp-plus-dependency-order,completed,0.115855,0.229718,,,,12624,,,,,false,false,19,8192,33,8,513,,19,0,19,0,,,,,,dependency,cyber-complement-gfp-plus-dependency-order,final-comparison-and-ablation,0f8d662,2d332995-5da0-482e-9d34-18160428df39,82ddc6bcb701372e009e32471d3d97e1913c5201cc586ce3b5ec9da8cfd0d784,915bedc898c4a63fff6d74c9da29c14f21d1a6b0a7877cba4f915509a86b273c,28e3f0e88742b79f23e207717e804594dc9075191db40cb3df24f97fe388f7bf,2026-09-20T12:48:31+00:00,24474375_105,laurel,"gr10497b,gr10609b,gr10672b",p=1:t=14:c=14:m=64000M,1800.0,1800.0,64000
BBM/model_192.bnet,cyber/complement-gfp-plus-dependency-order,timeout,1791.18,1800.01,,,,1164184,,,,,true,false,102,,,,,,,,,,,,,,,,cyber-complement-gfp-plus-dependency-order,final-comparison-and-ablation,0f8d662,2d332995-5da0-482e-9d34-18160428df39,82ddc6bcb701372e009e32471d3d97e1913c5201cc586ce3b5ec9da8cfd0d784,915bedc898c4a63fff6d74c9da29c14f21d1a6b0a7877cba4f915509a86b273c,28e3f0e88742b79f23e207717e804594dc9075191db40cb3df24f97fe388f7bf,2026-09-20T12:48:31+00:00,24474375_23,laurel,"gr10497b,gr10609b,gr10672b",p=1:t=14:c=14:m=64000M,1800.0,1800.0,64000
BBM/model_193.bnet,cyber/complement-gfp-plus-dependency-order,completed,1.41687,1.53362,,,,12564,,,,,false,false,30,2686976,69,78,11378,,30,0,30,0,,,,,,dependency,cyber-complement-gfp-plus-dependency-order,final-comparison-and-ablation,0f8d662,2d332995-5da0-482e-9d34-18160428df39,82ddc6bcb701372e009e32471d3d97e1913c5201cc586ce3b5ec9da8cfd0d784,915bedc898c4a63fff6d74c9da29c14f21d1a6b0a7877cba4f915509a86b273c,28e3f0e88742b79f23e207717e804594dc9075191db40cb3df24f97fe388f7bf,2026-09-20T12:48:31+00:00,24474375_208,laurel,"gr10497b,gr10609b,gr10672b",p=1:t=14:c=14:m=64000M,1800.0,1800.0,64000
BBM/model_194.bnet,cyber/complement-gfp-plus-dependency-order,timeout,1794.09,1800.01,,,,1332600,,,,,true,false,106,,,,,,,,,,,,,,,,,final-comparison-and-ablation,0f8d662,2d332995-5da0-482e-9d34-18160428df39,82ddc6bcb701372e009e32471d3d97e1913c5201cc586ce3b5ec9da8cfd0d784,915bedc898c4a63fff6d74c9da29c14f21d1a6b0a7877cba4f915509a86b273c,28e3f0e88742b79f23e207717e804594dc9075191db40cb3df24f97fe388f7bf,2026-09-20T12:48:31+00:00,24474375_112,laurel,"gr10497b,gr10609b,gr10672b",p=1:t=14:c=14:m=64000M,1800.0,1800.0,64000
BBM/model_195.bnet,cyber/complement-gfp-plus-dependency-order,timeout,1793.5,1800.01,,,,2415260,,,,,true,false,216,,,,,,,,,,,,,,,,,final-comparison-and-ablation,0f8d662,2d332995-5da0-482e-9d34-18160428df39,82ddc6bcb701372e009e32471d3d97e1913c5201cc586ce3b5ec9da8cfd0d784,915bedc898c4a63fff6d74c9da29c14f21d1a6b0a7877cba4f915509a86b273c,28e3f0e88742b79f23e207717e804594dc9075191db40cb3df24f97fe388f7bf,2026-09-20T12:48:31+00:00,24474375_15,laurel,"gr10497b,gr10609b,gr10672b",p=1:t=14:c=14:m=64000M,1800.0,1800.0,64000
BBM/model_196.bnet,cyber/complement-gfp-plus-dependency-order,completed,408.332,410.35,,,,134208,,,,,false,false,61,665559943348224,113,505,702418,,61,0,61,0,,,,,,dependency,cyber-complement-gfp-plus-dependency-order,final-comparison-and-ablation,0f8d662,2d332995-5da0-482e-9d34-18160428df39,82ddc6bcb701372e009e32471d3d97e1913c5201cc586ce3b5ec9da8cfd0d784,915bedc898c4a63fff6d74c9da29c14f21d1a6b0a7877cba4f915509a86b273c,28e3f0e88742b79f23e207717e804594dc9075191db40cb3df24f97fe388f7bf,2026-09-20T12:48:31+00:00,24474375_37,laurel,"gr10497b,gr10609b,gr10672b",p=1:t=14:c=14:m=64000M,1800.0,1800.0,64000
BBM/model_197.bnet,cyber/complement-gfp-plus-dependency-order,completed,66.6372,67.0561,,,,47336,,,,,false,false,56,481036337152,108,60,114731,,56,0,56,0,,,,,,dependency,cyber-complement-gfp-plus-dependency-order,final-comparison-and-ablation,0f8d662,2d332995-5da0-482e-9d34-18160428df39,82ddc6bcb701372e009e32471d3d97e1913c5201cc586ce3b5ec9da8cfd0d784,915bedc898c4a63fff6d74c9da29c14f21d1a6b0a7877cba4f915509a86b273c,28e3f0e88742b79f23e207717e804594dc9075191db40cb3df24f97fe388f7bf,2026-09-20T12:48:31+00:00,24474375_202,laurel,"gr10497b,gr10609b,gr10672b",p=1:t=14:c=14:m=64000M,1800.0,1800.0,64000
BBM/model_198.bnet,cyber/complement-gfp-plus-dependency-order,completed,0.092703,0.207779,,,,12616,,,,,false,false,11,32,7,8,78,,11,0,11,0,,,,,,dependency,cyber-complement-gfp-plus-dependency-order,final-comparison-and-ablation,0f8d662,2d332995-5da0-482e-9d34-18160428df39,82ddc6bcb701372e009e32471d3d97e1913c5201cc586ce3b5ec9da8cfd0d784,915bedc898c4a63fff6d74c9da29c14f21d1a6b0a7877cba4f915509a86b273c,28e3f0e88742b79f23e207717e804594dc9075191db40cb3df24f97fe388f7bf,2026-09-20T12:48:31+00:00,24474375_102,laurel,"gr10497b,gr10609b,gr10672b",p=1:t=14:c=14:m=64000M,1800.0,1800.0,64000
BBM/model_199.bnet,cyber/complement-gfp-plus-dependency-order,completed,30.8081,31.0512,,,,14592,,,,,false,false,30,53796224,240,531,62194,,30,0,30,0,,,,,,dependency,cyber-complement-gfp-plus-dependency-order,final-comparison-and-ablation,0f8d662,2d332995-5da0-482e-9d34-18160428df39,82ddc6bcb701372e009e32471d3d97e1913c5201cc586ce3b5ec9da8cfd0d784,915bedc898c4a63fff6d74c9da29c14f21d1a6b0a7877cba4f915509a86b273c,28e3f0e88742b79f23e207717e804594dc9075191db40cb3df24f97fe388f7bf,2026-09-20T12:48:31+00:00,24474375_4,laurel,"gr10497b,gr10609b,gr10672b",p=1:t=14:c=14:m=64000M,1800.0,1800.0,64000
BBM/model_200.bnet,cyber/complement-gfp-plus-dependency-order,completed,0.26993,0.383212,,,,12536,,,,,false,false,26,94208,46,72,2111,,26,0,26,0,,,,,,dependency,cyber-complement-gfp-plus-dependency-order,final-comparison-and-ablation,0f8d662,2d332995-5da0-482e-9d34-18160428df39,82ddc6bcb701372e009e32471d3d97e1913c5201cc586ce3b5ec9da8cfd0d784,915bedc898c4a63fff6d74c9da29c14f21d1a6b0a7877cba4f915509a86b273c,28e3f0e88742b79f23e207717e804594dc9075191db40cb3df24f97fe388f7bf,2026-09-20T12:48:31+00:00,24474375_22,laurel,"gr10497b,gr10609b,gr10672b",p=1:t=14:c=14:m=64000M,1800.0,1800.0,64000
BBM/model_201.bnet,cyber/complement-gfp-plus-dependency-order,completed,1.22892,1.34502,,,,12608,,,,,false,false,33,6356992,69,66,4744,,33,0,33,0,,,,,,dependency,cyber-complement-gfp-plus-dependency-order,final-comparison-and-ablation,0f8d662,2d332995-5da0-482e-9d34-18160428df39,82ddc6bcb701372e009e32471d3d97e1913c5201cc586ce3b5ec9da8cfd0d784,915bedc898c4a63fff6d74c9da29c14f21d1a6b0a7877cba4f915509a86b273c,28e3f0e88742b79f23e207717e804594dc9075191db40cb3df24f97fe388f7bf,2026-09-20T12:48:31+00:00,24474375_52,laurel,"gr10497b,gr10609b,gr10672b",p=1:t=14:c=14:m=64000M,1800.0,1800.0,64000
BBM/model_202.bnet,cyber/complement-gfp-plus-dependency-order,completed,0.796808,0.939787,,,,12660,,,,,false,false,31,249856,69,44,5503,,31,0,31,0,,,,,,dependency,cyber-complement-gfp-plus-dependency-order,final-comparison-and-ablation,0f8d662,2d332995-5da0-482e-9d34-18160428df39,82ddc6bcb701372e009e32471d3d97e1913c5201cc586ce3b5ec9da8cfd0d784,915bedc898c4a63fff6d74c9da29c14f21d1a6b0a7877cba4f915509a86b273c,28e3f0e88742b79f23e207717e804594dc9075191db40cb3df24f97fe388f7bf,2026-09-20T12:48:31+00:00,24474375_217,laurel,"gr10497b,gr10609b,gr10672b",p=1:t=14:c=14:m=64000M,1800.0,1800.0,64000
BBM/model_203.bnet,cyber/complement-gfp-plus-dependency-order,completed,5.70983,5.85399,,,,12612,,,,,false,false,40,83361792,76,48,21919,,40,0,40,0,,,,,,dependency,cyber-complement-gfp-plus-dependency-order,final-comparison-and-ablation,0f8d662,2d332995-5da0-482e-9d34-18160428df39,82ddc6bcb701372e009e32471d3d97e1913c5201cc586ce3b5ec9da8cfd0d784,915bedc898c4a63fff6d74c9da29c14f21d1a6b0a7877cba4f915509a86b273c,28e3f0e88742b79f23e207717e804594dc9075191db40cb3df24f97fe388f7bf,2026-09-20T12:48:31+00:00,24474375_68,laurel,"gr10497b,gr10609b,gr10672b",p=1:t=14:c=14:m=64000M,1800.0,1800.0,64000
BBM/model_205.bnet,cyber/complement-gfp-plus-dependency-order,completed,1.13231,1.25258,,,,12500,,,,,false,false,45,68115496960,53,27,5919,,45,0,45,0,,,,,,dependency,cyber-complement-gfp-plus-dependency-order,final-comparison-and-ablation,0f8d662,2d332995-5da0-482e-9d34-18160428df39,82ddc6bcb701372e009e32471d3d97e1913c5201cc586ce3b5ec9da8cfd0d784,915bedc898c4a63fff6d74c9da29c14f21d1a6b0a7877cba4f915509a86b273c,28e3f0e88742b79f23e207717e804594dc9075191db40cb3df24f97fe388f7bf,2026-09-20T12:48:31+00:00,24474375_147,laurel,"gr10497b,gr10609b,gr10672b",p=1:t=14:c=14:m=64000M,1800.0,1800.0,64000
BBM/model_206.bnet,cyber/complement-gfp-plus-dependency-order,completed,0.32823,0.439279,,,,12628,,,,,false,false,41,75497472,38,27,1960,,41,0,41,0,,,,,,dependency,cyber-complement-gfp-plus-dependency-order,final-comparison-and-ablation,0f8d662,2d332995-5da0-482e-9d34-18160428df39,82ddc6bcb701372e009e32471d3d97e1913c5201cc586ce3b5ec9da8cfd0d784,915bedc898c4a63fff6d74c9da29c14f21d1a6b0a7877cba4f915509a86b273c,28e3f0e88742b79f23e207717e804594dc9075191db40cb3df24f97fe388f7bf,2026-09-20T12:48:31+00:00,24474375_141,laurel,"gr10497b,gr10609b,gr10672b",p=1:t=14:c=14:m=64000M,1800.0,1800.0,64000
BBM/model_207.bnet,cyber/complement-gfp-plus-dependency-order,completed,2.72974,2.84863,,,,12608,,,,,false,false,103,2199023255552,51,64,3389,,103,0,103,0,,,,,,dependency,cyber-complement-gfp-plus-dependency-order,final-comparison-and-ablation,0f8d662,2d332995-5da0-482e-9d34-18160428df39,82ddc6bcb701372e009e32471d3d97e1913c5201cc586ce3b5ec9da8cfd0d784,915bedc898c4a63fff6d74c9da29c14f21d1a6b0a7877cba4f915509a86b273c,28e3f0e88742b79f23e207717e804594dc9075191db40cb3df24f97fe388f7bf,2026-09-20T12:48:31+00:00,24474375_55,laurel,"gr10497b,gr10609b,gr10672b",p=1:t=14:c=14:m=64000M,1800.0,1800.0,64000
BBM/model_208.bnet,cyber/complement-gfp-plus-dependency-order,completed,0.075895,0.189394,,,,12552,,,,,false,false,15,128,9,10,128,,15,0,15,0,,,,,,dependency,cyber-complement-gfp-plus-dependency-order,final-comparison-and-ablation,0f8d662,2d332995-5da0-482e-9d34-18160428df39,82ddc6bcb701372e009e32471d3d97e1913c5201cc586ce3b5ec9da8cfd0d784,915bedc898c4a63fff6d74c9da29c14f21d1a6b0a7877cba4f915509a86b273c,28e3f0e88742b79f23e207717e804594dc9075191db40cb3df24f97fe388f7bf,2026-09-20T12:48:31+00:00,24474375_100,laurel,"gr10497b,gr10609b,gr10672b",p=1:t=14:c=14:m=64000M,1800.0,1800.0,64000
BBM/model_209.bnet,cyber/complement-gfp-plus-dependency-order,timeout,1794.7,1800.02,,,,4994676,,,,,true,false,87,,,,,,,,,,,,,,,,,final-comparison-and-ablation,0f8d662,2d332995-5da0-482e-9d34-18160428df39,82ddc6bcb701372e009e32471d3d97e1913c5201cc586ce3b5ec9da8cfd0d784,915bedc898c4a63fff6d74c9da29c14f21d1a6b0a7877cba4f915509a86b273c,28e3f0e88742b79f23e207717e804594dc9075191db40cb3df24f97fe388f7bf,2026-09-20T12:48:31+00:00,24474375_204,laurel,"gr10497b,gr10609b,gr10672b",p=1:t=14:c=14:m=64000M,1800.0,1800.0,64000
BBM/model_212.bnet,cyber/complement-gfp-plus-dependency-order,completed,0.058795,0.169728,,,,12616,,,,,false,false,16,152,13,20,166,,16,0,16,0,,,,,,dependency,cyber-complement-gfp-plus-dependency-order,final-comparison-and-ablation,0f8d662,2d332995-5da0-482e-9d34-18160428df39,82ddc6bcb701372e009e32471d3d97e1913c5201cc586ce3b5ec9da8cfd0d784,915bedc898c4a63fff6d74c9da29c14f21d1a6b0a7877cba4f915509a86b273c,28e3f0e88742b79f23e207717e804594dc9075191db40cb3df24f97fe388f7bf,2026-09-20T12:48:31+00:00,24474375_125,laurel,"gr10497b,gr10609b,gr10672b",p=1:t=14:c=14:m=64000M,1800.0,1800.0,64000
BBM/model_213.bnet,cyber/complement-gfp-plus-dependency-order,completed,4.90222,5.04675,,,,12620,,,,,false,false,65,18014398509481984,94,13,10999,,65,0,65,0,,,,,,dependency,cyber-complement-gfp-plus-dependency-order,final-comparison-and-ablation,0f8d662,2d332995-5da0-482e-9d34-18160428df39,82ddc6bcb701372e009e32471d3d97e1913c5201cc586ce3b5ec9da8cfd0d784,915bedc898c4a63fff6d74c9da29c14f21d1a6b0a7877cba4f915509a86b273c,28e3f0e88742b79f23e207717e804594dc9075191db40cb3df24f97fe388f7bf,2026-09-20T12:48:31+00:00,24474375_148,laurel,"gr10497b,gr10609b,gr10672b",p=1:t=14:c=14:m=64000M,1800.0,1800.0,64000
BBM/model_214.bnet,cyber/complement-gfp-plus-dependency-order,completed,13.9412,14.0985,,,,12640,,,,,false,false,70,1125899906842624,174,22,12025,,70,0,70,0,,,,,,dependency,cyber-complement-gfp-plus-dependency-order,final-comparison-and-ablation,0f8d662,2d332995-5da0-482e-9d34-18160428df39,82ddc6bcb701372e009e32471d3d97e1913c5201cc586ce3b5ec9da8cfd0d784,915bedc898c4a63fff6d74c9da29c14f21d1a6b0a7877cba4f915509a86b273c,28e3f0e88742b79f23e207717e804594dc9075191db40cb3df24f97fe388f7bf,2026-09-20T12:48:31+00:00,24474375_8,laurel,"gr10497b,gr10609b,gr10672b",p=1:t=14:c=14:m=64000M,1800.0,1800.0,64000
BBM/model_215.bnet,cyber/complement-gfp-plus-dependency-order,completed,1.64615,1.76085,,,,12620,,,,,false,false,67,17179869184,65,35,5444,,67,0,67,0,,,,,,dependency,cyber-complement-gfp-plus-dependency-order,final-comparison-and-ablation,0f8d662,2d332995-5da0-482e-9d34-18160428df39,82ddc6bcb701372e009e32471d3d97e1913c5201cc586ce3b5ec9da8cfd0d784,915bedc898c4a63fff6d74c9da29c14f21d1a6b0a7877cba4f915509a86b273c,28e3f0e88742b79f23e207717e804594dc9075191db40cb3df24f97fe388f7bf,2026-09-20T12:48:31+00:00,24474375_66,laurel,"gr10497b,gr10609b,gr10672b",p=1:t=14:c=14:m=64000M,1800.0,1800.0,64000
BBM/model_216.bnet,cyber/complement-gfp-plus-dependency-order,completed,4.56995,4.82486,,,,12572,,,,,false,false,69,562949953421312,94,22,10725,,69,0,69,0,,,,,,dependency,cyber-complement-gfp-plus-dependency-order,final-comparison-and-ablation,0f8d662,2d332995-5da0-482e-9d34-18160428df39,82ddc6bcb701372e009e32471d3d97e1913c5201cc586ce3b5ec9da8cfd0d784,915bedc898c4a63fff6d74c9da29c14f21d1a6b0a7877cba4f915509a86b273c,28e3f0e88742b79f23e207717e804594dc9075191db40cb3df24f97fe388f7bf,2026-09-20T12:48:31+00:00,24474375_184,laurel,"gr10497b,gr10609b,gr10672b",p=1:t=14:c=14:m=64000M,1800.0,1800.0,64000
BBM/model_217.bnet,cyber/complement-gfp-plus-dependency-order,completed,0.267689,0.378297,,,,12596,,,,,false,false,56,2097152,33,37,2391,,56,0,56,0,,,,,,dependency,cyber-complement-gfp-plus-dependency-order,final-comparison-and-ablation,0f8d662,2d332995-5da0-482e-9d34-18160428df39,82ddc6bcb701372e009e32471d3d97e1913c5201cc586ce3b5ec9da8cfd0d784,915bedc898c4a63fff6d74c9da29c14f21d1a6b0a7877cba4f915509a86b273c,28e3f0e88742b79f23e207717e804594dc9075191db40cb3df24f97fe388f7bf,2026-09-20T12:48:31+00:00,24474375_137,laurel,"gr10497b,gr10609b,gr10672b",p=1:t=14:c=14:m=64000M,1800.0,1800.0,64000
BBM/model_218.bnet,cyber/complement-gfp-plus-dependency-order,completed,0.562945,0.676552,,,,12488,,,,,false,false,68,65536,29,54,2429,,68,0,68,0,,,,,,dependency,cyber-complement-gfp-plus-dependency-order,final-comparison-and-ablation,0f8d662,2d332995-5da0-482e-9d34-18160428df39,82ddc6bcb701372e009e32471d3d97e1913c5201cc586ce3b5ec9da8cfd0d784,915bedc898c4a63fff6d74c9da29c14f21d1a6b0a7877cba4f915509a86b273c,28e3f0e88742b79f23e207717e804594dc9075191db40cb3df24f97fe388f7bf,2026-09-20T12:48:31+00:00,24474375_129,laurel,"gr10497b,gr10609b,gr10672b",p=1:t=14:c=14:m=64000M,1800.0,1800.0,64000
BBM/model_219.bnet,cyber/complement-gfp-plus-dependency-order,completed,26.9148,27.1875,,,,25252,,,,,false,false,84,377957122048,73,87,83287,,84,0,84,0,,,,,,dependency,cyber-complement-gfp-plus-dependency-order,final-comparison-and-ablation,0f8d662,2d332995-5da0-482e-9d34-18160428df39,82ddc6bcb701372e009e32471d3d97e1913c5201cc586ce3b5ec9da8cfd0d784,915bedc898c4a63fff6d74c9da29c14f21d1a6b0a7877cba4f915509a86b273c,28e3f0e88742b79f23e207717e804594dc9075191db40cb3df24f97fe388f7bf,2026-09-20T12:48:31+00:00,24474375_187,laurel,"gr10497b,gr10609b,gr10672b",p=1:t=14:c=14:m=64000M,1800.0,1800.0,64000
BBM/model_220.bnet,cyber/complement-gfp-plus-dependency-order,timeout,1794.29,1800.3,,,,48594572,,,,,true,false,342,,,,,,,,,,,,,,,,,final-comparison-and-ablation,0f8d662,2d332995-5da0-482e-9d34-18160428df39,82ddc6bcb701372e009e32471d3d97e1913c5201cc586ce3b5ec9da8cfd0d784,915bedc898c4a63fff6d74c9da29c14f21d1a6b0a7877cba4f915509a86b273c,28e3f0e88742b79f23e207717e804594dc9075191db40cb3df24f97fe388f7bf,2026-09-20T12:48:31+00:00,24474375_90,laurel,"gr10497b,gr10609b,gr10672b",p=1:t=14:c=14:m=64000M,1800.0,1800.0,64000
BBM/model_221.bnet,cyber/complement-gfp-plus-dependency-order,timeout,1793.01,1800.01,,,,505068,,,,,true,false,317,,,,,,,,,,,,,,,,cyber-complement-gfp-plus-dependency-order,final-comparison-and-ablation,0f8d662,2d332995-5da0-482e-9d34-18160428df39,82ddc6bcb701372e009e32471d3d97e1913c5201cc586ce3b5ec9da8cfd0d784,915bedc898c4a63fff6d74c9da29c14f21d1a6b0a7877cba4f915509a86b273c,28e3f0e88742b79f23e207717e804594dc9075191db40cb3df24f97fe388f7bf,2026-09-20T12:48:31+00:00,24474375_40,laurel,"gr10497b,gr10609b,gr10672b",p=1:t=14:c=14:m=64000M,1800.0,1800.0,64000
BBM/model_222.bnet,cyber/complement-gfp-plus-dependency-order,timeout,1795.17,1800.01,,,,2468208,,,,,true,false,206,,,,,,,,,,,,,,,,cyber-complement-gfp-plus-dependency-order,final-comparison-and-ablation,0f8d662,2d332995-5da0-482e-9d34-18160428df39,82ddc6bcb701372e009e32471d3d97e1913c5201cc586ce3b5ec9da8cfd0d784,915bedc898c4a63fff6d74c9da29c14f21d1a6b0a7877cba4f915509a86b273c,28e3f0e88742b79f23e207717e804594dc9075191db40cb3df24f97fe388f7bf,2026-09-20T12:48:31+00:00,24474375_121,laurel,"gr10497b,gr10609b,gr10672b",p=1:t=14:c=14:m=64000M,1800.0,1800.0,64000
BBM/model_223.bnet,cyber/complement-gfp-plus-dependency-order,timeout,1793.04,1800.01,,,,2565460,,,,,true,false,141,,,,,,,,,,,,,,,,,final-comparison-and-ablation,0f8d662,2d332995-5da0-482e-9d34-18160428df39,82ddc6bcb701372e009e32471d3d97e1913c5201cc586ce3b5ec9da8cfd0d784,915bedc898c4a63fff6d74c9da29c14f21d1a6b0a7877cba4f915509a86b273c,28e3f0e88742b79f23e207717e804594dc9075191db40cb3df24f97fe388f7bf,2026-09-20T12:48:31+00:00,24474375_3,laurel,"gr10497b,gr10609b,gr10672b",p=1:t=14:c=14:m=64000M,1800.0,1800.0,64000
BBM/model_224.bnet,cyber/complement-gfp-plus-dependency-order,timeout,1790.99,1800.01,,,,2073816,,,,,true,false,95,,,,,,,,,,,,,,,,,final-comparison-and-ablation,0f8d662,2d332995-5da0-482e-9d34-18160428df39,82ddc6bcb701372e009e32471d3d97e1913c5201cc586ce3b5ec9da8cfd0d784,915bedc898c4a63fff6d74c9da29c14f21d1a6b0a7877cba4f915509a86b273c,28e3f0e88742b79f23e207717e804594dc9075191db40cb3df24f97fe388f7bf,2026-09-20T12:48:31+00:00,24474375_182,laurel,"gr10497b,gr10609b,gr10672b",p=1:t=14:c=14:m=64000M,1800.0,1800.0,64000
BBM/model_225.bnet,cyber/complement-gfp-plus-dependency-order,timeout,1792.6,1800.01,,,,2292376,,,,,true,false,91,,,,,,,,,,,,,,,,,final-comparison-and-ablation,0f8d662,2d332995-5da0-482e-9d34-18160428df39,82ddc6bcb701372e009e32471d3d97e1913c5201cc586ce3b5ec9da8cfd0d784,915bedc898c4a63fff6d74c9da29c14f21d1a6b0a7877cba4f915509a86b273c,28e3f0e88742b79f23e207717e804594dc9075191db40cb3df24f97fe388f7bf,2026-09-20T12:48:31+00:00,24474375_50,laurel,"gr10497b,gr10609b,gr10672b",p=1:t=14:c=14:m=64000M,1800.0,1800.0,64000
BBM/model_226.bnet,cyber/complement-gfp-plus-dependency-order,completed,9.04105,9.1795,,,,12632,,,,,false,false,75,2147483648,111,46,7583,,75,0,75,0,,,,,,dependency,cyber-complement-gfp-plus-dependency-order,final-comparison-and-ablation,0f8d662,2d332995-5da0-482e-9d34-18160428df39,82ddc6bcb701372e009e32471d3d97e1913c5201cc586ce3b5ec9da8cfd0d784,915bedc898c4a63fff6d74c9da29c14f21d1a6b0a7877cba4f915509a86b273c,28e3f0e88742b79f23e207717e804594dc9075191db40cb3df24f97fe388f7bf,2026-09-20T12:48:31+00:00,24474375_118,laurel,"gr10497b,gr10609b,gr10672b",p=1:t=14:c=14:m=64000M,1800.0,1800.0,64000
BBM/model_227.bnet,cyber/complement-gfp-plus-dependency-order,completed,9.07671,9.21507,,,,12668,,,,,false,false,65,137438953472,140,30,14479,,65,0,65,0,,,,,,dependency,cyber-complement-gfp-plus-dependency-order,final-comparison-and-ablation,0f8d662,2d332995-5da0-482e-9d34-18160428df39,82ddc6bcb701372e009e32471d3d97e1913c5201cc586ce3b5ec9da8cfd0d784,915bedc898c4a63fff6d74c9da29c14f21d1a6b0a7877cba4f915509a86b273c,28e3f0e88742b79f23e207717e804594dc9075191db40cb3df24f97fe388f7bf,2026-09-20T12:48:31+00:00,24474375_103,laurel,"gr10497b,gr10609b,gr10672b",p=1:t=14:c=14:m=64000M,1800.0,1800.0,64000
BBM/model_228.bnet,cyber/complement-gfp-plus-dependency-order,completed,931.427,935.222,,,,236208,,,,,false,false,56,3963952824320,170,269,989589,,56,0,56,0,,,,,,dependency,cyber-complement-gfp-plus-dependency-order,final-comparison-and-ablation,0f8d662,2d332995-5da0-482e-9d34-18160428df39,82ddc6bcb701372e009e32471d3d97e1913c5201cc586ce3b5ec9da8cfd0d784,915bedc898c4a63fff6d74c9da29c14f21d1a6b0a7877cba4f915509a86b273c,28e3f0e88742b79f23e207717e804594dc9075191db40cb3df24f97fe388f7bf,2026-09-20T12:48:31+00:00,24474375_120,laurel,"gr10497b,gr10609b,gr10672b",p=1:t=14:c=14:m=64000M,1800.0,1800.0,64000
BBM/model_230.bnet,cyber/complement-gfp-plus-dependency-order,timeout,1791.86,1800.01,,,,820416,,,,,true,false,55,,,,,,,,,,,,,,,,,final-comparison-and-ablation,0f8d662,2d332995-5da0-482e-9d34-18160428df39,82ddc6bcb701372e009e32471d3d97e1913c5201cc586ce3b5ec9da8cfd0d784,915bedc898c4a63fff6d74c9da29c14f21d1a6b0a7877cba4f915509a86b273c,28e3f0e88742b79f23e207717e804594dc9075191db40cb3df24f97fe388f7bf,2026-09-20T12:48:31+00:00,24474375_167,laurel,"gr10497b,gr10609b,gr10672b",p=1:t=14:c=14:m=64000M,1800.0,1800.0,64000
